"sp","total_hab_raw","fcover_51_raw","fcover_77_raw","fcover_91_raw","fcover_00_raw","tot_change_raw","total_hab","fcover_51","fcover_77","fcover_91","fcover_00","tot_change"
"ACNARB",22240.9843754442,2613.98997921403,5981.5686157532,9657.02796832193,9417.49140900932,6803.50142979529,33838,3943,9067,14707,14326,10383
"ADEPAV",14491.5703662267,2785.84410473582,5132.72894447157,5405.79619025745,5649.59261296131,2863.74850822549,9199,2354,3578,2973,3340,986
"ADERIC",19801.1854815872,2631.76996404114,5446.28293351925,7115.95509717459,7483.80652726327,4852.03656322213,9537,1019,1928,2144,2565,1546
"AIPMIN",24272.481118666,3860.9872490298,7667.56863892823,10195.7839203309,10335.2655928899,6474.27834386006,37211,5927,11764,15608,15827,9900
"ALBLEB",20720.1293187402,2892.66860982217,5755.29472126812,7396.74281261489,7745.18080838956,4852.51219856739,10963,1223,2098,2769,3073,1850
"ALBPRO",24575.9616152495,3834.00586116128,7607.50082880631,10084.092117453,10272.8648573123,6438.85899615102,15447,1862,3110,3841,4298,2436
"ALCLAT",17491.3661732227,3042.79181995243,6380.05169074982,9184.46565379947,8921.25847175717,5878.46665180475,14151,2255,5418,8474,7898,5643
"ALLCRA",22938.7222546041,3839.29960614443,7641.50209438801,10675.5020571947,10732.9450446665,6893.6454385221,22063,4187,8057,11943,12187,8000
"ALLRAC",24410.8776230812,4255.75167827308,8212.04071696103,10756.6461607292,10889.0763811916,6633.32470291853,7543,2517,4004,3367,3790,1273
"ALSBRY",13999.8333937945,1803.87824202236,4436.73889072984,7647.90879837144,7402.14714662172,5598.26890459936,20434,2625,6524,11325,10952,8327
"ALSPOR",21111.1181966607,3284.45433378778,6895.45702156611,10303.57563507,10097.1702847201,6812.71595093235,14627,2001,5151,8951,8411,6410
"AMYELE",15299.5137059093,2977.55112425983,5465.93058475107,6495.93136426061,6767.89292550832,3790.34180124849,9034,2734,4455,3908,4416,1682
"ANAPER",22257.1670824131,2783.20918920357,6149.83514070883,9782.45689251926,9551.39168339781,6768.18249419425,34397,4278,9481,15140,14767,10489
"ANDINE",26492.9784041047,4162.92390403897,8412.61709614098,11129.6607365683,11187.9286421686,7025.00473812968,30931,4756,10124,12498,12682,7926
"ANNGLA",26435.6693843827,4044.40561468899,8117.9769410789,10977.4545110539,11138.0970280543,7093.6914133653,26513,3746,7116,8201,8882,5136
"ANNMON",18630.7340036198,2273.40442506177,4886.75321908668,8482.00632771873,8409.98131644865,6136.57689138688,11322,1280,2556,5168,5275,3995
"ARDELL",18494.0186438523,3417.28171735629,6974.54167677462,9734.82649337128,9736.73264768347,6319.45093032718,27399,5123,10466,14612,14609,9486
"ARDGLA",5592.45347316279,902.46999234461,2256.27255199079,3274.73339498824,2978.20758485161,2075.737592507,5289,894,2355,3043,2688,1794
"ARDOBO",18669.7679391243,3322.57268113643,6307.01640758291,7133.17161966488,7378.61171515658,4056.03903402016,14155,2874,4882,4228,4638,1764
"ARTALT",18263.539021356,3311.56644845195,6845.39639579505,9717.5263008792,9687.20570358448,6375.63925513253,19740,2598,6452,11225,10802,8204
"AVIGER",20231.3740170649,2200.71022761287,4841.54246127838,6891.96458545607,7131.47776296455,4930.76753535168,20584,1553,3650,5279,5601,4048
"BADPEN",5068.14044366344,942.146103178158,1600.22384064986,2048.11622394719,2143.1553191674,1201.00921598924,5238,897,1470,2169,2264,1367
"BIXORE",26687.0213461239,4165.52601780184,8422.01135242358,11641.3086452466,11673.6356749069,7508.10965710506,41381,6460,13071,18074,18116,11656
"BOCFRU",23084.7257399918,3059.2590330122,6743.79097847221,10868.890066308,10731.2581984634,7671.99916545115,18972,2385,5432,10269,10259,7874
"BONUMB",14060.7779524345,2844.59297948889,5396.94925738871,7284.19034691714,7398.14469265938,4553.55171317048,2649,879,1324,1153,1268,389
"BOUSUC",16810.3404146481,2245.52491467796,4711.18847296416,5272.36391348799,5653.39446909812,3407.86955442016,14567,1746,3506,2641,3237,1491
"BOUVIR",11619.3194803172,2185.01071178867,3752.92666182807,3682.84178776573,4044.02004161524,1859.00932982657,12955,2863,4647,3917,4488,1625
"BRUAME",26719.9125801921,4321.13646027446,8577.21366298199,11771.5966849327,11808.0259187818,7486.8894585073,41940,6795,13485,18507,18557,11762
"BRUDEN",13950.399997673,2004.68266123999,4655.01004205272,7845.89654276427,7577.91196050309,5573.2292992631,20415,2941,6876,11678,11260,8319
"BRULAC",10706.2541797645,1572.1536832233,3622.67650467576,6089.85764967417,5801.38860574272,4229.23492251942,6743,1046,2553,3488,2990,1944
"BUCBUC",21632.9475701342,2881.51936360239,6180.70975214359,8101.88869102276,8400.59406005754,5519.07469645515,19376,2001,4755,5407,6056,4055
"BUCTET",13603.2838400248,2616.15417893603,5088.90731215477,7127.06379680894,6881.41558545083,4265.26140651479,9500,2236,4368,6468,5917,3681
"BUNGLA",17902.9899036693,2417.6171917296,4974.23158460064,6454.81633633329,6795.15305679431,4377.53586506471,13347,1430,3039,4053,4550,3120
"BURSIM",17955.0872251205,2650.61935922876,4891.67159302533,5535.37428190932,5957.47904618457,3306.85968695581,18573,3035,5178,4562,5194,2159
"BUXPOR",15713.9407317489,3324.74753225222,6306.99798011407,8288.77366543561,8335.97778995708,5011.23025770485,12272,3385,5725,6266,6520,3135
"BUXVAH",24632.1768761724,3870.98912946507,7698.74153948948,10246.2760501504,10412.0495019071,6541.06037244201,37905,5954,11836,15708,15977,10023
"BYRCRA",21004.7801528275,2108.82495755609,5053.86610590108,8183.09926402569,8179.29678747104,6070.47182991495,21535,1762,4332,6432,6856,5094
"BYRLUC",14945.0062745879,1934.50505576259,4164.57334835641,6271.25497520249,6440.14620688045,4505.64115111786,15275,1742,3773,6128,6464,4722
"BYRSPI",21649.1621718789,2589.13234752556,5902.15451660752,8986.35897908034,8758.18796793791,6169.05562041234,14530,1353,3544,4362,3959,2606
"BYRWAD",7537.96358065796,1560.92089104466,3035.4172509741,4807.12278995523,4532.71217452944,2971.79128348478,7483,1838,3220,5230,4702,2864
"CALANT",18029.8213062165,3021.99815036729,5687.66645795107,6663.06840925105,6767.13016392477,3745.13201355748,18420,3258,6073,6364,6460,3202
"CALKRU",4041.20501761796,952.374277915224,1643.46562582316,2358.96075780204,2213.50926573691,1261.13498782169,3356,1357,2018,2469,2282,925
"CALPAL",11297.1506714851,2133.44220240321,3415.18295111321,2834.07057904359,3240.81367039797,1107.37146799476,17356,3321,5302,4363,5008,1687
"CAPFRO",5229.28411360671,582.972472550808,1284.18916717909,1670.0005586413,1807.89185856832,1224.91938601751,3412,241,464,311,475,234
"CASACU",20672.4057351819,2422.71473811986,5239.80802995048,7068.78005412256,7334.87067857757,4912.15594045771,21999,1741,4081,5599,5962,4221
"CASARB",17842.8908391986,2792.47698969115,5833.20253978856,9262.41726608202,8813.25639184564,6020.7794021545,13856,2405,5180,8507,7846,5441
"CASDEC",27179.5140800178,4269.45693305135,8676.44681605697,11544.250382185,11595.7065158784,7326.24958282709,22008,3057,7124,7664,7624,4567
"CASELA",26834.5731739346,4116.48536449112,8334.50957189873,11717.9037341531,11803.6861400511,7687.20077555999,28108,4210,8445,13225,13524,9314
"CASEQU",6895.108232397,755.203862633323,1133.91677132086,943.773669345654,1089.95458294044,334.750720307115,10372,1139,1712,1429,1659,520
"CASGUI",19547.1237609342,2937.23751275521,6234.38707810803,7458.65159874549,7487.63016712246,4550.39265436726,23935,3691,7956,8917,8942,5251
"CASSYL",25606.3706267616,4117.83832668234,8395.64252173621,12298.0825501699,12137.8555311942,8020.01720451191,30173,5096,10110,14496,14324,9228
"CECSCH",21513.518709911,3751.7886496447,7607.39333859086,10496.3558132257,10305.3482579924,6553.55960834771,14031,2456,5715,8314,7615,5159
"CEIPEN",25636.9926519394,3887.11535722017,7682.31490340829,10260.2303665876,10488.2053893209,6601.09003210068,15030,1729,3022,3843,4267,2538
"CELTRI",11972.3008269379,2286.55352477869,4499.70366665861,5674.46333675878,5907.96433608234,3621.41081130365,3787,736,1281,1049,1237,501
"CESCIT",26065.6160635948,4267.47906458378,8490.95167839527,11713.4517672062,11733.4596161246,7465.98055154085,32128,5991,12187,17511,17339,11348
"CESMAC",19256.4110000208,3538.18670749292,6738.0005055964,9830.67406280339,9542.99595971033,6004.80925221741,11342,2661,4710,8006,7314,4653
"CHICOM",17679.7660608217,2945.23716003867,5861.22095434042,6761.63199815899,6803.23952783877,3858.0023678001,9115,1589,2931,2915,2798,1209
"CHIDOM",20788.5803611875,3763.64027565718,7288.95153489709,9833.30026011169,9809.50813174248,6045.8678560853,19240,4373,8391,11047,10772,6399
"CHIHOL",6859.26923179906,1772.08360215533,3023.16477126861,3408.8732511031,3550.02425467479,1777.94065251946,2266,664,1082,888,1012,348
"CHIVEN",24815.09669213,4102.23005081713,8229.78086182475,10854.9458270669,10818.9190355986,6716.6889847815,19262,3173,6515,7078,6903,3730
"CHRARG",21603.8844464177,3820.22475388064,7401.91283419821,9883.46992267761,9810.8210645318,5990.59631065116,19727,3793,7082,8275,8104,4311
"CHRICA",23690.9546529949,2861.12666001171,6175.69983772933,8698.95688585937,8866.28534737974,6005.15868736804,21480,1683,4016,6026,6285,4602
"CHROLI",16762.4329680069,2314.89972469879,4417.92638850043,5424.57650563219,5810.1425277928,3495.24280309401,11822,1317,2182,2985,3264,1947
"CHRPAU",24537.8003286379,3496.66618344514,7223.07305598212,10156.71737799,10238.9717007051,6742.30551725999,24543,2638,5983,9836,9797,7159
"CINELO",26503.989293078,3800.28554468788,7989.65560235456,11649.4706803467,11564.4990586396,7764.21351395175,33838,3943,9067,14707,14326,10383
"CINMON",18709.3814582527,3592.92654819787,7164.54436914623,9909.75420507789,9917.34034265578,6324.41379445791,27958,5458,10880,15045,15050,9592
"CITCAU",7158.9213075015,1474.67030140036,2951.20964748552,4424.8276038575,4122.18073117157,2647.51042977121,7088,1804,3349,4664,4217,2413
"CITSPI",27738.6517069936,4275.32816511393,8787.08635291457,11798.300411284,11860.5110002458,7585.18283513188,28778,4110,9284,11350,11472,7362
"CLIEGG",15094.5287778638,2519.22458520066,5483.10230441298,8479.37443819735,8268.79290480586,5749.5683196052,10493,1940,4351,7149,6644,4704
"CLIERO",4333.39193117846,1072.30197806939,1896.86435001704,2946.5567641485,2754.96535147671,1682.66337340733,1529,903,1119,1328,1265,362
"CLIHIR",26956.4987639487,3758.04661759734,7922.52098876238,11706.0115364492,11615.1404133439,7857.09379574656,34416,3962,9129,14787,14459,10497
"CLUCLU",14903.7931927815,2169.20603352319,4999.09055394493,8572.34850235563,8198.26559923496,6029.05956571177,4965,1075,1951,3135,2965,1890
"CLUGUN",15919.1276939753,2951.74481894355,6013.70319851674,9131.7028718926,8869.61603661347,5917.87121766992,10347,2233,4460,7228,6680,4447
"CLUMIN",27075.6195043921,4331.92212694883,8587.98978793621,11775.1415994167,11843.410618782,7511.48849183321,42833,6853,13586,18628,18736,11883
"CLUROS",26965.1457098424,4253.74958080053,8489.35130476952,11347.5372743011,11457.5324236453,7203.78284284472,13640,2109,4018,3495,3759,1650
"COCCOS",11221.4401737894,2597.98233982548,4615.91077328427,4956.03148812475,5191.77679885831,2593.79445903283,9683,2481,4423,4496,4759,2278
"COCDIV",15253.7075442523,2935.84198362194,5048.05021416955,5171.04601159878,5594.93447723426,2659.09249361232,17817,3328,5324,4433,5106,1778
"COCKRU",1899.35904748568,358.81232791856,544.895779915918,402.473426577323,483.248780108881,124.436452190321,2994,551,837,591,732,181
"COCMIC",17894.6353577152,2941.98128117993,5458.50168696791,7033.26095014066,7349.41751876473,4407.4362375848,8263,1474,2561,2554,2851,1377
"COCPUB",13774.8298894335,2999.30686000129,5520.94393754099,7008.14615591243,7182.79901310289,4183.4921531016,4546,1590,2551,2280,2576,986
"COCPYR",20623.8676535562,3611.39822500944,7082.29710386693,9950.30815792084,9802.85773392022,6191.45950891078,17342,3949,7352,10172,9674,5725
"COCRUG",15708.4696389809,2039.89433884528,5081.24391028192,8841.11073913937,8448.29819935374,6408.40386050846,11005,1367,3900,5385,4887,3520
"COCSIN",13532.5113136768,2372.46777677536,4409.19503855705,5668.75164330006,5765.36108231544,3392.89330554008,559,335,414,433,441,106
"COCSWA",16274.128225781,2901.87204588205,5829.44066044688,8484.14905422926,8271.77226749808,5369.90022161603,12038,2304,5006,8126,7666,5362
"COCUVI",24412.3349382691,3881.99097276106,7710.3116222024,10258.2273759432,10397.6706283055,6515.67965554446,37211,5927,11764,15608,15827,9900
"COCVEN",15383.2812792056,2356.42638151947,4726.6539345386,5281.62904600461,5608.41837817803,3251.99199665856,20754,3381,6358,6152,6758,3377
"COFARA",25863.7726786584,4201.98675056547,8463.955200091,11958.1509865597,11886.2577479705,7684.27099740505,23398,3407,7904,13552,12972,9565
"COJARB",19067.0596484728,3430.24660081603,6104.82471712865,6940.64008141682,7275.38452028297,3845.13791946694,17914,3656,5716,4796,5449,1793
"COLARB",19873.9327788986,3443.00985902362,6401.17469095811,7827.91870126873,8162.44725999422,4719.43740097061,12921,2864,4602,3868,4464,1600
"COLELL",4356.25555905331,576.55361409526,1069.18636547983,865.81938608576,1073.66022843599,497.106614340727,3888,561,885,551,725,164
"COLVER",14413.6187154513,2376.04806741979,4959.4628963971,7690.68189546955,7740.74754785025,5364.69948043046,5030,753,1661,1648,1967,1214
"COMDOD",10741.8683592044,1556.41821939126,3145.59738064092,3755.48240265064,4021.24003057182,2464.82181118056,7766,1143,2230,2554,2779,1636
"COMGLA",24755.8009038568,4192.83537530154,8284.86397776008,10781.4072370753,10796.5043833479,6603.66900804639,15209,3244,5968,5962,5944,2700
"CONERE",18010.115175847,2599.01337462617,5138.66333733685,6553.46421423089,6844.00309570786,4244.98972108169,27098,3844,7711,8966,9778,5934
"CORALL",27075.6195043921,4331.92212694883,8587.98978793621,11775.1415994167,11843.410618782,7511.48849183321,42833,6853,13586,18628,18736,11883
"CORBOR",18554.5704939235,3099.65046337619,6566.0015048869,9894.38826238364,9554.59515605494,6454.94469267875,13893,2606,5668,9487,8824,6218
"CORCOL",17612.3768781863,1875.9004950571,4646.39252879138,7386.1346740986,7553.06625474583,5677.16575968874,22735,1887,5355,9018,9202,7315
"CORHIR",17385.5388584531,2237.77914336423,4562.37281894806,5796.70077546086,6148.21588064876,3910.43673728453,24479,2681,5922,7943,8581,5900
"CORLAE",27317.3544141948,4145.90262237936,8252.13603823632,11118.2907001451,11259.667094633,7113.76447225362,31943,4377,9079,11447,12091,7714
"COROBO",24273.3607904874,3861.13699470833,7667.86081792414,10196.1980156638,10335.6761742495,6474.53917954117,37211,5927,11764,15608,15827,9900
"CORRIC",19017.5660617153,2554.25262798675,5185.15877008349,6669.05613523947,7049.61293682006,4495.3603088333,17799,2003,3939,4952,5522,3519
"CORSUL",22261.9964008443,3374.3376772888,7036.69253742509,9965.78977599367,9817.95502696931,6443.61734968051,21285,2795,6522,9499,9068,6273
"CRECUJ",21465.4555234332,3022.79703162797,6038.93659155816,7812.00365373679,8148.18962726183,5125.39259563386,11757,1326,2284,2982,3304,1978
"CRELIN",7669.85509319267,921.274334452658,1703.25474457201,1686.06633525418,1914.91652291725,993.642188464592,7629,855,1568,1549,1810,955
"CREPOR",16193.1186418496,2088.91660649702,4420.53820472956,6716.15943579003,6633.31276401132,4544.3961575143,10487,1147,1722,1449,1676,529
"CRIPOR",24238.7545570135,4043.62002929673,7898.70842349157,10483.9955716394,10616.7514215745,6573.13139227778,27628,5188,10583,14730,14747,9559
"CROAST",6014.57687654826,626.891567754551,1785.02802030282,2463.57676287619,2628.35190137632,2001.46033362177,1991,144,482,368,537,393
"CROBET",17142.6013789418,2395.66829106899,4679.10455439554,5759.21563012607,6164.5964168486,3768.92812577961,12616,1407,2575,3277,3696,2289
"CRODIS",10342.0076071867,1392.84888715902,2778.61526503065,3633.04353667446,3883.83203812037,2490.98315096134,5124,711,1235,907,1135,424
"CROFLA",12245.9487648598,1776.93230459087,3652.94006504255,4194.82872612988,4537.07434181464,2760.14203722377,10877,1421,3063,2518,3145,1724
"CROGLA",7821.06590808532,1439.11023569782,2312.901468453,1914.80492386129,2229.50012495741,790.38988925959,4817,740,1218,811,1050,310
"CROIMP",8686.88708115387,1172.94926272877,2535.34092726876,5182.66444121042,5143.38136395003,3970.43210122126,6212,749,1590,3279,3421,2672
"CROPOE",13223.7405091561,2346.65136492811,4865.87317810208,7397.23147545662,7174.53120953962,4827.87984461151,925,592,791,854,809,217
"CRORHA",14730.1378088596,2050.81171528243,4076.379796832,5215.22600696042,5571.99776387501,3521.18604859258,11125,1130,2353,3160,3597,2467
"CSSGUI",18462.8986702356,3589.93733339943,7143.33381517418,10258.1839312166,10076.8395128511,6486.90217945166,18270,3735,7696,11733,11142,7407
"CUPAME",25378.3359496798,3802.91621412151,7930.18225988187,10463.8018777501,10540.061784761,6737.14557063952,30856,4382,9702,12807,12924,8542
"CYAARB",10804.4540770808,1586.26391891008,4038.03605666121,6017.17225255178,5573.43098846724,3987.16706955715,12695,1792,4984,6509,5990,4198
"CYABOR",21069.5514786392,3880.88802596927,7884.05956446379,11296.275890097,11199.0673142895,7318.17928832024,32128,5991,12187,17511,17339,11348
"CYNFLE",18595.7529574616,2659.80459819663,5182.32829306995,6340.37969749536,6729.0396189161,4069.23502071947,10480,1213,2007,1981,2320,1107
"CYNHAS",12249.1463597304,1481.92979522273,3224.27713764198,3981.62403024933,4361.32263858505,2879.39284336232,7390,854,1849,1388,1844,990
"CYNPOR",18692.5768713573,2817.18775513436,5361.97436594742,6189.87285469845,6575.3165786803,3758.12882354594,13634,2208,3479,2709,3258,1050
"CYRRAC",9303.40846351907,2019.45192004088,3803.80924968608,5689.43204344716,5454.67814955395,3435.22622951306,5615,2015,2971,4111,3791,1776
"DACEXC",14229.2474240236,2132.0248213138,5038.00370305887,7835.64646718436,7461.63459758874,5329.60977627494,18242,2677,6439,10586,9908,7231
"DAPAME",17424.3047083337,2387.69565142225,5308.39166764123,8759.78646839969,8412.12425563391,6024.42860421166,6036,1302,2480,4283,3893,2591
"DAPHEL",17858.9069262389,3154.05940541765,5804.4044998372,6352.13517737482,6604.30088928156,3450.24148386391,9985,2053,3158,2509,2876,823
"DAPPHI",9867.53173370927,2074.55240127374,3992.35745921137,6486.99772179849,6077.12316817942,4002.57076690567,8994,2085,3785,6391,5812,3727
"DELREG",19842.7157647824,2323.52301578736,5075.81524257641,7839.46538491827,7796.70933610247,5473.18632031512,11378,930,1550,2564,2810,1880
"DENARB",19110.6125627505,3660.34134417679,7065.7712292755,9930.80015881546,9692.44535630662,6032.10401212983,18034,4036,7540,10001,9611,5575
"DENLAU",16285.4532386474,2218.75816544797,4924.4340414349,7922.90242802305,7687.3187172194,5468.56055177143,12811,1907,4704,7607,7231,5324
"DIOSIN",12306.3580345847,2755.33469060529,4748.78342596628,5070.72827871423,5315.84578693379,2560.5110963285,4584,1825,2677,2330,2610,785
"DITMYR",5479.87417901841,927.156144915622,1937.07831859642,2485.47951726423,2283.30448546086,1356.14834054524,2485,800,1407,1832,1557,757
"DRYALB",25804.8171283603,4287.12445116043,8329.25932812691,11080.3894329667,11185.5093729496,6898.38492178917,18030,3664,5726,4816,5466,1802
"DRYGLA",14436.3691355232,2729.30728404224,5517.74192845449,8322.02899695188,8034.73778691329,5305.43050287105,13226,2498,5458,9081,8374,5876
"DRYILI",11878.971963339,2259.71862377413,3627.93979038158,3060.09967009118,3482.75898269471,1223.04035892058,12126,2561,4036,3320,3754,1193
"ELAXYL",19528.3001832757,2972.33607729882,5700.23067866664,6947.07998253903,7303.25564474167,4330.91956744285,15692,2168,3774,3601,4031,1863
"ERIFRU",14900.846348688,2240.96965451492,4150.720519586,4655.50258074701,4996.03983006068,2755.07017554576,14489,2090,3413,2764,3211,1121
"ERYARE",5399.46239849506,707.094227530315,1341.14493458984,1222.47853719347,1470.24067302761,763.146445497291,5287,703,1186,756,1013,310
"ERYBER",19525.1339699463,2427.66844149446,5294.76643480361,8199.03854114423,8075.09146091621,5647.42301942175,30111,3737,8164,12654,12461,8724
"ERYBRE",22197.8351173755,2918.71222454123,6037.28089236282,7558.75750537775,7863.24987195246,4944.53764741123,17380,1959,3843,3065,3587,1628
"ERYPOE",25132.1565770879,4045.49753548577,7964.78356229141,10647.3948905692,10771.8604135327,6726.36287804693,29668,3410,7760,12241,12037,8627
"ERYROT",18934.1460522701,2490.64837773156,5078.32477151637,6231.32281535387,6627.92905114067,4137.28067340911,15001,1596,2957,3172,3646,2050
"ERYRUF",24226.2774057202,4017.86392058991,7798.66059229709,10247.4965541922,10399.4904805999,6381.62656001002,18030,3664,5726,4816,5466,1802
"ERYURB",19140.4553636536,3371.10968501493,6191.23943867907,7529.16342730075,7766.25378558412,4395.14410056919,18030,3664,5726,4816,5466,1802
"EUGAXI",21945.3727857592,3162.20742660854,6282.07047185581,8000.21958990302,8322.18043238949,5159.97300578095,13563,1890,3248,2831,3308,1418
"EUGBIF",22513.7963992069,2929.21029697824,6378.50800165255,7985.37994026858,8184.57466392685,5255.3643669486,19629,2118,5000,5362,5627,3509
"EUGBOR",2917.48693208666,687.75278525007,1337.76956125446,1685.5536127028,1541.1844454902,853.43166024013,5906,1219,2788,3382,2939,1720
"EUGCON",7185.96276060678,1588.77600566018,2924.69416287076,3790.15890367515,3842.01919870172,2253.24319304153,559,335,414,433,441,106
"EUGCOR",16433.4894311298,2035.56286343886,5121.9573332509,8999.25419765944,8716.20638181642,6680.64351837756,13645,1381,3834,8097,8087,6706
"EUGDOM",26396.2785375267,4137.31614718586,8428.9899507314,11518.3857620433,11459.0196023956,7321.70345520973,23019,3410,7709,9010,8853,5443
"EUGEGG",19078.9241445633,2478.05716755707,5587.67816886585,9096.66692360211,8790.60595236626,6312.54878480919,9396,1987,3986,6506,5963,3976
"EUGFOE",10548.1593574949,1960.44018768775,3129.68695444684,2585.11040585022,2975.93529619533,1015.49510850757,17515,3337,5321,4388,5033,1696
"EUGLIG",13518.4724997489,1879.64358994166,3706.69393863463,3907.2709274628,4269.25383474475,2389.61024480309,14019,2020,3523,2733,3269,1249
"EUGMON",27182.9223017991,4314.77088183165,8617.704544276,11733.377872467,11848.1233508289,7533.35246899724,35099,5177,10568,14671,14991,9814
"EUGPAD",8080.99154931307,1967.62962127477,3477.38317387551,4219.19576764107,4303.29712573439,2335.66750445962,8218,2860,4428,3820,4248,1388
"EUGPSE",17006.5047854949,2688.73870491999,5338.53769052293,5884.64219936315,6068.36896636826,3379.63026144827,19201,2936,6117,6214,6351,3415
"EUGRHO",14751.4324275227,2303.14868284669,4533.57864745706,5661.75993682817,5976.45021240134,3673.30152955465,9712,1064,2482,2274,2839,1775
"EUGSTA",10363.8760285256,2159.47416193876,4204.52149129193,6547.40479954612,6181.74543991452,4022.27127797576,8154,1991,3535,5804,5238,3247
"EUGSTE",16698.9630999649,2182.44682905264,5359.17994361185,9377.89166636392,9021.95408935379,6839.50726030115,19603,2407,6171,11372,11050,8643
"EUGWOO",5425.48867427378,953.245838213315,1889.04090480278,2400.59703252253,2531.81860981091,1578.5727715976,2773,561,896,681,834,273
"EUPPET",13966.9728645832,1733.76197797063,3626.05020435751,4633.48397943031,4969.3735230818,3235.61154511117,3473,471,720,405,573,102
"EXOCAR",15758.5671302434,2321.46051958762,4568.57275084313,5586.14176639356,5936.31328655872,3614.8527669711,11130,1288,2909,2657,3271,1983
"EXOPAN",21725.6499770284,3757.95115949772,7091.44672349468,8675.28997725621,8884.13424285501,5126.18308335729,8838,2304,3570,2969,3334,1030
"FAROCC",24970.6375501528,3905.58993526921,8020.23125628382,11162.8725152239,11054.8961113095,7149.30617604032,22432,3511,7530,8247,8207,4696
"FICAME",19192.2082115095,3484.21345290914,7185.31683732849,9781.37778986432,9541.33252716251,6057.11907425337,13597,2441,5758,7345,6920,4479
"FICCIT",25369.2729905359,3988.65622602031,8021.18322948739,10755.6064885743,10944.6095206477,6955.95329462737,9916,2678,4311,3524,4053,1375
"FICCRA",24412.3460396603,3881.99018613249,7710.31217338145,10258.2393598482,10397.6810007617,6515.6908146292,37211,5927,11764,15608,15827,9900
"FICTRI",20267.1908804309,3373.39295259863,6786.67324958462,9717.69842565525,9491.54799285531,6118.15504025668,9812,1513,3416,5003,4735,3222
"FORSEG",7344.6618260406,1116.75471531926,2041.64109395025,1988.42285548849,2256.35049379803,1139.59577847878,3180,502,751,462,626,124
"GARHES",4972.51169306552,1064.87066095228,1975.07191712868,2451.4383408054,2499.10970156232,1434.23904061004,3778,579,1271,1947,1925,1346
"GARPOR",18852.259604861,2949.93060835358,6516.60515984707,10061.5629700134,9877.20012527425,6927.26951692067,8526,1012,3038,3949,3586,2574
"GAUATT",21971.0323478081,2834.97994978586,5804.1434786031,7919.83278783271,8139.67458664766,5304.69463686179,12362,936,1594,2444,2697,1761
"GENAME",17876.0916563553,2160.25889619277,5047.57590342721,6760.97291984851,6585.71184852114,4425.45295232837,20658,2273,6011,7635,7380,5107
"GESPED",20602.8842914892,3471.57459050322,6919.54274322808,10665.7249501435,10584.742087729,7113.16749722575,17204,3272,5986,9898,9860,6588
"GOEELE",4396.78931983115,778.438473907614,1807.39232704491,1858.02538202043,1832.37899079628,1053.94051688867,8841,1600,3805,3958,3905,2305
"GOMLIN",15670.9078768804,2129.28233672958,5119.74057515385,8883.77170704491,8539.02219473384,6409.73985800426,9279,1515,3657,6151,5723,4208
"GONHIR",22707.70654542,4057.12268254533,7942.11378740892,11274.3614154533,11108.1030284055,7050.98034586012,25226,5049,9761,15183,14536,9487
"GONPOR",17151.2408835988,2153.95966807543,4877.17695613136,7353.40470178146,7072.79337900458,4918.83371092915,807,559,689,750,710,151
"GOSHIR",10310.1100848649,1163.00627054821,2285.92341111624,2909.52095656772,3133.11783532449,1970.11156477628,14807,1402,2614,3477,3885,2483
"GUABLA",25152.328374058,4127.11579973996,8242.40020655096,11705.7141487151,11649.584238559,7522.46843881905,7237,1774,3087,5221,4892,3118
"GUACAR",19055.4332496272,3470.67259695008,7253.20806349814,10082.0485244105,9934.32534758653,6463.65275063645,17346,3511,7510,8615,8431,4920
"GUAFRA",26473.3978810757,4066.53628614545,8383.2602866888,11019.6635807604,11085.9095324874,7019.37324634194,18605,2512,5488,5789,5797,3285
"GUAGLA",14419.1984659433,2800.21158752032,5596.56207087636,8387.86510105059,8120.73940830119,5320.52782078087,9565,2064,4081,6668,6116,4052
"GUAGUI",22178.8635840751,3730.05038575456,7902.11380003393,11283.579461012,11152.7658888772,7422.71550312266,27078,4645,10000,14703,14441,9796
"GUAOBT",9837.80785911344,2315.66246211436,3635.10019642115,3153.93744281447,3533.09371131007,1217.43124919571,8102,2852,4418,3800,4231,1379
"GUAOFF",5981.22509257145,734.962935633614,1540.26608371769,1411.01524358007,1665.70149537126,930.73855973765,8512,981,2167,1649,2116,1135
"GUASAN",2840.65535061021,484.042160364203,869.8028390986,658.405197696338,797.571708932301,313.529548568098,1412,388,561,390,453,65
"GUAULM",22685.8546974659,2998.75030337274,6566.4105591625,9654.60065317154,9775.40082378685,6776.65052041411,16243,1725,4340,7262,7533,5808
"GUEELL",4405.97892581125,636.682984999286,1244.08735792509,1110.28748263805,1311.08030411952,674.397319120236,6834,868,1858,1327,1711,843
"GUEKRU",13503.1812168919,2095.8055287404,4010.18705353141,4549.98464714456,4845.78499902971,2749.97947028931,4307,628,1012,652,845,217
"GUEOVA",23655.6830030829,4036.67954748124,7982.44778758287,10925.5946567804,10951.623572357,6914.94402487576,20701,4132,8432,11280,11311,7179
"GUEPUN",15679.9927218817,2972.62989192829,5953.27374090441,8479.07245845906,8413.75231753476,5441.12242560647,559,335,414,433,441,106
"GUESCA",15596.3511568873,2661.74659898799,4889.73589712996,5582.47818067906,5870.30755769931,3208.56095871131,12706,2621,4252,3757,4159,1538
"GUEVAL",17376.5412723627,2808.33044360578,6182.53925328329,9411.17833378725,9242.26364325359,6433.93319964781,12787,1785,4813,7084,6721,4936
"GYMLAT",15940.8734336048,2866.71780578792,4857.9013472423,4928.53324707225,5371.03872052208,2504.32091473415,17622,3276,5269,4317,5010,1734
"GYMLUC",18363.2265065189,2844.1705671014,5812.45235460661,6900.6478131021,7245.70426660221,4401.53369950081,7659,1736,3030,2255,2664,928
"HAESAL",4079.88127165689,1033.47583424195,1854.23625742417,2658.21805135015,2473.86999066279,1440.39415642084,10791,2133,4638,7338,6664,4531
"HAMAXI",26837.6363417953,4353.54193421453,8584.80784869194,11641.9879536927,11705.8822159022,7352.34028168768,21641,3862,6619,6849,7314,3452
"HAMPAT",25610.3876496255,4290.20999002457,8598.45468404889,11935.6533792913,11963.5370825529,7673.32709252834,24995,4330,9080,13393,13535,9205
"HEDARB",3249.89066491797,749.473672648264,1477.44109657082,1895.68050226963,1727.6560548168,978.18238216854,3434,996,1823,2285,1980,984
"HELJAM",17227.8295679137,2467.79350197106,4684.52492089267,5578.16153277154,5971.74674065667,3503.95323868562,16646,2385,4032,4006,4547,2162
"HENFAS",17843.3717901362,2583.2559189098,6023.52231496014,9973.32999999169,9647.68277851585,7064.42685960606,23910,3131,7759,13691,13091,9960
"HENSQU",8474.52548057726,1612.97385489522,3265.77766099526,5296.71801502397,4988.15317651397,3375.17932161875,4865,1571,2389,3539,3216,1645
"HIBELA",22256.0556992954,2783.00073198695,6149.44529089704,9781.9747785693,9550.8957293015,6767.89499731455,34397,4278,9481,15140,14767,10489
"HIBTIL",17856.1763633443,3325.7541729901,6793.15653663967,9481.8140350068,9482.09968229011,6156.34550930001,27283,5115,10456,14592,14592,9477
"HIECLU",26685.0783749223,4309.04300430417,8576.9120157063,11748.0924952477,11802.5142390952,7493.47123479098,26388,4884,9920,13862,13979,9095
"HIPMAN",17525.3817952294,3075.12531578261,6320.29721032735,8920.84801709093,8921.16480632499,5846.03949054237,10697,1668,3188,4179,4497,2829
"HIRRUG",13673.6472985226,2281.05298634083,5087.48067522619,7962.45515239326,7548.34724756511,5267.29426122428,10273,1897,4469,6173,5599,3702
"HOMRAC",18925.6427748865,3028.79742337763,6483.70521378983,9474.98214118276,9217.02148793545,6188.22406455781,8115,1296,3455,4229,3823,2527
"HURCRE",19844.8410290927,2301.9664783217,5216.80515392497,8204.58996643871,8072.57837499678,5770.61189667508,29668,3410,7760,12241,12037,8627
"HYMCOU",25839.5480449945,3363.095075652,7230.86459966004,10754.1564356834,10761.4515709132,7398.35649526119,18762,1463,3763,6011,6370,4907
"HYPTRI",2956.35122811221,636.85927989503,1124.0613271212,1226.8455825504,1324.1348847106,687.275604815572,1452,430,649,467,540,110
"ILENIT",22553.8800942935,3812.60728797317,7386.95071760938,10869.0770646781,10819.1413052864,7006.53401731327,15013,3088,5110,9738,9393,6305
"ILESID",13415.1646375991,1988.5105300704,4477.30377450492,7554.48780790437,7260.46830099821,5271.95777092781,466,327,388,431,399,72
"ILEURB",12908.9382443074,2597.0716390973,5069.52145942952,6951.34210579284,6958.52790952567,4361.45627042837,559,335,414,433,441,106
"INDSUF",25102.8975310028,3576.18789432943,7069.90185602009,9382.22754006088,9628.71153181791,6052.52363748848,15628,1573,2679,3133,3514,1941
"INGLAU",21935.4832327068,3442.74121691287,7215.06546190381,10430.7490306646,10227.4009697586,6784.65975284576,7523,1302,3341,4190,3752,2450
"INGVER",24882.3418682069,3794.41210211068,7985.98531413078,11728.437345624,11622.8101444691,7828.39804235846,19740,2598,6452,11225,10802,8204
"IXOFER",24077.635430757,4134.75773292035,8035.79409403726,11164.9192717224,11031.2114423215,6896.45370940119,14622,3246,5884,6610,6526,3280
"JACARB",11066.3515131134,1377.00075622229,2728.39925458608,3333.08932351274,3557.23038425436,2180.22962803207,5097,566,993,565,836,270
"JACBER",7670.5386570351,1420.94749179867,2457.77205769031,2773.50384660426,3010.65428539191,1589.70679359324,5238,779,1397,1133,1364,585
"JATGOS",15862.4692217052,1837.98444692179,3656.39162008854,4613.5521999519,4977.60035755049,3139.61591062869,14469,1399,2446,2969,3382,1983
"JATHER",26082.5225303359,3978.51634228788,7922.03815207817,10498.1649136934,10663.2312020436,6684.71485975571,25652,3805,6855,7646,8317,4512
"KOAPOL",22350.3440907374,2798.26611596346,6178.93500861526,9820.05368831009,9590.4081710875,6792.14205512404,34397,4278,9481,15140,14767,10489
"KRUFER",15985.0798788925,2119.92862274521,4336.98398470553,5463.88744039647,5806.88368024956,3686.95505750435,19865,2551,4865,5604,6310,3759
"LAGRAC",17467.749996555,1882.17252367485,4021.79410651996,5176.46223110153,5394.31293462974,3512.14041095489,12644,890,1807,1981,2137,1247
"LANCAM",27855.9066362381,4311.79730919003,8655.55307263136,11831.4643067122,11942.9526087046,7631.15529951453,29133,3764,7769,11177,11413,7649
"LANINV",21307.5191411525,2897.32729303464,5971.46315572411,7869.40336359292,8212.61663421243,5315.28934117779,18552,1914,4075,5205,5820,3906
"LEULEU",23104.537860468,3742.19717769697,7119.89436353743,8923.07017140463,9234.830292698,5492.63311500102,23369,3968,6483,6824,7580,3612
"LICBRI",13927.4394619912,2823.92645443976,5452.33980273455,7440.86080245674,7431.38495545834,4607.45850101858,559,335,414,433,441,106
"LICPAR",24396.6493302733,3504.38951747119,7020.9475658536,9389.11225374043,9648.83015653491,6144.44063906372,21833,3082,5802,7001,7516,4434
"LONGLA",15771.0876819608,3131.33160651522,5600.19655028312,6559.66630813479,6796.26288347319,3664.93127695797,12937,2715,4354,3800,4272,1557
"LONHEP",18709.484485358,3592.9313172102,7164.55443717539,9909.76865366101,9917.35591752827,6324.42460031807,27958,5458,10880,15045,15050,9592
"LONSER",11856.9449942335,2394.60327554867,3764.54217649624,3220.2578324154,3638.12820564583,1243.52493009716,17914,3656,5716,4796,5449,1793
"LYOSTA",9530.74784211101,1292.96042783788,2906.78366757309,4667.03987825647,4482.89882561253,3189.93839777465,14802,1888,4862,7754,7546,5658
"MACLUN",17210.6854067676,1598.13309307233,3586.23669617437,5692.08328114345,5691.10785545799,4092.97476238565,15979,1126,2313,3540,3633,2507
"MACPOR",7700.04782565695,1213.15326062811,2644.79258953733,3433.95867812238,3614.79207495204,2401.63881432393,4748,818,1669,1445,1695,877
"MAGPOR",8910.77241140301,2015.59970812174,3755.62549602124,5787.60011597187,5492.46667981707,3476.86697169533,10341,2319,4464,7262,6768,4449
"MAGSPL",16044.6574048856,2102.00114183407,5168.40473749116,9064.48274430353,8678.03303700313,6576.03189516906,23910,3131,7759,13691,13091,9960
"MALCOC",26287.8119447604,3939.67968124151,7807.44721222296,10419.0019358285,10583.3499270342,6643.67024579272,26166,3724,6967,7917,8582,4858
"MALFUC",20901.0619407669,3712.42891648412,7709.36005081981,11150.4709786549,11045.1776120216,7332.74869553745,31569,5656,11773,17078,16898,11242
"MAMAME",25706.9073976465,3945.98339029215,8333.50372593291,11680.9698222075,11645.5183208957,7699.53493060358,22415,3401,7747,11302,11268,7867
"MANBID",15807.6658310113,2499.35838966537,4925.88060705364,6207.06962111173,6199.46677655936,3700.10838689399,8879,1088,2194,2151,2092,1004
"MANIND",22494.018810261,3298.50897031464,6968.72860028781,10294.7278287522,10209.7991403546,6911.29017003998,19740,2598,6452,11225,10802,8204
"MANPLE",12231.6296277195,2400.03682059795,3792.55017995089,3270.97179834545,3716.60489622504,1316.56807562709,18608,3683,5788,4896,5599,1916
"MARMIC",26525.9230601806,4140.62105707265,8374.12848493829,11576.7741489541,11606.8763495814,7466.25529250875,41381,6460,13071,18074,18116,11656
"MARNOB",26920.2762020826,4286.30627828836,8542.43637615442,11699.7443488836,11744.261721909,7457.95544362068,9484,1268,2792,3115,2829,1561
"MATDOM",11325.3988200529,1996.97691365099,4259.53277067863,7062.75845076097,6642.05882937065,4645.08191571967,8276,1961,3552,5801,5263,3302
"MAYELO",26681.5939442515,4316.86046442389,8568.31122851372,11759.3520342112,11794.6235134006,7477.76304897666,41940,6795,13485,18507,18557,11762
"MAYLAE",15804.8648363427,2364.39900277462,4796.1475669822,5328.44668112253,5501.80720403185,3137.40820125723,13498,1993,4073,3738,3918,1925
"MAYPON",8656.70044338331,2242.07465843298,3799.73672194779,4147.09837133717,4354.07781481184,2112.00315637887,8796,2879,4490,3900,4381,1502
"MECLAT",8342.79438811028,1706.63277790055,3343.60522185051,5558.18874903856,5163.9666886573,3457.33391075674,8012,1907,3413,5737,5173,3266
"MELAZE",24524.8351771049,3853.76931176707,7663.79249020666,10194.1304378696,10360.9372577555,6507.16794598848,37905,5954,11836,15708,15977,10023
"MELBIJ",21760.5241417456,3021.76641670987,6055.0640332792,7844.08847492374,8201.14786790498,5179.38145119511,18903,2436,4271,5052,5607,3171
"MELHER",22350.3483397188,2798.27937447187,6178.94860459492,9820.04251557309,9590.40606188215,6792.12668741029,34397,4278,9481,15140,14767,10489
"MELOBT",16126.0326598855,2278.47799775656,5343.87159918249,9187.78039164562,8812.5800007116,6534.10200295504,24469,3466,8173,14124,13532,10066
"MELTOM",5364.78247781308,559.102050808437,1250.59770001903,989.280029272828,1272.97863838075,713.876587572317,7490,866,1817,1232,1692,826
"MICCAL",18058.9609047559,3145.70946597616,6749.51565852837,10462.1746008664,10213.7682578185,7068.05879184231,14095,2448,5489,9396,8956,6508
"MICFOV",8641.95137820439,1364.36939914618,2999.74822042603,4987.84964999137,4771.9952449617,3407.62584581552,917,592,787,847,804,212
"MICGAR",7767.92231144733,1211.91458884091,2781.35782986926,4356.1671703367,4071.59519850882,2859.68060966791,6733,976,2568,3478,2973,1997
"MICGUY",8777.34735773492,1720.16666979052,3324.85733201774,5340.45460857428,4995.47556941118,3275.30889962066,12988,2551,5348,8903,8287,5736
"MICIMP",18517.5817451843,2405.50974857458,5245.79863851168,8085.02070889715,7864.57642577006,5459.06667719549,23544,2574,6019,10428,9898,7324
"MICLAE",27416.6102793664,4338.85437980294,8769.58600114286,12571.4665133208,12487.1336612403,8148.2792814374,34390,5326,10992,16575,16210,10884
"MICMIR",15094.7965720892,2688.2393789012,5463.64677508362,7695.444010593,7415.50929661281,4727.26991771162,8078,1730,3782,5018,4505,2775
"MICPAC",5838.96859637462,1035.4859213219,2145.49883347517,3394.36733369436,3232.6217635083,2197.1358421864,1446,664,1011,1194,1101,437
"MICPRA",23786.3432407677,3080.75688056648,6848.08737625927,10015.7277083471,9812.40898690373,6731.65210633725,24171,2733,6918,9822,9535,6802
"MICRAC",18562.6621683277,2774.38420315925,5766.60934555531,9145.95243675821,8711.97253661137,5937.58833345212,18497,2904,5900,9437,8679,5775
"MICSER",22966.6191975176,3236.91527111828,6837.0088558197,10312.2731463313,10146.4888524115,6909.57358129323,4170,533,1307,2466,2289,1756
"MICSIN",10602.3739598081,2033.88525240542,4102.77994547924,6491.9831392155,6186.67777617183,4152.7925237664,7576,1802,3213,5322,4801,2999
"MICTET",9399.87773157955,1503.97043136263,3624.61329867396,5316.78464246149,4916.06948914038,3412.09905777775,10714,1570,4391,5589,5052,3482
"MICTHO",10558.6785867594,876.77552628404,2208.33822678217,2846.47996016176,2779.65282507918,1902.87729879514,12690,938,2629,3102,2996,2058
"MORCIT",26908.0779651981,4127.02639754675,8311.20955678448,11408.0344400275,11461.8230380882,7334.7966405414,9812,804,1298,996,1218,414
"MOSXER",2945.80560083436,502.148723868765,809.134623255488,582.164284073404,710.034248199016,207.885524330251,3112,584,910,623,774,190
"MOUHEL",14589.0916132107,2612.54241438583,4783.73089992628,5887.03303144127,6050.76642944291,3438.22401505709,559,335,414,433,441,106
"MUNCAL",19830.8170934277,2322.85134068638,4888.80919819055,6694.59904755853,6982.91413475727,4660.06279407089,17218,1283,2830,4176,4459,3176
"MYRAMA",19203.3239352033,3492.73519345187,7296.72491929121,10165.9614184964,10020.0054542767,6527.27026082482,12023,2315,5057,5842,5541,3226
"MYRBOR",6810.4559307186,964.625018917987,2201.69392439301,3214.55231031259,3386.9209000076,2422.29588108962,7408,979,2496,2926,3352,2373
"MYRCER",24532.608850047,4073.31091375276,7923.9702055417,10512.5700440258,10635.4045483582,6562.09363460541,27097,5073,9306,13172,12802,7729
"MYRCIT",13675.6344764978,2015.88710296154,3899.5645288974,5943.27850051224,6003.87673358619,3987.98963062465,10807,1194,2393,4480,4653,3459
"MYRCOR",13832.7990666293,2194.74224528857,4733.39253561012,7484.6949646119,7134.77824128047,4940.0359959919,16856,2612,6326,10559,9891,7279
"MYRDEF",19692.0069766566,2848.91547074169,6202.2213550806,9455.21860709786,9147.43811836094,6298.52264761925,9011,1692,3980,5382,4869,3177
"MYRFAL",6187.76605290528,1212.00823366804,2459.56682427667,3599.46485728804,3371.8673683541,2159.85913468606,4860,1325,2335,3141,2897,1572
"MYRFLO",17514.083312802,1920.56301696599,4272.15625313669,6523.61752071232,6506.1753775999,4585.61236063391,10506,831,1370,1096,1368,537
"MYRGUI",26377.7036761343,4218.86514076591,8294.69350713491,11468.2133692503,11473.1927303076,7254.32758954167,12433,1515,2705,3817,3762,2247
"MYRSPL",22140.3084246926,3201.77532181889,6823.82662819698,10695.4597348422,10369.7203459367,7167.94502411783,11892,2070,4364,7059,6482,4412
"NECCOR",19554.5437152218,3407.97333690803,6380.63103041332,7286.17320327647,7552.25971669238,4144.28637978435,14218,2802,4546,3897,4406,1604
"NECKRU",19698.2477726527,2451.52141034044,5343.17885078304,8270.34314330295,8145.97066610493,5694.44925576448,30111,3737,8164,12654,12461,8724
"NECMEM",16203.8644622765,2128.76963435253,5227.70962517662,9186.79203547491,8795.5693164519,6666.79968209937,9331,1616,3598,6411,5940,4324
"NECPAT",20068.3227437288,3790.60694098845,6921.97771813162,8474.17264900915,8703.97342437319,4913.36648338474,13649,3014,4763,4189,4671,1657
"NECTUR",22483.5294732922,3811.44477420021,7657.41863239883,9818.756488204,9806.20468439162,5994.75991019141,14385,3158,5920,6109,5998,2840
"NEEBUX",12346.7898350873,2273.02563507413,4020.48148694099,4021.34397199959,4337.3506068273,2064.32497175317,11714,2441,3927,3394,3804,1363
"NEORES",18913.8485418372,3450.64622122422,6262.85538620129,7546.0692938976,7727.13951924071,4276.49329801649,6221,1988,2963,2586,2886,898
"OCHPYR",21963.7010858199,2573.40974076558,5901.04761822149,9544.11015427765,9303.53297647275,6730.12323570717,33722,3935,9057,14687,14309,10374
"OCOCUN",20834.8143073395,3466.43114340678,6781.79097864032,9254.33097879589,9285.10546363145,5818.67432022467,559,335,414,433,441,106
"OCOFLO",21069.4838642478,3880.88639006764,7884.05865446478,11296.2819220275,11199.0701534376,7318.18376336992,32128,5991,12187,17511,17339,11348
"OCOLEU",17866.7505159602,3375.01619072258,6733.64239820838,9210.59528835863,9004.47546841949,5629.45927769691,20797,4512,9035,12177,11744,7232
"OCOSPA",1687.23621811302,584.94627796195,898.773081324645,1160.26539540436,1087.5666862464,502.620408284449,3026,1237,1888,2185,1969,732
"OCOWRI",19736.6196864212,2440.40779983718,5271.36773898359,9047.05052955728,8960.01178239845,6519.60398256127,14935,1952,3554,7752,7741,5789
"ORMKRU",12562.1377358833,1870.94817331508,4262.47210858579,6182.7047596855,5794.38585408172,3923.43768076664,12519,1789,4903,6451,5904,4115
"OSSKRU",12238.2264960858,1723.13290346653,4165.39951384865,7306.56310221535,6981.82945661451,5258.69655314798,12635,1850,4833,8073,7728,5878
"OTTRHO",11984.4614830324,2314.88677172572,3676.12149404202,3076.04595537271,3516.93995828604,1202.05318656031,15569,3155,5018,4139,4741,1586
"OURLIT",22455.2498554951,2750.62546897959,6107.59091293719,9716.19375027437,9509.05150069483,6758.42603171524,23285,1938,4837,7409,7719,5781
"OXALAN",14229.4572709985,2638.3239354929,5262.32375117578,7031.92233815743,7193.87280011829,4555.54886462539,8868,2535,4125,3519,4017,1482
"PALALP",2357.6943334638,540.718629724006,930.322114002258,1719.21071925929,1621.9604249771,1081.2417952531,5019,943,1717,3541,3277,2334
"PALCRO",23150.5520077012,2813.94126091152,6267.16376470681,9968.04164212197,9741.85367682111,6927.91241590958,33835,3940,9064,14704,14323,10383
"PALRIP",19821.8463198692,3017.11789644137,6392.12655575573,10054.1045224518,9729.7848881036,6712.66699166223,16002,2553,5486,10121,9357,6804
"PARCRE",25234.9412341863,4146.53931484371,8201.96110099554,11263.1162354648,11291.448101595,7144.90878675133,559,335,414,433,441,106
"PERAME",26687.4139333367,4293.2129855752,8485.92789566517,11566.2036246657,11644.6628876925,7351.44990211725,22778,4216,7095,7362,7888,3672
"PETDOM",20933.867409274,3101.75293986127,6311.30017386377,9769.33592463285,9953.62977332994,6851.87683346868,11293,1609,3303,6561,6818,5209
"PHIMYR",10701.999522869,1954.53678603191,3281.17027985258,3567.2588016619,3770.58632074762,1816.04953471571,3835,561,847,953,1083,522
"PHLCOW",23223.0685525984,3433.59790121391,6898.25878871232,9621.03486162797,9839.21847589687,6405.62057468295,8538,966,1751,2105,2390,1424
"PHYCUN",6030.98907547261,625.176954430898,1420.13417454839,1599.96566897033,1842.90654311015,1217.72958867925,7145,601,1552,1408,1815,1214
"PHYEPI",14945.1355571686,2711.04446251853,4828.94761495129,5003.47025543265,5312.95325304335,2601.90879052482,23646,3827,7145,7563,7842,4015
"PHYJUG",15113.3131968558,1702.38084028952,3911.70989129154,5384.72628393943,5584.79002778095,3882.40918749143,4963,354,939,896,1088,734
"PICACU",10731.6510906631,1302.92757803826,2977.33087035168,3328.81775520226,3685.80390643574,2382.87632839747,11838,1106,3284,2924,3587,2481
"PICPEN",20831.1847746596,3514.34795331955,6594.50620574877,7643.11598013341,7939.07165807672,4424.72370475717,14002,2750,4452,3784,4292,1542
"PILRAC",7409.39096706484,1407.16158631242,2176.0927630345,1849.85316681411,2109.48265231209,702.321065999669,2392,406,545,535,615,209
"PIMRAC",25027.8102026582,3972.94118828326,7899.07450138032,10730.266878292,10841.2976462618,6868.35645797849,24715,3929,7300,9797,10079,6150
"PINCAR",13589.8013067562,1946.57400796004,4521.98278935812,7809.62641237117,7466.29667298682,5519.72266502678,4729,868,1721,2899,2730,1862
"PINCOR",21113.7823504992,3914.48650245741,7925.34537011199,11415.9242060799,11288.233936768,7373.74743431062,26095,5106,10094,15686,15109,10003
"PIPADU",20441.6959856469,3500.15478467755,7412.36405273154,11173.5668966435,10974.5372198503,7474.3824351728,18688,2530,6243,11094,10618,8088
"PIPAMA",27701.1918531228,4224.65597191453,8720.79584768601,11873.4420157205,11915.6386345141,7690.98266259953,34459,5131,10917,15097,15079,9948
"PIPBLA",21070.578084603,3711.89152854308,7661.85185692087,11261.9382071421,11129.0107958876,7417.11926734447,22244,3241,7400,13572,12748,9507
"PIPGLA",22859.6922958642,3714.77374566346,7657.39445095509,11192.4629773349,11051.5467817187,7336.77303605527,14773,2316,4995,9262,8493,6177
"PIPHIS",26895.4276532456,4148.80009390414,8457.62344845384,12151.4517795891,12066.5689931735,7917.7688992694,30530,3739,8638,14421,13892,10153
"PIPJAC",24095.6216967758,3874.42768409476,7518.74867433868,9817.71654303372,10013.5163968746,6139.08871277981,21675,3460,6256,8191,8443,4983
"PIPMAR",18136.3366796412,3379.99009947851,6913.35262917355,9559.72819219343,9550.03643234447,6170.04633286595,15624,3321,7082,7910,7911,4590
"PIPUMB",20358.5184953734,3305.89796798676,7189.53264444694,11209.0318594202,10947.4010616802,7641.50309369341,24026,3139,7769,13711,13108,9969
"PISALB",8209.03021572204,1146.10302304866,2444.68044790192,2851.44574354266,3126.36139438907,1980.2583713404,7491,913,2049,1637,2127,1214
"PISCAR",10180.7269124938,1149.20289305225,2093.68052002229,2712.1450500288,2778.59674270917,1629.39384965692,15235,1699,3091,3995,4098,2399
"PISSUB",20806.4153772742,3850.7139903456,7826.83135751635,11226.6672401577,11124.7406527773,7274.02666243166,32128,5991,12187,17511,17339,11348
"PITDUL",15600.925054701,2239.14808075503,4197.11399148032,5463.16996365506,5675.16251617763,3436.01443542261,4316,418,647,788,886,468
"PITUNG",5003.11606083526,749.250824923742,1658.99485792045,1898.48804285965,2099.41695759297,1350.16613266923,4221,669,1387,995,1281,612
"PLUALB",18481.0515224484,2368.67417064356,4839.97071002191,6275.22340660519,6647.42785870307,4278.75368805951,21022,2534,4847,5830,6419,3885
"PLUCAR",24646.2692312337,3887.62567093782,7625.136887528,10104.4950886797,10291.9832386877,6404.35756774992,34260,5046,10320,13926,14346,9300
"PLUOBT",12428.2543345802,2567.58360243589,4919.30407040939,6637.94741385803,6648.82007369772,4081.23647126183,8222,2862,4430,3822,4250,1388
"PODCOR",21001.9017820582,3609.22225646302,6670.60063720867,8146.32815941796,8430.18274252117,4820.96048605815,18724,3691,5798,4916,5616,1925
"POIFLO",26073.0581015646,3773.4937206991,7572.67139885202,10060.9133845977,10278.420236215,6504.92651551589,20345,2537,4549,5126,5678,3141
"POIPUN",17949.6772706136,2409.20533788949,5186.65324523672,8090.00634660572,8079.01281504706,5669.80747715756,12309,1508,3255,6748,6806,5298
"POUDIC",23047.6705466229,3814.47661143448,7340.64395661093,9037.90103469882,9293.0649436349,5478.58833220042,15163,2892,4951,4247,4657,1765
"POUMUL",24519.03389889,4047.83868250251,7887.46578345448,10426.7904639393,10569.0707820728,6521.23209957033,37770,6262,12178,16041,16268,10006
"PREMON",8018.70697553772,1398.60730030523,3018.88512958687,4206.34835742697,3861.7332362205,2463.12593591527,6729,1366,3077,3964,3554,2188
"PROJUL",5715.54354217149,730.742626128945,1490.24358124634,1403.01961104896,1671.66182057539,940.919194446447,6808,850,1682,1164,1567,717
"PRUMYR",11173.1486922137,2822.9264996805,5000.7447918019,6111.93366207439,6209.76794364373,3386.84144396323,7913,2547,3923,3975,4280,1733
"PSESPU",17588.7390849246,3454.24703979539,6379.93668228621,7236.1840286376,7458.30887627136,4004.06183647597,4013,1494,2271,1910,2182,688
"PSIAMP",7691.87800469843,2192.29414835118,3714.18861725973,4023.57621867023,4230.13701772108,2037.8428693699,3481,1491,2294,2055,2283,792
"PSYBER",8603.00138518593,1828.65972446883,3460.67683377798,5430.13795579146,5024.55269566039,3195.89297119156,12877,2500,5109,8750,8014,5514
"PSYBRA",18803.6477779914,2757.97141312063,6096.0172341615,9596.91596009769,9331.81979975291,6573.84838663228,15553,2355,5220,9787,9028,6673
"PSYGRA",18061.68440862,3216.92865440995,6670.315198645,9773.53038036823,9673.55544918776,6456.62679477781,20415,2941,6876,11678,11260,8319
"PSYMAL",5651.54519276073,865.981016732526,1815.7735292186,2165.00496348429,2004.63028349377,1138.64926676125,1640,694,949,1101,1026,332
"PSYMAR",16840.7890239218,2046.23757491261,4184.86815437023,6320.95730438735,6334.66018255427,4288.42260764167,11072,1174,1827,1540,1791,617
"PSYPUB",25613.4301876426,4275.11707282066,8454.78696173429,11224.835536927,11241.7332422137,6966.61616939306,30923,5545,10938,14188,13956,8411
"PTEIND",24457.4521021992,4024.38894390315,7834.23304019123,10324.0573424958,10481.4634888731,6457.07454496995,24896,3678,6767,7546,8250,4572
"QUACYN",11041.2157353513,1389.14211543066,2944.9282369647,3583.99961682874,3881.3093582606,2492.16724282994,7884,882,1913,1438,1884,1002
"QUAIND",8262.67037340566,1080.93491120575,2225.11149030982,2193.51145028971,2495.91017136587,1414.97526016012,6979,873,1754,1171,1521,648
"QUATUR",22765.7311229426,3465.67823356017,7152.20509933867,9049.34416669421,9105.64632093348,5639.9680873733,20115,3074,6366,6874,6790,3716
"RANACU",24674.7344050314,3495.11562675424,7317.95421891473,9322.81875027902,9597.80720325373,6102.69157649949,21741,3005,6098,5348,6065,3060
"RAUNIT",20098.364319097,2593.8218699818,6121.12036703913,8179.16091709152,8392.76595877649,5798.94408879469,15406,1464,4794,5684,6058,4594
"RAVURB",4696.72616410486,783.37357192901,1734.92321241367,2201.40596020078,1948.60944145189,1165.23586952288,1933,586,1043,1387,1160,574
"REYKRU",16904.5044430122,3289.69325589389,6504.25826587901,9103.24577640742,9053.60173850879,5763.9084826149,12388,3393,5735,6286,6537,3144
"REYUNC",4169.15086476865,591.628456253988,973.982787121957,721.108581273039,899.182226415672,307.553770161683,5075,699,1182,784,1025,326
"REYVIV",3758.68697089684,1184.85466925905,1906.96339621471,1609.0556128532,1805.40003223834,620.54536297929,1182,356,511,365,414,58
"RHIMAN",22990.7823266489,2677.95131252892,5879.71848716028,8392.64810679387,8590.52652531024,5912.57521278132,21102,1556,3831,5738,6044,4488
"ROCACA",8681.46578456741,1046.05038800929,2553.0663153138,2734.68238508422,3111.53177430667,2065.48138629738,4967,622,1394,913,1243,621
"RONINE",22596.5921895243,3530.94632138684,6927.37621263787,9047.07772717252,9312.25318262354,5781.30686123669,18154,3506,5805,6608,6998,3492
"RONPOR",7737.52873699879,1587.06756933522,3054.79016469012,5029.35967890779,4752.46176893858,3165.39419960335,11529,2430,4850,7986,7512,5082
"SAMDOD",24353.1651507169,3574.96252259612,7172.56910462677,9449.98604549468,9743.91855716705,6168.95603457093,13616,2006,3358,3921,4392,2386
"SAMSAM",18796.5417729374,3404.58926787041,6951.85780467279,9750.8517543748,9786.1178141851,6381.52854631469,21055,3762,7447,11370,11636,7874
"SAMSPI",24742.2794773579,4143.31702113152,8095.07921901345,11111.685408026,11085.0501863062,6941.73316517472,17250,3692,6626,7482,7350,3658
"SAPLAU",17295.7331905216,3156.24090117589,6179.35920375958,8633.30988982692,8424.18334494904,5267.94244377315,9505,2141,4121,6477,5855,3714
"SAPSAP",18773.809424825,3409.43941983208,6967.75072350353,9724.90507482737,9755.37369398028,6345.9342741482,28093,5150,10538,14712,14759,9609
"SAVSES",9591.90109843776,1249.48408921183,3084.18313278065,4390.73843323708,4563.22331635986,3313.73922714802,7400,795,2394,2441,2946,2151
"SCHFRU",23701.2544968668,3799.5882032197,7438.01124369912,9583.62464782596,9825.43973038532,6025.85152716562,28952,4369,8462,10775,11488,7119
"SCHGLE",13950.4560815077,2004.68483535945,4655.00378287025,7845.86409418099,7577.88594383933,5573.20110847987,20415,2941,6876,11678,11260,8319
"SCHMOR",16787.0670011234,2768.60999513697,6065.99774743244,8298.2024953384,7979.06223187409,5210.45223673712,9200,1454,3902,4829,4353,2899
"SCHOBO",5882.94975070516,1940.21624922985,3034.10775361815,2685.48588312278,2968.96591964131,1028.74967041146,8102,2852,4418,3800,4231,1379
"SENPOL",4168.73857770889,641.559863623901,1025.30645743162,796.635033066704,975.102069159619,333.542205535718,5419,855,1388,1009,1258,403
"SENSIA",26610.8757258486,4153.76661925577,8399.45708787069,11610.9503225405,11642.176435234,7488.40981597826,41381,6460,13071,18074,18116,11656
"SIDCUB",15104.6202082727,2767.58200859465,5123.03350771032,6387.81778216548,6544.76987347379,3777.18786487915,7987,2818,4347,3740,4148,1330
"SIDFOE",18881.4935178235,3197.55847548507,5770.6134777274,6460.13566105068,6845.78133014403,3648.22285465896,18049,3348,5374,4463,5158,1810
"SIDOBO",8949.98855082598,1606.68522523949,2585.90939544141,2189.59124809736,2531.48774510948,924.802519869991,5364,838,1361,935,1196,358
"SIDPOR",25690.2880213037,4396.59662619233,8503.36158545315,11425.7334924787,11461.0485735759,7064.45194738358,15486,3320,5450,5660,5891,2571
"SIDSAL",22786.6797965541,3742.66118603759,7216.02862302773,8739.96067355014,9018.17014962994,5275.50896359235,14362,3058,4882,3970,4516,1458
"SIMTUL",17527.2664850801,2997.20857641287,6012.48311752453,9091.03086981177,8946.28023147956,5949.07165506668,13723,2262,4058,8198,7974,5712
"SIPDEN",14063.250214871,2125.78046366759,4803.22623014729,8182.36497317813,7808.78754414152,5683.00708047394,8370,1750,3239,5363,4953,3203
"SLOAMY",16733.4828736819,3474.27709202468,6672.56864144467,8897.41077845916,8931.84481023066,5457.56771820597,8102,2852,4418,3800,4231,1379
"SLOBER",7126.6910784967,1225.28487309773,2880.87695431145,4119.31790520831,3790.75039489119,2565.46552179347,11183,1873,4613,6259,5761,3888
"SOLENS",18296.2945392709,3388.60256686807,6917.35111562349,9655.54980371334,9656.67228096724,6268.06971409917,27399,5123,10466,14612,14609,9486
"SOLRUG",14320.1299030755,1851.5395247788,4525.05866549346,8035.00656936785,7678.25321191796,5826.71368713916,14928,1748,4763,9108,8643,6895
"SOLTOR",26230.2197742835,3266.44679559022,7315.43241161108,11151.9814786091,11068.9227793291,7802.4759837389,23009,1893,5415,8985,8996,7103
"SPACAM",26924.2835885175,4148.88178850338,8271.39741133526,11444.5133446492,11463.149850443,7314.26806193963,20067,3044,5573,7077,7422,4378
"SPOMOM",27099.6617278252,3998.4815259967,8244.88929362968,11695.424670836,11699.0151770767,7700.53365107998,34532,3970,9139,14807,14476,10506
"STAMON",10912.2480253424,1498.32587307226,2660.20855573006,3372.71402456448,3616.34109593788,2118.01522286562,6774,678,1099,1197,1413,735
"STEACU",7931.99867067253,1245.82125020307,2208.46778138075,2424.85352444393,2634.16825125017,1388.34700104711,6754,925,1682,1763,1980,1055
"STESIN",8031.99901328702,2043.65666230116,3563.21582061984,3931.27973664273,4095.15909090545,2051.50242860429,11713,3050,5311,5833,6079,3029
"SURMAR",1660.96248195916,200.365149815141,299.254669304935,197.777631742482,259.362478753114,58.9973289379728,1045,144,205,128,155,11
"SWIMAC",26499.4753264384,4118.29583882634,8347.14677360095,11571.4758842764,11594.8117275415,7476.51588871516,33722,3935,9057,14687,14309,10374
"SWIMAH",25749.2220184729,3862.05861418694,7773.11870197952,10437.4053536206,10642.1641506404,6780.10553645343,29814,4250,8392,10119,10837,6587
"SYMMAR",26287.7378653511,4338.10611248761,8499.98515347391,11540.7042343169,11570.7668379471,7232.66072545946,22368,4502,7918,9287,9314,4812
"SYMMIC",8733.28238357599,1116.08548375738,2601.4490103241,3121.99242112584,2879.13669068457,1763.05120692719,11057,1394,3235,3778,3411,2017
"SYZJAM",23293.1024386249,3565.49085205421,7435.39780728891,10725.7085303515,10525.6028567068,6960.11200465262,17092,2575,5985,9145,8494,5919
"SYZMAL",15858.1416268311,2077.11245994456,5116.62608155794,8987.15534438007,8601.28847025987,6524.17601031531,23910,3131,7759,13691,13091,9960
"TABCIT",20594.3654229343,3485.87901706621,7418.07917070016,11315.9828226641,11086.7326777913,7600.85366072506,23910,3131,7759,13691,13091,9960
"TABHAE",19293.1363137942,2265.19325502962,5060.19223780185,8419.24126518704,8436.2540946696,6171.06083963998,23027,2783,6227,11167,11232,8449
"TABHET",27664.841664046,4380.35544526577,8751.79973745346,11953.3981359899,12034.4163592756,7654.06091400981,36439,5412,11118,14909,15145,9733
"TABKAR",5012.36472759733,1685.13800928148,2684.49424773036,2284.48313240288,2563.95736653602,878.819357254542,5023,1911,3002,2604,2912,1001
"TABRIG",4780.49393507222,794.008623324566,1915.34168022161,2545.94724320453,2287.37282746134,1493.36420413678,8327,1150,3193,4267,3729,2579
"TABSCH",11493.3754883922,1792.87252447987,3913.0639904316,6482.91458748945,6185.21686267911,4392.34433819924,15597,2400,5728,9617,9102,6702
"TAMIND",17574.1956616619,1952.82258208445,4410.87042549043,6138.3452259351,6456.81595040322,4503.99336831877,16134,1463,3631,4992,5540,4077
"TECGRA",24307.5834662355,4019.55689984746,7826.38465454243,10331.6320158578,10474.6510396469,6455.09413979948,37770,6262,12178,16041,16268,10006
"TECSTA",16706.8397121422,1580.95524903032,4266.06816115084,5739.93720183311,5963.3868319441,4382.43158291378,15192,893,3366,4124,4443,3550
"TERCAT",27103.8708239496,4362.28116758168,8678.97489738464,11921.9019719362,11959.2821917236,7597.00102414191,41381,6460,13071,18074,18116,11656
"TERSTA",13630.9456075132,2592.72569463402,4659.77023746818,5574.82327888906,5751.85282114148,3159.12712650746,10359,2798,4776,4944,5266,2468
"TETBAL",25933.3440279067,3953.40284994245,7969.28987789154,11178.9904793203,11205.1549246311,7251.75207468867,30921,3772,8246,12774,12628,8856
"TETCRO",12211.0568765295,1708.83619800722,3820.19986091036,7374.47514370963,7152.20467956574,5443.36848155851,8583,1265,2269,5748,5537,4272
"TETELA",26733.5715866382,3941.70480373362,8333.30457302136,11170.5205994989,11244.5259819771,7302.8211782435,21188,2911,7030,7169,7349,4438
"TETURB",22192.0849016886,2613.61719871499,5989.58524808288,9687.85733923875,9443.54702556133,6829.92982684635,24026,3139,7769,13711,13108,9969
"THEGRA",26890.5499982983,4224.2407790944,8425.4834421128,11471.3973225728,11579.9501459673,7355.70936687291,26671,3814,7185,8356,9039,5225
"THEPOP",16233.7979469824,1666.90551816451,3487.64761782892,4724.71663878683,4994.23926472419,3327.33374655969,18859,1536,3202,4427,4830,3294
"THOPOR",5125.77937952534,717.02209724096,1300.06293482485,1156.58433321232,1357.02924103037,640.007143789405,5178,710,1272,876,1126,416
"THOSTR",21407.5421774611,3537.2316699326,6793.97357558459,8460.81626265496,8792.67174532264,5255.44007539004,15377,3132,5018,4948,5583,2451
"THRMOR",21577.8593006991,3665.27618962526,6780.41166362539,8406.43359243497,8708.74562794343,5043.46943831816,5970,1006,1631,1432,1664,658
"TOUFIL",24112.328500731,3372.87457212817,7178.20041609567,9997.1433502502,10150.7754038126,6777.90083168447,18332,1452,4573,7923,7940,6488
"TRELAM",12086.200450127,2134.07324660663,4312.45781642478,6755.01116907084,6680.83694770467,4546.76370109804,7504,1100,2135,4438,4429,3329
"TREMIC",19690.2110153297,2451.26276414748,5343.48245101795,8272.72982408945,8147.87671644427,5696.61395229679,30111,3737,8164,12654,12461,8724
"TRIHIR",20879.5402289632,2625.69626220401,5878.32119397521,7178.1210572805,7492.00551590572,4866.30925370171,26289,2955,7230,8110,8636,5681
"TRIPAL",21145.844485498,3512.79776802007,7342.82645898871,9985.99317981396,9834.02743404172,6321.22966602165,12917,1936,4728,5814,5567,3631
"TRITRI",16927.4264793238,3205.52427446563,6406.10623857286,8928.09680414945,8966.47694297694,5760.95266851131,1789,482,800,574,676,194
"TRORAC",15154.8681361079,2945.17835144803,5584.62884367781,6345.87651268195,6456.15209317405,3510.97374172602,17472,3032,6112,6325,6304,3272
"TUROCC",17097.2913049348,3363.09682058636,6760.6427835091,10050.753517705,9748.7502588192,6385.65343823284,14187,3022,5937,9637,9046,6024
"UREBAC",21516.1567981304,3927.37107909285,7261.33260216378,10772.5101066839,10579.4989649991,6652.12788590626,13496,3688,5411,9022,8839,5151
"VACFAR",17701.1109506614,2191.9726664593,4829.85427232943,6717.6463359409,7019.67744101032,4827.70477455102,17076,1596,4265,6501,6963,5367
"VARBEL",17157.0858349279,3345.33492748067,6622.97601189092,9134.23692464083,9142.09273224697,5796.7578047663,559,335,414,433,441,106
"VARPOL",26890.6290207803,4287.72637149692,8533.30655828118,11833.6241333783,11864.6648995876,7576.93852809072,25028,3326,7076,11905,11367,8041
"VARRUP",2215.87347473705,663.36989370457,1063.52694459715,863.977334487921,974.110517774621,310.740624070051,1430,426,645,470,541,115
"VITDIV",20477.1026858971,2904.63011686364,6351.59389087278,9685.88263772568,9576.09810568159,6671.46798881795,20434,2625,6524,11325,10952,8327
"WALLAM",26509.0110667944,4351.90193921328,8586.84418308735,11673.900182426,11732.7205454111,7380.81860619783,7543,2517,4004,3367,3790,1273
"XYLBUX",20580.5097449254,3420.69917896204,6325.78923399374,7429.12418382056,7777.52945311554,4356.8302741535,18049,3348,5374,4463,5158,1810
"XYLSCH",14737.1222461388,2854.78804291412,5683.33601120487,7968.65201824158,7945.75908897445,5090.97104606032,559,335,414,433,441,106
"ZANFLA",17862.5967793092,3407.65710790083,6045.64654092863,6777.11671050638,7143.77319034562,3736.11608244479,7543,2517,4004,3367,3790,1273
"ZANMAR",25215.6362443566,4078.96343129873,8408.09528812766,11194.9945850968,11234.058472611,7155.09504131228,19377,3129,7481,8995,9016,5887
"ZANMON",13612.9530302704,1417.17969721274,4189.2088661496,5687.87642816663,5943.99463924151,4526.81494202876,13523,1032,4089,5767,5996,4964
"ZANPUN",9143.84751841513,1494.53692427668,3168.95821482822,4744.65441155032,4756.63520831353,3262.09828403685,4333,568,1209,1514,1746,1178
"ZAPPOR",23886.1422244105,3639.50410506129,7314.05926932581,9707.28255243041,9926.72498724982,6287.22088218853,7897,876,1947,1448,1930,1054
"ZIZRET",8244.87385043362,1042.52914600237,2124.40620588697,2297.22248047683,2575.44879158027,1532.9196455779,4552,563,940,546,762,199
