"sp","total_hab","fcover_51","fcover_77","fcover_91","fcover_00","tot_change","tpa2004","tpa2009","tpa2014","tpa2019","tpa_gs_2004","tpa_gs_2009","tpa_gs_2014","tpa_gs_2019","tpa_diam2_2004","tpa_diam2_2009","tpa_diam2_2014","tpa_diam2_2019","tpa_seedlings_2004","tpa_seedlings_2009","tpa_seedlings_2014","tpa_seedlings_2019","nPlots2004","nPlots2009","nPlots2014","nPlots2019"
"ACNARB",33838,3944,9062,14702,14320,10376,NA,NA,NA,NA,NA,NA,NA,NA,NA,NA,NA,NA,NA,NA,NA,NA,NA,NA,NA,NA
"ADEPAV",10548,2329,3966,3392,3729,1400,6.79882434100443,5.6399519410739,6.61236502046928,6.97885084894265,0.227924407568837,0.225873865985772,0.0848188817614354,0.465032079946476,2.18864601378944,2.12468066850922,2.00169466153223,2.31889976437135,3.19166193776346,10.6012949492703,1.40796249859295,39.289859273635,3,2,3,3
"ADERIC",16534,1698,4353,3859,4539,2841,NA,1.11104984826585,2.19676261556471,3.98103435166364,NA,NA,NA,NA,NA,0.056468466496443,0.436809504061982,1.25089113933472,NA,3.1029371872982,9.60405571755126,NA,NA,3,3,5
"AIPMIN",37211,5928,11762,15599,15822,9894,NA,NA,NA,NA,NA,NA,NA,NA,NA,NA,NA,NA,NA,NA,NA,NA,NA,NA,NA,NA
"ALBLEB",10394,594,2025,3621,3634,3040,1.62772840787419,0.056468466496443,NA,0.0642671423591184,0.0854716528383138,0.0282342332482215,NA,NA,1.62772840787419,0.056468466496443,NA,0.0642671423591184,1.28472898789956,NA,NA,3.08769260588487,7,1,NA,2
"ALBPRO",15788,1188,2585,4748,4810,3622,2.91268547452437,5.85591110409123,4.2800026550884,3.82325664049415,0.37037716229936,0.338810798978658,0.172414872647194,0.314547116696827,2.12981337836857,3.92384337563231,3.92801203278785,3.0513334915972,6.60416554197239,3.51527128194308,22.1754093317097,2.31576946213646,11,15,15,13
"ALCLAT",16364,2794,6369,9976,9319,6525,7.39704383708551,3.5837891382183,4.41271260902035,4.44493975176109,0.256414958514942,0.254108099233993,0.0848188817614354,0.250279974337709,3.0678807199951,2.47106372572337,2.54838269042778,2.37307092357069,6.53055164054236,2.10916277291721,22.4189551876753,18.2656519352477,19,19,25,23
"ALLCRA",20617,3928,7507,11324,11603,7675,NA,NA,NA,1.5438462977939,NA,NA,NA,NA,NA,NA,NA,NA,NA,NA,NA,NA,NA,NA,NA,3
"ALLRAC",7543,2517,4004,3360,3791,1274,NA,NA,0.0282729605871451,0.0620042773261967,NA,NA,0.0282729605871451,0.0310021386630984,NA,NA,0.0282729605871451,0.0620042773261967,NA,NA,106.825301354927,NA,NA,NA,1,1
"ALSBRY",2213,1028,1435,1790,1668,640,NA,NA,NA,NA,NA,NA,NA,NA,NA,NA,NA,NA,NA,NA,NA,NA,NA,NA,NA,NA
"ALSPOR",15780,2156,5326,9984,9372,7216,0.354629102093461,1.2572477071942,0.830111703835279,1.6626749574993,NA,NA,NA,NA,0.354629102093461,1.2572477071942,0.830111703835279,1.6626749574993,0.7092582089175,28.8225616382678,6.2621787609135,2.70173102628786,1,3,3,5
"AMYELE",8611,2768,4442,3819,4316,1548,7.80184024605615,9.8427595631811,10.9465015603469,15.0809135946801,NA,NA,NA,NA,1.06388730628038,1.75763563628234,3.90668911433596,4.65995108457129,18.7486093273133,10.2497678274786,11.6156906016534,0.385961574448474,6,7,7,9
"ANAPER",34397,4279,9477,15134,14762,10483,NA,NA,0.0848188817614354,0.0620042773261967,NA,NA,NA,NA,NA,NA,0.0848188817614354,0.0620042773261967,NA,NA,8.13057661950557,NA,NA,NA,1,1
"ANDINE",23538,3048,7266,10919,10896,7848,22.6844740272268,22.5003944109716,19.149498597528,18.3004253842594,1.53449924106786,1.18552309660341,0.517244617941583,1.16970778086386,14.7354059972329,15.5306588394711,13.4132718336294,12.039803619515,0.709258204186922,2.10916277291721,28.8243709459266,0.41437376563808,66,70,73,73
"ANNGLA",26410,3719,7069,8139,8830,5111,NA,NA,NA,NA,NA,NA,NA,NA,NA,NA,NA,NA,NA,NA,NA,NA,NA,NA,NA,NA
"ANNMON",10235,1033,2225,4303,4522,3489,NA,NA,NA,NA,NA,NA,NA,NA,NA,NA,NA,NA,NA,NA,NA,NA,NA,NA,NA,NA
"ARDELL",27399,5126,10464,14601,14608,9482,NA,NA,NA,NA,NA,NA,NA,NA,NA,NA,NA,NA,NA,NA,NA,NA,NA,NA,NA,NA
"ARDGLA",5284,930,2368,3054,2705,1775,NA,NA,NA,NA,NA,NA,NA,NA,NA,NA,NA,NA,NA,NA,NA,NA,NA,NA,NA,NA
"ARDOBO",14284,2937,4786,4068,4539,1602,12.4958803906652,16.7490252181495,18.508198041807,22.542231323639,NA,NA,NA,NA,2.96762781060877,4.04123049199772,5.41902841062799,5.93407452014863,33.4356303822334,0.703054259202135,1.7599531208935,1.18629691968357,13,11,13,18
"ARTALT",12866,1005,3557,6445,6547,5542,0.748539501659245,1.16503723624005,1.72408306551873,2.267851091916,0.233812251109995,0.183365166202494,0.169637763522871,0.465032079946476,0.748539501659245,0.813510108983584,1.02010182091764,1.49592794301906,1.06388731101096,2.86769811680358,0.351990622300547,39.8676911495688,7,9,10,11
"AVIGER",20428,1510,3560,5205,5515,4005,3.36649552385424,2.96890608926326,4.02881951357408,7.5776525533242,0.0284905509461046,0.056468466496443,0.0565459211742903,0.0620042773261967,2.30260821757385,0.859743325724455,1.21289453516971,2.14577831985596,8.51109850701,1.75763564566074,87.5464810792884,0.771923148896948,2,1,1,2
"BADPEN",2831,681,1072,1768,1772,1091,NA,NA,NA,NA,NA,NA,NA,NA,NA,NA,NA,NA,NA,NA,NA,NA,NA,NA,NA,NA
"BIXORE",41381,6461,13066,18062,18111,11650,NA,NA,1.05597186690164,NA,NA,NA,NA,NA,NA,NA,NA,NA,NA,NA,NA,NA,NA,NA,1,NA
"BOCFRU",33838,3944,9062,14702,14320,10376,0.0284905509461046,NA,NA,NA,NA,NA,NA,NA,0.0284905509461046,NA,NA,NA,1.06388731101096,NA,NA,NA,1,NA,NA,NA
"BONUMB",4076,971,1610,1422,1596,625,NA,NA,NA,NA,NA,NA,NA,NA,NA,NA,NA,NA,NA,NA,NA,NA,NA,NA,NA,NA
"BOUSUC",19311,2463,5207,4453,5251,2788,5.03792430016698,19.154175332445,21.6022055228252,22.5976063937062,NA,NA,NA,NA,1.33096513754371,6.96967688282299,8.08739279928463,7.5166927990261,2.48240372411538,0.703054254512936,82.2451575310972,144.969903806186,6,16,16,13
"BOUVIR",12924,2860,4643,3906,4484,1624,1.06388730628038,0.703054254512936,1.05597186690164,1.96081001090547,NA,NA,NA,NA,0.354629102093461,NA,NA,0.0310021386630984,2.1277746267525,NA,0.703981249296475,1.54384630809097,2,1,2,3
"BRUAME",41940,6796,13481,18494,18553,11757,NA,NA,NA,NA,NA,NA,NA,NA,NA,NA,NA,NA,NA,NA,NA,NA,NA,NA,NA,NA
"BRUDEN",20415,2944,6875,11673,11259,8315,NA,NA,NA,NA,NA,NA,NA,NA,NA,NA,NA,NA,NA,NA,NA,NA,NA,NA,NA,NA
"BRULAC",639,469,542,595,559,90,NA,NA,NA,NA,NA,NA,NA,NA,NA,NA,NA,NA,NA,NA,NA,NA,NA,NA,NA,NA
"BUCBUC",32583,4397,9325,11941,12677,8280,11.6379578163351,2.48086105133674,2.24614765973285,3.38830380179333,0.227924407568837,0.141171166241107,0.144141912060049,0.0952692810222168,4.90000487655931,1.42627966956734,1.8941570374323,2.2304190784479,1.06388731101096,21.0308207758512,3.20270787443025,21.1330621746756,16,6,8,9
"BUCTET",17365,3184,6868,11100,10456,7272,0.725006264392821,0.258761354805048,0.288283824120099,0.254805704403552,0.170943305676628,0.117590188563941,0.0565459211742903,0.130797149751159,0.37037716229936,0.258761354805048,0.288283824120099,0.254805704403552,8.31713753062881,1.40610851371507,12.9500006127962,1.18629691453503,7,6,6,5
"BUNGLA",13559,1450,3047,4086,4577,3127,NA,NA,NA,NA,NA,NA,NA,NA,NA,NA,NA,NA,NA,NA,NA,NA,NA,NA,NA,NA
"BURSIM",16415,2380,4087,3112,3769,1389,7.38825558257068,10.9967772431899,9.15416821619929,8.60385344688696,0.211209543705048,0.169405399489329,NA,0.0310021386630984,5.89612528222796,8.71318238747449,6.93784767530617,7.03159495790346,1.28472898789956,10.8973409965317,0.386782891330494,0.385961574448474,28,33,32,33
"BUXPOR",12272,3385,5723,6255,6522,3137,NA,NA,NA,NA,NA,NA,NA,NA,NA,NA,NA,NA,NA,NA,NA,NA,NA,NA,NA,NA
"BUXVAH",37905,5956,11834,15700,15971,10015,NA,NA,NA,NA,NA,NA,NA,NA,NA,NA,NA,NA,NA,NA,NA,NA,NA,NA,NA,NA
"BYRCRA",6374,588,1005,2705,2792,2204,NA,NA,NA,NA,NA,NA,NA,NA,NA,NA,NA,NA,NA,NA,NA,NA,NA,NA,NA,NA
"BYRLUC",12377,1577,2896,4473,4828,3251,4.6386688781611,5.09078518107988,4.37177157898509,6.82482632875099,NA,0.0282342332482215,NA,NA,2.15626516350687,2.63009529028461,2.92901682075295,4.83819407412941,6.38332387079635,11.9519223970579,0.703981244601093,145.026728261782,2,4,5,6
"BYRSPI",10536,889,2739,3524,3105,2216,1.05114481554018,1.2441579418002,0.897508200829275,0.726985099742556,0.113962203784418,0.141171166241107,0.0565459211742903,0.0620042773261967,0.696515713446717,0.892630814543731,0.897508200829275,0.341023525294082,21.1439588044755,1.40610851840427,17.0347190221362,0.41437376563808,5,10,10,8
"BYRWAD",4851,1512,2337,3484,3154,1642,0.41161020398567,0.379761360504689,0.380263582887692,0.416963713111572,0.0284905509461046,NA,0.0282729605871451,NA,0.0569811018922092,0.0282342332482215,0.0282729605871451,0.0310021386630984,0.428242994062336,35.1527129085256,22.171341387479,3.85961576507889,2,2,2,2
"CALANT",21307,3319,6752,7164,7122,3803,5.27134884251656,10.2871324080007,4.74300207968149,7.70226475389,0.341886611353255,0.423513498723322,NA,0.434029941283377,1.01579961739503,3.20110877504917,2.49188926975842,1.77078018121486,2.55601761608426,4.85790988145283,43.4954645231642,7.80446808313245,11,14,16,20
"CALKRU",3574,1416,2129,2625,2425,1009,NA,NA,NA,NA,NA,NA,NA,NA,NA,NA,NA,NA,NA,NA,NA,NA,NA,NA,NA,NA
"CALPAL",10064,1139,1949,1512,1768,629,NA,0.351527127256468,0.703981244601093,0.771923148896948,NA,NA,NA,NA,NA,NA,0.351990622300547,0.385961574448474,NA,1.0545813864586,13.3019912163152,NA,NA,1,2,2
"CANWIN",10938,1125,2873,2854,3472,2347,1.92037329440506,1.4642525397514,1.05597186690164,1.5722584889835,NA,NA,NA,NA,0.782872096155797,1.4642525397514,1.05597186690164,1.15788472334542,0.7092582089175,0.351527127256468,179.251332862011,7.0325449342355,3,2,1,2
"CAPFRO",3649,344,573,393,557,213,NA,NA,NA,NA,NA,NA,NA,NA,NA,NA,NA,NA,NA,NA,NA,NA,NA,NA,NA,NA
"CASACU",24652,3223,6184,7054,7756,4533,NA,1.40610850902587,1.40796248920219,1.15788472334542,NA,NA,NA,NA,NA,NA,NA,NA,NA,NA,NA,NA,NA,2,2,2
"CASARB",13862,2352,5031,8476,7714,5362,8.72786296395317,9.76452431702586,7.61269587013583,6.25627768459181,NA,NA,NA,NA,2.25748487655108,3.14631587278181,4.27081892428117,3.0549363242456,0.354629102093461,0.351527127256468,6.64896164754861,17.9247056596716,15,17,18,18
"CASDEC",22063,3134,7230,7792,7793,4659,3.19166191884115,2.84045125129997,2.49872662513377,2.43200815892276,NA,NA,NA,NA,0.354629102093461,0.379761360504689,0.351990622300547,0.445375904301178,2.83703283093942,14.7641394291772,0.703981244601093,11.7493204328352,5,9,7,7
"CASELA",42075,6489,13138,18163,18260,11771,NA,0.056468466496443,0.0848188817614354,0.0620042773261967,NA,NA,NA,NA,NA,0.056468466496443,0.0848188817614354,0.0620042773261967,NA,10.3025859817404,5.27985936268049,NA,NA,1,1,1
"CASEQU",10371,1137,1713,1430,1656,519,NA,0.169405399489329,NA,NA,NA,0.0847026997446644,NA,NA,NA,0.169405399489329,NA,NA,NA,0.351527127256468,NA,NA,NA,1,NA,NA
"CASGUI",23460,3227,7618,8493,8577,5350,55.2340643960767,53.7377630153424,44.2600593909212,44.2154938226063,NA,NA,NA,NA,8.9312919089853,11.1554883581975,8.18712250311681,9.85310459448607,1.41851641310442,0.351527127256468,0.351990622300547,74.8031184001068,40,40,35,40
"CASSYL",26512,4715,9980,15635,15153,10438,44.9111091975578,53.3962150294636,44.3283531061044,35.3217745213078,NA,NA,NA,NA,5.1190358711213,10.4016062714334,13.0441158543878,12.3393471883146,0.354629102093461,25.6614804350873,1.79474538522806,22.3407561272584,27,39,37,36
"CECSCH",18900,3169,6769,12535,11874,8705,15.0261354133462,10.4217197194498,12.154884410663,9.75683449248886,2.10336159323027,2.24911744889372,0.766147044977243,0.0930064159892951,9.20484199591303,8.95746717969844,11.0641202747314,8.59894976914344,0.354629102093461,21.3242038716066,0.351990622300547,125.172214709274,58,68,69,52
"CEDODO",41940,6796,13481,18494,18553,11757,0.142452754730523,0.492698293497575,0.113091842348581,0.124008554652393,0.0284905509461046,0.0847026997446644,0.0282729605871451,0.0310021386630984,0.142452754730523,0.141171166241107,0.113091842348581,0.124008554652393,4.25554924877442,14.2355172488597,33.8606844620323,40.2252405431247,3,5,4,4
"CEIPEN",25791,3283,6431,7692,8336,5053,NA,0.437905391230215,0.41505585191764,0.445375904301178,NA,NA,NA,0.0310021386630984,NA,0.437905391230215,0.41505585191764,0.445375904301178,NA,9.31147446809544,7.42252744006448,NA,NA,2,2,2
"CELTRI",3864,585,1153,1001,1274,689,NA,NA,NA,NA,NA,NA,NA,NA,NA,NA,NA,NA,NA,NA,NA,NA,NA,NA,NA,NA
"CESCIT",32128,5994,12183,17496,17339,11345,NA,NA,NA,NA,NA,NA,NA,NA,NA,NA,NA,NA,NA,NA,NA,NA,NA,NA,NA,NA
"CESLAU",25497,4194,9383,13320,13246,9052,NA,NA,NA,NA,NA,NA,NA,NA,NA,NA,NA,NA,NA,NA,NA,NA,NA,NA,NA,NA
"CESMAC",16644,3845,6872,10578,9972,6127,0.119850047325576,0.794085774057738,1.47754702726208,1.60067068017311,0.0854716528383138,NA,NA,NA,0.119850047325576,0.0328874888192764,NA,0.41437376563808,15.7509083432601,10.0726727837959,1.40796249859295,0.385961574448474,3,3,3,3
"CHICOM",15523,2649,5299,5403,5327,2678,NA,NA,NA,NA,NA,NA,NA,NA,NA,NA,NA,NA,NA,NA,NA,NA,NA,NA,NA,NA
"CHIDOM",18183,4254,8065,10119,9898,5644,0.383119653039566,0.436229827001132,0.760527165775383,1.57484843645699,NA,0.0282342332482215,NA,NA,0.383119653039566,0.0847026997446644,0.408536543474837,0.802925287560046,16.5472207896696,0.351527127256468,9.15175623146341,0.771923148896948,2,3,4,4
"CHIHOL",2409,681,1132,951,1082,401,NA,NA,NA,NA,NA,NA,NA,NA,NA,NA,NA,NA,NA,NA,NA,NA,NA,NA,NA,NA
"CHIVEN",19349,3171,6533,7100,6916,3745,NA,NA,NA,NA,NA,NA,NA,NA,NA,NA,NA,NA,NA,NA,NA,NA,NA,NA,NA,NA
"CHRARG",20647,3388,7124,7749,7660,4272,NA,1.11272541249493,1.05597186690164,0.771923148896948,NA,NA,NA,NA,NA,NA,NA,NA,NA,NA,NA,NA,NA,3,3,2
"CHRCAI",37211,5928,11762,15599,15822,9894,0.988193796319687,0.470792880049492,0.504463861733567,0.452491581840514,NA,0.0328874888192764,NA,0.03326500369602,0.20532170016389,0.470792880049492,0.15247323943302,0.0665300073920401,82.414767792517,9.95904766214575,1.05597187159702,6.94730836581522,4,3,4,2
"CHRICA",10852,920,1539,2598,2613,1693,0.383119653039566,3.86679839982115,4.5758780899071,3.08769259558779,NA,NA,NA,NA,0.383119653039566,1.0545813817694,2.11194373380328,1.5438462977939,111.073139582105,0.351527127256468,13.0195851363058,1.24312129691424,1,1,1,1
"CHROLI",14591,1378,2673,3461,3753,2375,NA,NA,NA,NA,NA,NA,NA,NA,NA,NA,NA,NA,NA,NA,NA,NA,NA,NA,NA,NA
"CHRPAU",16559,1660,4019,5931,6266,4606,0.354629102093461,NA,0.0282729605871451,0.0310021386630984,NA,NA,NA,NA,0.354629102093461,NA,0.0282729605871451,0.0310021386630984,0.7092582089175,NA,44.0336202960627,1.92980787739091,1,NA,1,1
"CINELO",26008,4089,9208,14423,14087,9998,4.46356633650083,3.48977992733152,3.75384532746545,3.10494047367285,0.176831149217785,0.395279265475101,0.254456645284306,0.812844200339323,2.4695791501269,2.43519854556212,1.64190159366218,2.3330173247759,11.1541703568377,0.351527127256468,12.9152083479975,4.63153891912438,10,29,31,33
"CINMON",19325,3424,7834,10096,9903,6479,0.440100754931775,0.0940092108867744,0.473413792022098,0.581025866558751,NA,0.0328874888192764,NA,NA,0.0854716528383138,0.0940092108867744,0.473413792022098,0.581025866558751,0.709258204186922,1.75763564566074,1.54713157048147,0.385961574448474,4,2,4,5
"CITCAU",6541,1564,3216,4081,3746,2182,NA,0.703054254512936,NA,NA,NA,NA,NA,NA,NA,NA,NA,NA,NA,NA,NA,NA,NA,1,NA,NA
"CITSIN",10341,1515,3975,6597,6232,4717,NA,NA,NA,NA,NA,NA,NA,NA,NA,NA,NA,NA,NA,NA,NA,NA,NA,NA,NA,NA
"CITSPI",25174,3066,7630,9332,9607,6541,NA,NA,0.0931502091344064,0.13306001478408,NA,NA,NA,NA,NA,NA,0.0931502091344064,0.13306001478408,NA,NA,12.6716624732504,NA,NA,NA,1,1
"CLIEGG",10229,1922,4243,6990,6473,4551,NA,NA,NA,NA,NA,NA,NA,NA,NA,NA,NA,NA,NA,NA,NA,NA,NA,NA,NA,NA
"CLIERO",1466,885,1091,1275,1217,332,NA,NA,NA,NA,NA,NA,NA,NA,NA,NA,NA,NA,NA,NA,NA,NA,NA,NA,NA,NA
"CLIHIR",34532,3972,9134,14803,14469,10497,NA,NA,NA,NA,NA,NA,NA,NA,NA,NA,NA,NA,NA,NA,NA,NA,NA,NA,NA,NA
"CLUCLU",5349,1252,2183,3396,3228,1976,1.01079650372463,0.0847026997446644,NA,NA,0.0284905509461046,NA,NA,NA,0.656167401631173,0.0847026997446644,NA,NA,1.13750119824926,47.1046353337187,NA,NA,6,2,NA,NA
"CLUGUN",10226,2296,4459,7186,6616,4320,NA,NA,NA,NA,NA,NA,NA,NA,NA,NA,NA,NA,NA,NA,NA,NA,NA,NA,NA,NA
"CLUMIN",22894,4223,7103,7374,7902,3679,NA,NA,NA,NA,NA,NA,NA,NA,NA,NA,NA,NA,NA,NA,NA,NA,NA,NA,NA,NA
"CLUROS",13384,2874,4473,4009,4453,1579,3.02761448196668,4.26034341238963,4.24158087349987,4.67245994482406,0.0854716528383138,0.056468466496443,NA,0.0310021386630984,1.89011328371742,2.0930366181253,1.74285424836609,2.35669049813322,1.06388731101096,0.351527127256468,130.635947346414,3.47365419063042,15,15,15,14
"COCCOS",6087,2079,3325,2853,3209,1130,NA,NA,NA,NA,NA,NA,NA,NA,NA,NA,NA,NA,NA,NA,NA,NA,NA,NA,NA,NA
"COCDIV",18165,3355,5384,4479,5171,1816,7.6425678383889,10.8487007478339,9.41305565517212,9.6776648401679,0.0284905509461046,0.0282342332482215,NA,NA,1.74766052898689,3.64372611052798,3.32483826897298,3.83141684106158,0.709258204186922,81.4721834058962,0.351990622300547,3.88802795111996,16,16,13,15
"COCKRU",3634,654,1061,796,963,309,3.90092012302807,5.27290690884702,4.92786871220765,5.78942361672711,NA,NA,NA,NA,NA,NA,NA,NA,NA,NA,NA,NA,2,1,1,1
"COCMIC",5286,954,1716,1615,1839,885,5.68750599124629,11.1239029964911,11.6138183307329,15.3097376675278,NA,0.0282342332482215,NA,NA,1.49213030034272,4.44755052152155,5.13881805320327,5.29133982085106,1.418516417835,5.62443406892788,5.63184998967642,2.37259384489467,5,8,9,10
"COCPUB",11373,2903,4978,5018,5442,2539,5.9954019168727,NA,NA,NA,NA,NA,NA,NA,0.428242994062336,NA,NA,NA,1.13750120297984,NA,NA,NA,1,NA,NA,NA
"COCPYR",4633,1842,2612,3462,3245,1403,NA,NA,0.41505585191764,0.445375904301178,NA,NA,NA,NA,NA,NA,0.0282729605871451,0.0310021386630984,NA,NA,0.351990622300547,NA,NA,NA,2,2
"COCRUG",12265,1586,4532,6003,5512,3926,NA,4.91605389578393,4.64139469596593,5.80123271893312,NA,NA,NA,NA,NA,0.819342315963987,0.773565782660989,0.82874753127616,NA,0.351527127256468,1.75995311619811,NA,NA,1,1,1
"COCSIN",559,335,415,432,442,107,0.354629102093461,0.0282342332482215,1.78822607208988,1.92980787224237,NA,NA,NA,NA,0.354629102093461,0.0282342332482215,0.0282729605871451,0.385961574448474,0.354629102093461,17.6345004779545,55.6841031859917,13.0326630364742,1,1,2,1
"COCSWA",12535,2325,5083,8209,7773,5448,0.354629102093461,NA,NA,NA,NA,NA,NA,NA,NA,NA,NA,NA,NA,NA,NA,NA,1,NA,NA,NA
"COCUVI",37211,5928,11762,15599,15822,9894,NA,NA,NA,NA,NA,NA,NA,NA,NA,NA,NA,NA,NA,NA,NA,NA,NA,NA,NA,NA
"COCVEN",24360,3318,7491,7677,8299,4981,NA,0.703054254512936,0.703981244601093,0.416963713111572,NA,NA,NA,NA,NA,0.703054254512936,0.703981244601093,0.416963713111572,NA,8.78817821892529,6.82699093785734,NA,NA,1,1,1
"COFARA",20481,2520,6191,11437,11209,8689,11.4486258744615,12.8294086734094,5.2798593345082,2.70173102113932,NA,NA,NA,NA,1.13750119824926,1.11272541249493,0.351990622300547,0.385961574448474,3.61990492709522,4.56718972236039,0.703981249296475,7.33326995570931,13,13,7,4
"COJARB",17914,3654,5717,4790,5447,1793,0.600134966498647,0.379761360504689,0.380263582887692,0.416963713111572,NA,NA,NA,NA,0.600134966498647,0.0282342332482215,0.0282729605871451,0.0310021386630984,6.69121980035065,0.351527127256468,22.0321723057356,7.17460587988645,1,2,2,2
"COLARB",9757,2254,3589,3153,3613,1359,1.77314551046731,1.63868463192797,0.773565782660989,0.82874753127616,NA,NA,NA,NA,0.709258204186922,NA,NA,NA,0.354629102093461,NA,NA,17.266431266373,1,2,1,1
"COLELL",3755,543,843,517,684,141,NA,NA,NA,NA,NA,NA,NA,NA,NA,NA,NA,NA,NA,NA,NA,NA,NA,NA,NA,NA
"COLVER",5653,910,1966,1949,2282,1372,NA,NA,NA,NA,NA,NA,NA,NA,NA,NA,NA,NA,NA,NA,NA,NA,NA,NA,NA,NA
"COMDOD",5826,862,1504,1094,1379,517,0.709258204186922,0.703054254512936,0.703981244601093,0.771923148896948,NA,NA,NA,NA,NA,NA,NA,NA,NA,NA,NA,NA,1,1,1,1
"COMGLA",4476,1830,2852,2452,2745,915,0.354629102093461,0.351527127256468,1.05597186690164,1.5438462977939,NA,NA,NA,NA,NA,NA,NA,NA,NA,NA,NA,NA,1,1,2,3
"CONERE",16080,1852,3367,4198,4677,2825,0.794729857025236,0.787756954257601,0.436809504061982,0.478967990437769,NA,NA,NA,NA,0.0854716528383138,0.0847026997446644,0.0848188817614354,0.478967990437769,11.7027604447735,1.40610851371507,0.703981244601093,11.9648088696851,1,1,1,1
"CORALL",20807,2331,6094,11137,10813,8482,2.53141735501346,4.72480747263899,3.96169403770595,2.65730170433875,0.0854716528383138,0.404585776617211,0.344829745294389,0.562564226001614,1.3939161567642,1.50291929660525,2.55373154850377,1.8853785554418,11.3481313142965,2.1091627776064,2.95509405968366,3.0876926110334,11,20,26,24
"CORBOR",14950,2375,5740,8688,7941,5566,3.41958632640999,1.81410410277878,1.11251778807593,1.21988900067162,0.142452754730523,NA,NA,NA,1.29181171384922,0.759522721009379,0.0565459211742903,0.0620042773261967,6.02869477343346,4.21832554583441,0.351990622300547,10.0350010025913,8,6,4,4
"CORCOL",14162,955,3040,5148,5557,4602,NA,0.351527127256468,0.351990622300547,0.385961574448474,NA,NA,NA,NA,NA,NA,0.351990622300547,NA,NA,0.409671157981994,NA,NA,NA,1,1,1
"CORHIR",6955,824,1385,992,1290,466,NA,NA,NA,NA,NA,NA,NA,NA,NA,NA,NA,NA,NA,NA,NA,NA,NA,NA,NA,NA
"CORLAE",32024,4385,9105,11495,12138,7753,2.30349294744462,NA,NA,0.155010693315492,NA,NA,NA,0.124008554652394,0.737748755133027,NA,NA,0.155010693315492,8.52453885253313,NA,NA,31.2628877156737,3,NA,NA,3
"COROBO",37211,5928,11762,15599,15822,9894,NA,NA,NA,0.0310021386630984,NA,NA,NA,0.0310021386630984,NA,NA,NA,0.0310021386630984,NA,NA,NA,NA,NA,NA,NA,1
"CORRIC",21049,2531,4966,6049,6686,4155,0.709258204186922,NA,NA,NA,NA,NA,NA,NA,NA,NA,NA,NA,NA,NA,NA,NA,1,NA,NA,NA
"CORSUL",14668,1966,4642,9048,8331,6365,2.849816529091,6.5624338644174,6.76174310384543,6.54208552765846,0.284905509461046,0.141171166241107,0.169637763522871,0.188275697011512,2.14055832490408,4.0435999428966,5.63618669888389,4.16949169858841,2.56945798151167,0.703054259202135,1.40796248920219,113.766061633886,23,33,33,27
"CRECUJ",21394,3303,5678,6088,6744,3441,0.0343783944872623,0.0328874888192764,NA,0.03326500369602,NA,NA,NA,NA,0.0343783944872623,0.0328874888192764,NA,0.03326500369602,2.1277746267525,63.5669342447038,NA,3.28657795049766,1,1,NA,1
"CRELIN",7531,846,1548,1474,1747,901,NA,NA,NA,NA,NA,NA,NA,NA,NA,NA,NA,NA,NA,NA,NA,NA,NA,NA,NA,NA
"CREPOR",10487,1145,1723,1450,1673,528,NA,NA,NA,NA,NA,NA,NA,NA,NA,NA,NA,NA,NA,NA,NA,NA,NA,NA,NA,NA
"CRIPOR",27958,5461,10879,15033,15050,9589,NA,NA,NA,NA,NA,NA,NA,NA,NA,NA,NA,NA,NA,NA,NA,NA,NA,NA,NA,NA
"CROAST",5547,762,1655,1673,2024,1262,1.63935808428047,2.39988291716644,0.738773513631041,NA,NA,NA,NA,NA,NA,NA,NA,NA,NA,NA,NA,NA,2,3,2,NA
"CROBET",14257,1599,3124,2895,3534,1935,NA,NA,NA,NA,NA,NA,NA,NA,NA,NA,NA,NA,NA,NA,NA,NA,NA,NA,NA,NA
"CRODIS",5043,705,1225,897,1122,417,NA,NA,NA,NA,NA,NA,NA,NA,NA,NA,NA,NA,NA,NA,NA,NA,NA,NA,NA,NA
"CROFLA",8893,1195,2502,1829,2349,1154,1.49213030034272,0.819342315963987,NA,NA,NA,NA,NA,NA,0.428242994062336,NA,NA,NA,3.90092014195038,NA,NA,NA,3,1,NA,NA
"CROGLA",4959,743,1207,798,1039,296,NA,NA,NA,NA,NA,NA,NA,NA,NA,NA,NA,NA,NA,NA,NA,NA,NA,NA,NA,NA
"CROIMP",6988,1011,1967,4036,4062,3051,NA,NA,NA,NA,NA,NA,NA,NA,NA,NA,NA,NA,NA,NA,NA,NA,NA,NA,NA,NA
"CROPOE",914,590,786,844,802,212,1.26332116290312,1.13928408151407,0.732254205188238,0.0310021386630984,0.0854716528383138,NA,NA,NA,0.554062958716193,0.436229827001132,0.732254205188238,0.0310021386630984,117.154979713317,0.703054259202135,0.703981249296475,1.18629691453503,3,3,2,1
"CRORHA",3468,642,1114,780,950,308,3.90092012302807,4.56985265433408,4.5758780899071,6.56134676562406,NA,NA,NA,NA,NA,NA,NA,NA,NA,NA,NA,NA,2,3,3,3
"CSSGUI",18644,3927,8048,10854,10310,6383,NA,0.0328874888192764,0.703981244601093,0.771923148896948,NA,NA,NA,NA,NA,0.0328874888192764,0.351990622300547,0.771923148896948,NA,102.204295238439,0.351990622300547,NA,NA,1,1,1
"CUPAME",26833,3890,8075,11778,11860,7970,3.85371716401348,5.18008244771806,4.1588975322994,4.69598768565406,0.0569811018922092,0.056468466496443,NA,0.0620042773261967,0.588441353203456,2.3097213989408,2.75093504309721,3.15214138786017,13.4759059599713,0.409671157981994,0.738773513631041,10.5061991149478,15,19,20,24
"CYAARB",14895,2579,5889,9958,9324,6745,2.84187178284383,6.81547468848218,6.05731249040536,2.81210403568992,NA,NA,NA,NA,2.84187178284383,6.81547468848218,6.05731249040536,2.81210403568992,1.77314551992846,4.92137980972575,0.351990622300547,7.33326995570931,8,15,18,9
"CYABOR",32128,5994,12183,17496,17339,11345,NA,NA,NA,NA,NA,NA,NA,NA,NA,NA,NA,NA,NA,NA,NA,NA,NA,NA,NA,NA
"CYNFLE",12773,1861,3034,2391,2821,960,NA,1.75763563628234,0.703981244601093,0.771923148896948,NA,NA,NA,NA,NA,0.703054254512936,0.351990622300547,0.385961574448474,NA,0.703054259202135,0.703981244601093,NA,NA,2,1,1
"CYNHAS",8058,908,1866,1415,1895,987,NA,2.46068989079528,2.46393435610383,1.92980787224237,NA,NA,NA,NA,NA,0.703054254512936,1.05597186690164,1.15788472334542,NA,22.6721683350637,2.70748024963245,NA,NA,1,1,1
"CYNPOR",12996,2109,3464,2734,3222,1113,NA,NA,NA,NA,NA,NA,NA,NA,NA,NA,NA,NA,NA,NA,NA,NA,NA,NA,NA,NA
"CYRRAC",855,718,799,833,822,104,0.142452754730523,0.0282342332482215,0.0282729605871451,0.0310021386630984,NA,NA,NA,NA,0.142452754730523,0.0282342332482215,0.0282729605871451,0.0310021386630984,0.7092582089175,0.761198285238462,1.05597187159702,10.1202375349718,2,1,1,1
"DACEXC",11829,2072,4276,6835,6196,4124,0.696515713446717,1.18936503953284,1.19391799214969,1.14362173041356,0.227924407568837,0.338810798978658,0.226183684697161,0.18601283197859,0.341886611353255,0.837837912276371,1.19391799214969,1.14362173041356,2.83703282147827,44.3794139721795,69.7515242913469,17.9247056501325,5,6,6,4
"DAPAME",5550,1140,2212,3790,3413,2273,0.0343783944872623,1.69980635399547,1.63750466533206,1.78602934727056,0.0343783944872623,NA,NA,NA,0.0343783944872623,0.0611217220674979,0.0903731000100827,0.957281815994397,7.80184027917019,0.351527127256468,1.05597187159702,3.88802794082288,1,3,4,5
"DAPHEL",9904,2025,3124,2473,2835,810,NA,NA,NA,NA,NA,NA,NA,NA,NA,NA,NA,NA,NA,NA,NA,NA,NA,NA,NA,NA
"DAPPHI",11597,2426,4685,8010,7352,4926,0.354629102093461,0.351527127256468,0.351990622300547,NA,NA,NA,NA,NA,NA,NA,NA,NA,NA,NA,NA,NA,1,1,1,NA
"DELREG",30227,3746,8173,12671,12473,8727,0.119850047325576,0.881766165144375,1.70457764069526,1.76538699850143,NA,NA,NA,0.0310021386630984,0.119850047325576,0.178711910631439,0.648605773793616,0.607502275156006,0.428242994062336,0.351527127256468,9.64291591626171,1.92980787739091,2,4,5,4
"DENARB",22628,4449,8591,13916,13370,8921,8.48151816966793,9.40418724283026,10.3214144318211,8.80362053944359,0.256414958514942,NA,NA,0.0620042773261967,3.4430968483906,5.18586171575264,5.39354571961345,6.10188951830427,4.96480744823077,0.409671157981994,66.2664103331401,0.385961574448474,25,22,24,26
"DENLAU",12834,1905,4705,7617,7231,5326,NA,NA,NA,NA,NA,NA,NA,NA,NA,NA,NA,NA,NA,NA,NA,NA,NA,NA,NA,NA
"DIOSIN",8218,2860,4429,3812,4250,1390,NA,NA,NA,NA,NA,NA,NA,NA,NA,NA,NA,NA,NA,NA,NA,NA,NA,NA,NA,NA
"DITMYR",1906,800,1152,1472,1270,470,0.709258204186922,0.703054254512936,0.732254205188238,NA,NA,NA,NA,NA,NA,NA,0.380263582887692,NA,NA,9.13970536024936,NA,NA,1,1,2,NA
"DRYALB",12030,3259,5564,6020,6322,3063,2.83703281674769,NA,NA,NA,NA,NA,NA,NA,NA,NA,NA,NA,NA,NA,NA,NA,2,NA,NA,NA
"DRYGLA",3440,1501,2157,2588,2399,898,0.440100754931775,0.351527127256468,0.0282729605871451,0.0310021386630984,0.0569811018922092,NA,NA,0.0310021386630984,0.0854716528383138,NA,0.0282729605871451,0.0310021386630984,1.418516417835,0.703054254512936,0.386782891330494,0.771923154045485,3,1,1,1
"DRYILI",13403,2722,4395,3688,4163,1441,NA,NA,NA,NA,NA,NA,NA,NA,NA,NA,NA,NA,NA,NA,NA,NA,NA,NA,NA,NA
"ELAXYL",16056,2202,3833,3699,4136,1934,NA,NA,NA,NA,NA,NA,NA,NA,NA,NA,NA,NA,NA,NA,NA,NA,NA,NA,NA,NA
"ERIFRU",12258,1712,2858,2283,2689,977,1.41851640837384,0.703054254512936,0.735031314312562,0.03326500369602,NA,NA,NA,NA,NA,NA,0.0310500697114688,0.03326500369602,NA,NA,5.345375961205,NA,2,1,2,1
"ERYARE",4761,683,1117,713,936,253,NA,0.819342315963987,2.31695514866449,2.52436041003091,NA,NA,NA,NA,NA,0.409671157981994,0.417832961041963,0.48090377303012,NA,0.819342321428799,19.7769915309438,NA,NA,1,3,3
"ERYBER",34397,4279,9477,15134,14762,10483,4.32430601409606,3.86679839982115,3.9284427664803,NA,0.0343783944872623,NA,NA,NA,1.48727319734837,3.51527127256468,3.57645214417975,NA,1.06388731101096,60.0450062640046,0.351990622300547,NA,2,1,1,NA
"ERYBRE",16643,1840,3553,2724,3260,1420,NA,NA,NA,NA,NA,NA,NA,NA,NA,NA,NA,NA,NA,NA,NA,NA,NA,NA,NA,NA
"ERYPOE",24581,3735,7123,11890,11893,8158,1.95983687634983,2.94067185601504,2.62737633281469,1.40590183265021,0.284905509461046,0.19763963273755,0.141364802935726,0.155010693315492,1.25057867216291,1.88609047424564,2.27538571051415,1.40590183265021,8.1564693718025,0.351527127256468,24.4961066853163,11.1479455035058,11,15,16,9
"ERYROT",12104,1299,2547,2216,2754,1455,NA,3.86679839982115,3.87189684530601,4.63153889338169,NA,NA,NA,NA,NA,0.351527127256468,0.351990622300547,0.385961574448474,NA,10.6039578953116,13.3675078289259,NA,NA,4,4,5
"ERYRUF",10371,1137,1713,1430,1656,519,0.428242994062336,0.409671157981994,0.738773513631041,1.24312129691424,NA,NA,NA,NA,NA,NA,0.386782891330494,0.41437376563808,NA,NA,28.6852018928196,NA,1,1,2,2
"ERYURB",18030,3662,5727,4810,5464,1802,NA,NA,NA,NA,NA,NA,NA,NA,NA,NA,NA,NA,NA,NA,NA,NA,NA,NA,NA,NA
"EUGAXI",7156,890,1712,1353,1688,798,NA,NA,NA,NA,NA,NA,NA,NA,NA,NA,NA,NA,NA,NA,NA,NA,NA,NA,NA,NA
"EUGBIF",26923,3596,8408,9510,9860,6264,8.54339722673851,9.02237117986535,9.50090950673547,11.5254851769982,0.0628689454333669,NA,NA,NA,1.73183039499387,4.21994240262916,3.44748438956628,2.94909396556296,0.428242994062336,8.14326799513788,2.11194374319404,0.385961574448474,14,11,13,16
"EUGBOR",6049,1369,2844,3540,3168,1799,1.85861716330562,1.43434274227409,1.08424482748878,1.5438462977939,0.0284905509461046,0.0282342332482215,NA,NA,0.794729857025236,0.0282342332482215,0.0282729605871451,NA,4.25554923931327,6.38563235416634,15.4487272477848,1.21470911125218,4,4,3,3
"EUGCON",559,335,415,432,442,107,0.383119653039566,1.08281561501763,0.0282729605871451,0.0310021386630984,0.0284905509461046,NA,NA,NA,0.0284905509461046,0.731288487761158,0.0282729605871451,0.0310021386630984,20.4686095994276,3.51527129132148,1.75995311619811,41.4801708875061,2,2,1,1
"EUGCOR",13242,1068,2868,6058,6188,5120,0.0569811018922092,NA,NA,NA,0.0569811018922092,NA,NA,NA,0.0569811018922092,NA,NA,NA,12.9407562459421,NA,NA,NA,1,NA,NA,NA
"EUGDOM",21153,3458,7304,7913,7713,4255,NA,NA,NA,1.15788472334542,NA,NA,NA,NA,NA,NA,NA,0.385961574448474,NA,NA,NA,NA,NA,NA,NA,1
"EUGEGG",9890,2095,4205,6875,6310,4215,NA,NA,NA,NA,NA,NA,NA,NA,NA,NA,NA,NA,NA,NA,NA,NA,NA,NA,NA,NA
"EUGFOE",13728,2191,3625,2860,3399,1208,NA,NA,NA,NA,NA,NA,NA,NA,NA,NA,NA,NA,NA,NA,NA,NA,NA,NA,NA,NA
"EUGLIG",15039,1934,3338,2859,3420,1486,NA,3.01488334347654,1.86432991859258,3.22975355153582,NA,0.0282342332482215,NA,NA,NA,0.0282342332482215,NA,NA,NA,1.0545813864586,NA,NA,NA,2,3,4
"EUGMON",29160,4289,9784,10670,11160,6871,12.3201620557813,23.4007937814484,23.3139440405266,20.1729321258913,NA,NA,NA,0.0665300073920401,1.52062085128882,4.12760875597147,6.20964055592068,4.97836976645282,3.54629103985692,0.351527127256468,15.4875874563502,12.2489307672726,12,22,22,22
"EUGPAD",8218,2860,4429,3812,4250,1390,NA,NA,NA,NA,NA,NA,NA,NA,NA,NA,NA,NA,NA,NA,NA,NA,NA,NA,NA,NA
"EUGPSE",19863,2926,6108,6131,6277,3351,0.0569811018922092,3.98042351836889,1.82953764956263,1.98663225462158,NA,NA,NA,NA,0.0569811018922092,1.22901347394598,0.351990622300547,0.385961574448474,22.4286877572971,4.56985266371248,1.09076413593159,58.8886631367069,1,3,3,3
"EUGRHO",17257,1781,4518,6426,6960,5179,5.11203521324621,2.22545082498986,5.48861294868788,5.78942361672711,NA,NA,NA,NA,0.354629102093461,NA,1.93391445665247,NA,8.15646939545539,8.60842025342294,NA,12.3507704595792,4,3,4,6
"EUGSTA",8069,1986,3509,5753,5183,3197,NA,0.0282342332482215,0.0282729605871451,0.0310021386630984,NA,NA,NA,NA,NA,0.0282342332482215,0.0282729605871451,0.0310021386630984,NA,22.4950732874674,2.11194374319404,NA,NA,1,1,1
"EUGSTE",24585,3477,8179,14136,13548,10071,NA,NA,NA,NA,NA,NA,NA,NA,NA,NA,NA,NA,NA,NA,NA,NA,NA,NA,NA,NA
"EUGWOO",2799,574,917,700,852,278,NA,NA,NA,NA,NA,NA,NA,NA,NA,NA,NA,NA,NA,NA,NA,NA,NA,NA,NA,NA
"EUPPET",7098,830,1567,1163,1549,719,NA,NA,NA,NA,NA,NA,NA,NA,NA,NA,NA,NA,NA,NA,NA,NA,NA,NA,NA,NA
"EXOCAR",7343,916,1857,1338,1801,885,11.0219927158434,7.26311866803146,9.09985736189759,12.1094597113242,NA,NA,NA,NA,1.44700695931995,0.703054254512936,2.16848965497757,3.50465630869936,5.67406565714827,85.7593047220917,11.6423470113223,1.15788472849396,10,8,12,11
"EXOPAN",12271,2488,4590,4059,4353,1865,NA,2.10916276353881,2.11194373380328,2.31576944669084,NA,NA,NA,NA,NA,0.351527127256468,0.351990622300547,0.385961574448474,NA,0.761198285238462,1.40796249389757,NA,NA,2,2,3
"FAROCC",20981,3372,7341,8111,8075,4703,2.12777461256077,1.40610850902587,3.87189684530601,5.01750046783016,NA,NA,NA,NA,NA,NA,0.703981244601093,0.771923148896948,NA,NA,11.08567068858,NA,3,4,8,7
"FICAME",16355,3171,6871,9466,8869,5698,0.0284905509461046,0.0282342332482215,0.0282729605871451,0.0310021386630984,NA,NA,NA,NA,0.0284905509461046,0.0282342332482215,0.0282729605871451,0.0310021386630984,0.354629102093461,96.645993970385,49.9826686718774,2.31576946213646,1,1,1,1
"FICCIT",33555,4597,10071,12386,12855,8258,2.03544831252341,1.40269869189017,1.46012464249464,2.01566697283914,0.0284905509461046,NA,NA,NA,0.971561006243022,1.40269869189017,1.1081340201941,1.24374382394219,9.92961491065327,24.6015731291866,0.351990622300547,5.78942365276687,10,11,11,12
"FICCRA",37211,5928,11762,15599,15822,9894,NA,NA,NA,NA,NA,NA,NA,NA,NA,NA,NA,NA,NA,NA,NA,NA,NA,NA,NA,NA
"FICTRI",33838,3944,9062,14702,14320,10376,0.0284905509461046,0.056468466496443,0.0565459211742903,0.0620042773261967,0.0284905509461046,NA,NA,NA,0.0284905509461046,0.056468466496443,0.0565459211742903,0.0620042773261967,2.48240372884596,0.703054254512936,6.18852629740436,2.37259383936713,1,2,2,2
"FORSEG",3128,493,743,450,613,120,NA,NA,NA,NA,NA,NA,NA,NA,NA,NA,NA,NA,NA,NA,NA,NA,NA,NA,NA,NA
"GARHES",3322,557,1151,1699,1712,1155,NA,NA,NA,NA,NA,NA,NA,NA,NA,NA,NA,NA,NA,NA,NA,NA,NA,NA,NA,NA
"GARPOR",8813,1036,3138,4069,3702,2666,NA,NA,NA,NA,NA,NA,NA,NA,NA,NA,NA,NA,NA,NA,NA,NA,NA,NA,NA,NA
"GAUATT",13158,1000,1737,2533,2797,1797,NA,NA,NA,NA,NA,NA,NA,NA,NA,NA,NA,NA,NA,NA,NA,NA,NA,NA,NA,NA
"GENAME",22010,2473,6449,8315,8041,5568,2.48240371465423,NA,NA,NA,NA,NA,NA,NA,2.48240371465423,NA,NA,NA,0.7092582089175,NA,NA,NA,1,NA,NA,NA
"GESPED",16273,3025,5750,9093,9148,6123,2.56945796437401,NA,NA,NA,NA,NA,NA,NA,0.856485988124671,NA,NA,NA,20.7157157952395,NA,NA,NA,1,NA,NA,NA
"GOEELE",9098,1657,3902,4041,4000,2343,NA,NA,NA,NA,NA,NA,NA,NA,NA,NA,NA,NA,NA,NA,NA,NA,NA,NA,NA,NA
"GOMLIN",9157,1532,3611,6121,5681,4149,0.709258204186922,NA,NA,NA,NA,NA,NA,NA,NA,NA,NA,NA,NA,NA,NA,NA,1,NA,NA,NA
"GONHIR",25085,5040,9716,15081,14442,9402,NA,NA,NA,NA,NA,NA,NA,NA,NA,NA,NA,NA,NA,NA,NA,NA,NA,NA,NA,NA
"GONPOR",720,530,621,671,637,107,NA,NA,NA,NA,NA,NA,NA,NA,NA,NA,NA,NA,NA,NA,NA,NA,NA,NA,NA,NA
"GOSHIR",7365,653,1249,1204,1515,862,NA,NA,NA,NA,NA,NA,NA,NA,NA,NA,NA,NA,NA,NA,NA,NA,NA,NA,NA,NA
"GUABLA",8721,2050,3581,6372,6114,4064,NA,NA,NA,NA,NA,NA,NA,NA,NA,NA,NA,NA,NA,NA,NA,NA,NA,NA,NA,NA
"GUACAR",1095,530,703,810,765,235,NA,NA,NA,NA,NA,NA,NA,NA,NA,NA,NA,NA,NA,NA,NA,NA,NA,NA,NA,NA
"GUAFRA",26532,3659,8642,9373,9563,5904,3.52757861286612,10.470124137087,12.9110955392733,15.1103481763795,0.0284905509461046,0.112936932992886,0.0848188817614354,0.0620042773261967,1.68081921042994,3.85191569284299,6.78808588404426,8.37852826361778,0.354629102093461,1.4642525444406,7.10939700285235,8.96235280132933,13,29,33,35
"GUAGLA",7358,1917,3217,5195,4661,2744,2.03433549818947,1.75763563628234,2.46393435610383,2.31576944669084,NA,NA,NA,NA,0.46859130587788,0.703054254512936,0.703981244601093,NA,14.1851641641583,11.2435422231028,1.54713157564097,5.01750049872139,4,4,5,5
"GUAGUI",26712,4183,9472,15287,14939,10756,68.9353872430989,74.1948086771722,81.8103031607381,79.7471769489127,2.17705755898627,1.15760356317708,0.622005132917193,1.96444906093981,25.8242766748487,35.8281966042016,39.8312460958865,43.7557048494298,1.41851641310442,3.16374415937581,3.30708469653446,10.1486497423651,74,87,96,93
"GUAOBT",8218,2860,4429,3812,4250,1390,NA,0.819342315963987,0.773565782660989,1.24312129691424,NA,NA,NA,NA,NA,0.409671157981994,0.386782891330494,0.41437376563808,NA,4.8024287873902,36.2550343129439,39.3514777023002,NA,1,1,1
"GUAOFF",5961,770,1481,1052,1335,565,0.772127149620289,0.0893559553157194,0.0875959908857591,0.0952692810222168,NA,NA,NA,NA,0.0628689454333669,0.0893559553157194,0.0875959908857591,0.0952692810222168,2.1277746267525,1.40610851371507,0.703981249296475,25.4970822302996,3,2,2,2
"GUASAN",1293,364,516,359,416,52,NA,NA,NA,NA,NA,NA,NA,NA,NA,NA,NA,NA,NA,NA,NA,NA,NA,NA,NA,NA
"GUAULM",16699,1369,4289,7549,7630,6261,1.87817344906085,2.13647405652204,3.43924573560607,4.42557902070317,0.0284905509461046,0.0282342332482215,0.0565459211742903,0.0952692810222168,1.52354434696739,2.13647405652204,2.27889706161459,2.38212238370238,0.354629102093461,8.14326799982708,4.11544274353002,2.70173103143639,10,14,19,18
"GUEELL",6405,841,1704,1185,1511,670,0.354629102093461,NA,NA,NA,NA,NA,NA,NA,NA,NA,NA,NA,NA,NA,NA,NA,1,NA,NA,NA
"GUEKRU",4346,624,1012,648,843,219,NA,NA,NA,NA,NA,NA,NA,NA,NA,NA,NA,NA,NA,NA,NA,NA,NA,NA,NA,NA
"GUEOVA",13601,2903,5942,9101,8662,5759,NA,0.351527127256468,0.0282729605871451,0.450228716807592,NA,NA,NA,NA,NA,0.351527127256468,0.0282729605871451,0.0642671423591184,NA,5.68257808558581,7.74379373287046,1.15788472334542,NA,1,1,3
"GUEPUN",7064,1864,3218,3797,3943,2079,NA,4.56985265433408,6.05342511716919,5.84624799910632,NA,NA,NA,NA,NA,1.0545813817694,1.75995311150273,2.31576944669084,NA,1.52239658063093,2.8507172521297,1.54384630809097,NA,2,3,2
"GUESCA",16373,3296,5547,5367,5853,2557,23.8364591434462,28.6424300770277,29.5162183592685,35.9904086953403,NA,0.0282342332482215,0.0565459211742903,0.0310021386630984,1.83601445590067,3.04441970383765,3.19057415678845,3.77331576677328,2.48240372884596,0.409671157981994,42.5090771084133,22.4710080052271,18,23,24,22
"GUEVAL",11848,1648,4591,6314,5986,4338,NA,NA,0.0282729605871451,0.0310021386630984,NA,NA,NA,NA,NA,NA,0.0282729605871451,0.0310021386630984,NA,NA,0.738773513631041,2.34418164817752,NA,NA,1,1
"GYMLAT",17593,3268,5257,4298,4990,1722,NA,2.04835578990997,1.54713156532198,3.56148069107858,NA,NA,NA,NA,NA,0.819342315963987,0.773565782660989,0.416963713111572,NA,0.761198285238462,34.8389359198017,1.18629691453503,NA,1,1,4
"GYMLUC",11118,2484,4072,3308,3852,1368,14.2942419459657,11.6914267190082,11.6467406056295,17.8678811893882,NA,NA,NA,NA,1.27987187919266,0.735941743332212,1.08702193661311,1.15788472334542,2.12777461729135,26.242920678245,40.5485063233057,0.771923154045485,3,9,10,10
"HAESAL",3014,1205,1794,2110,1916,711,NA,NA,NA,NA,NA,NA,NA,NA,NA,NA,NA,NA,NA,NA,NA,NA,NA,NA,NA,NA
"HAMAXI",21641,3860,6616,6841,7311,3451,NA,NA,NA,NA,NA,NA,NA,NA,NA,NA,NA,NA,NA,NA,NA,NA,NA,NA,NA,NA
"HEDARB",3416,997,1814,2275,1974,977,NA,NA,NA,NA,NA,NA,NA,NA,NA,NA,NA,NA,NA,NA,NA,NA,NA,NA,NA,NA
"HELJAM",16495,2362,4021,3882,4419,2057,NA,NA,0.703981244601093,1.15788472334542,NA,NA,NA,NA,NA,NA,0.351990622300547,0.385961574448474,NA,NA,1.05597187159702,6.58975898255635,NA,NA,2,1
"HENFAS",24026,3142,7764,13704,13106,9964,0.0284905509461046,NA,NA,NA,NA,NA,NA,NA,0.0284905509461046,NA,NA,NA,1.63935808999302,NA,NA,NA,1,NA,NA,NA
"HENMAC",9500,2074,4069,6669,6099,4025,1.94408881614393,1.46257697552232,NA,NA,0.0284905509461046,NA,NA,NA,0.88020150986355,0.056468466496443,NA,NA,30.1703545582136,8.84632224496162,NA,NA,4,2,NA,NA
"HENSQU",4644,1598,2403,3330,3045,1447,1.94408881614393,2.60186105703638,0.521628385823417,0.478967990437769,NA,NA,NA,NA,0.525572407770089,0.141171166241107,0.521628385823417,0.478967990437769,2.12777461729135,0.409671157981994,0.351990622300547,28.5161413956621,7,6,4,2
"HIBELA",29552,3403,7748,12219,12014,8611,0.896834299940215,0.819342315963987,NA,NA,NA,NA,NA,NA,0.542205197846754,0.409671157981994,NA,NA,2.12777461729135,0.351527127256468,NA,NA,4,1,NA,NA
"HIBTIL",27283,5118,10454,14581,14591,9473,NA,NA,NA,NA,NA,NA,NA,NA,NA,NA,NA,NA,NA,NA,NA,NA,NA,NA,NA,NA
"HIECLU",37770,6263,12177,16031,16264,10001,NA,NA,NA,NA,NA,NA,NA,NA,NA,NA,NA,NA,NA,NA,NA,NA,NA,NA,NA,NA
"HIPMAN",9616,1495,2781,3776,4070,2575,NA,NA,0.351990622300547,0.771923148896948,NA,NA,NA,NA,NA,NA,NA,NA,NA,NA,NA,NA,NA,NA,1,1
"HIRRUG",10979,2190,4719,7382,6670,4480,0.709258204186922,0.703054254512936,0.703981244601093,NA,NA,NA,NA,NA,NA,NA,NA,NA,NA,NA,NA,NA,1,1,1,NA
"HIRTRI",33838,3944,9062,14702,14320,10376,0.856485988124671,NA,NA,NA,NA,NA,NA,NA,0.428242994062336,NA,NA,NA,0.709258204186922,NA,NA,NA,1,NA,NA,NA
"HOMRAC",12542,1745,4854,6547,5998,4253,5.5344543006563,3.41785224454221,4.67625483700088,4.67960726021659,0.170943305676628,0.0847026997446644,NA,0.0930064159892951,3.40667968809553,1.66021660825987,2.91630172549815,2.74979938797422,0.428242994062336,8.08512397379075,37.8206864046327,4.83042425858863,12,9,13,11
"HURCRE",17497,2011,4271,8238,8343,6332,0.0569811018922092,NA,NA,0.0310021386630984,NA,NA,NA,NA,0.0569811018922092,NA,NA,0.0310021386630984,64.1347225792012,NA,NA,13.0776783250495,2,NA,NA,1
"HYMCOU",19604,1625,4479,6952,7234,5609,2.68675861116023,3.13501909758873,2.84194971167065,0.988252316804302,0.182718992758943,0.159784188525327,0.0310500697114688,0.126271419685315,1.97750040697331,2.43196484307579,2.48995908937011,0.988252316804302,1.06388731101096,0.409671157981994,0.351990622300547,7.50374309883542,5,5,5,6
"HYPTRI",1493,446,684,501,574,128,NA,NA,NA,NA,NA,NA,NA,NA,NA,NA,NA,NA,NA,NA,NA,NA,NA,NA,NA,NA
"ILENIT",4142,1447,1792,3399,3303,1856,0.709258204186922,0.703054254512936,1.40796248920219,1.5438462977939,NA,NA,NA,NA,0.354629102093461,0.351527127256468,0.703981244601093,0.771923148896948,4.61017835559846,6.67901543194049,1.05597187159702,37.0523113581435,2,2,3,3
"ILESID",25279,3505,8251,14237,13697,10192,NA,NA,0.351990622300547,NA,NA,NA,NA,NA,NA,NA,0.351990622300547,NA,NA,NA,1.09076414062697,NA,NA,NA,1,NA
"ILEURB",8102,2852,4419,3792,4233,1381,NA,NA,NA,NA,NA,NA,NA,NA,NA,NA,NA,NA,NA,NA,NA,NA,NA,NA,NA,NA
"INDSUF",14889,1613,2767,2680,3041,1428,NA,NA,NA,NA,NA,NA,NA,NA,NA,NA,NA,NA,NA,NA,NA,NA,NA,NA,NA,NA
"INGLAU",18042,2439,6020,10920,10376,7937,7.15442519456247,6.36951197427691,7.40125782024458,6.2849853203688,0.969627398927241,0.451747731971544,0.25723375440863,0.436292806316299,5.30766579212629,4.20220518001258,4.16375768147976,2.72609457676371,20.9231171512398,9.84275962414069,0.386782891330494,11.3633588477107,34,38,40,36
"INGVER",22422,2826,7242,12895,12503,9677,13.3472267255271,13.5809417521548,9.86662942063838,9.40900996162673,0.57569886246325,0.319883076872546,0.228960793821485,0.343286390327004,6.25464468365788,9.6559993216081,8.45866693143619,7.47920208938436,23.6999764404641,1.40610851371507,11.2636999746575,5.98830898155505,36,47,51,45
"IXOFER",18966,3183,6535,7095,6923,3740,1.12086840817259,0.056468466496443,0.436809504061982,0.92693384221244,0.0569811018922092,0.056468466496443,0.0565459211742903,0.155010693315492,0.0569811018922092,0.056468466496443,0.0848188817614354,0.155010693315492,2.8504731859237,3.27736928025039,9.9253220141244,32.0182076836714,3,1,2,2
"JACARB",5761,633,1118,675,968,335,NA,NA,NA,NA,NA,NA,NA,NA,NA,NA,NA,NA,NA,NA,NA,NA,NA,NA,NA,NA
"JACBER",4810,730,1282,980,1213,483,NA,NA,NA,NA,NA,NA,NA,NA,NA,NA,NA,NA,NA,NA,NA,NA,NA,NA,NA,NA
"JATGOS",8869,795,1313,1382,1658,863,NA,NA,NA,NA,NA,NA,NA,NA,NA,NA,NA,NA,NA,NA,NA,NA,NA,NA,NA,NA
"JATHER",28166,4047,7618,9159,9722,5675,NA,NA,NA,NA,NA,NA,NA,NA,NA,NA,NA,NA,NA,NA,NA,NA,NA,NA,NA,NA
"KOAPOL",34397,4279,9477,15134,14762,10483,NA,NA,NA,NA,NA,NA,NA,NA,NA,NA,NA,NA,NA,NA,NA,NA,NA,NA,NA,NA
"KRUFER",15118,2221,4091,3185,3933,1712,1.41851640837385,4.92137978159055,5.2798593345082,7.75023362763258,NA,NA,NA,NA,NA,0.703054254512936,1.40796248920219,1.57484843645699,NA,0.761198285238462,5.27985936268049,69.2007709930002,2,5,5,7
"LAEPRO",23910,3134,7754,13684,13089,9955,0.462621388549598,NA,NA,0.0310021386630984,NA,NA,NA,0.0310021386630984,0.462621388549598,NA,NA,0.0310021386630984,2.48240372884596,NA,NA,4.24557733437883,1,NA,NA,1
"LAGRAC",11979,1006,1672,1484,1717,711,2.98249114094391,2.86868548454819,2.36046245295317,0.92693384221244,NA,0.0282342332482215,NA,NA,1.56397473257006,1.11104984826585,1.23490604799164,0.92693384221244,4.61017835559846,16.9154685792071,44.3652712540181,1.18629691453503,2,1,2,1
"LANCAM",16200,1593,3447,3052,3727,2134,NA,NA,NA,NA,NA,NA,NA,NA,NA,NA,NA,NA,NA,NA,NA,NA,NA,NA,NA,NA
"LANINV",17186,1665,3507,4447,5010,3345,NA,NA,NA,NA,NA,NA,NA,NA,NA,NA,NA,NA,NA,NA,NA,NA,NA,NA,NA,NA
"LEULEU",17190,1775,3625,4175,4829,3054,61.5991096925403,76.9856170315707,68.4852449039315,49.1863202669683,0.0687567889745246,NA,NA,NA,15.0415865595039,20.2051063926369,21.6723112569385,15.9748006467651,14.3323919632697,1.0545813817694,13.4452282563755,0.41437376563808,29,29,32,26
"LICBRI",559,335,415,432,442,107,NA,NA,NA,0.385961574448474,NA,NA,NA,NA,NA,NA,NA,NA,NA,NA,NA,NA,NA,NA,NA,1
"LICPAR",20644,3193,5737,5421,5965,2772,1.91559826519783,2.60353662126547,4.48266769451773,4.09727306389556,0.0854716528383138,NA,NA,NA,1.20634006101091,1.19742811223959,1.17558301769302,0.924343894738948,6.73795298235096,0.351527127256468,2.46393436549459,2.70173103658493,5,4,6,5
"LONGLA",3787,1391,2122,1763,2026,635,1.80163606141341,0.0282342332482215,0.732254205188238,0.802925287560046,0.0284905509461046,NA,NA,NA,0.383119653039566,0.0282342332482215,0.0282729605871451,0.0310021386630984,1.77314551992846,175.617984172385,26.425953184116,1.54384630294243,3,1,2,2
"LONHEP",27958,5461,10879,15033,15050,9589,NA,NA,0.311002566458597,0.279019247967885,NA,NA,NA,NA,NA,NA,0.311002566458597,0.279019247967885,NA,NA,72.4630724852101,0.385961574448474,NA,NA,1,1
"LONSER",17914,3654,5717,4790,5447,1793,0.0628689454333669,0.0282342332482215,0.0282729605871451,0.802925287560046,NA,NA,NA,NA,0.0628689454333669,0.0282342332482215,0.0282729605871451,0.416963713111572,1.06388731101096,3.68704044369719,7.07460472912702,27.5855541717003,2,1,1,2
"LYOSTA",15432,1877,4598,7114,6844,4967,NA,NA,NA,NA,NA,NA,NA,NA,NA,NA,NA,NA,NA,NA,NA,NA,NA,NA,NA,NA
"MACLUN",16437,1143,2484,3670,3761,2618,NA,NA,NA,NA,NA,NA,NA,NA,NA,NA,NA,NA,NA,NA,NA,NA,NA,NA,NA,NA
"MACPOR",6119,975,2023,2100,2406,1431,NA,NA,NA,NA,NA,NA,NA,NA,NA,NA,NA,NA,NA,NA,NA,NA,NA,NA,NA,NA
"MAGPOR",2352,1134,1450,1990,1829,695,0.0569811018922092,0.117590188563941,0.115868951472904,0.126271419685315,NA,0.0282342332482215,NA,NA,0.0569811018922092,0.117590188563941,0.115868951472904,0.126271419685315,18.7351689618859,56.244340693968,3.94148139275667,1.62908287689026,1,3,3,3
"MAGSPL",24026,3142,7764,13704,13106,9964,NA,0.0282342332482215,0.0282729605871451,NA,NA,0.0282342332482215,NA,NA,NA,0.0282342332482215,0.0282729605871451,NA,NA,2.4580269642864,14.4316155988393,NA,NA,1,1,NA
"MALCOC",33766,5054,10080,12883,13453,8399,NA,NA,NA,NA,NA,NA,NA,NA,NA,NA,NA,NA,NA,NA,NA,NA,NA,NA,NA,NA
"MALFUC",5003,1040,2264,2487,2246,1206,NA,NA,NA,NA,NA,NA,NA,NA,NA,NA,NA,NA,NA,NA,NA,NA,NA,NA,NA,NA
"MAMAME",18728,2817,5794,6222,6113,3296,0.474479149419037,0.759522721009379,0.436809504061982,0.478967990437769,NA,NA,NA,0.0310021386630984,0.474479149419037,0.407995593752911,0.436809504061982,0.478967990437769,8.86572759491173,2.87036104877727,1.05597187159702,0.800335340086554,3,1,2,2
"MANBID",10506,1506,2848,3367,3185,1679,0.0284905509461046,0.819342315963987,0.773565782660989,1.21470910572463,0.0284905509461046,NA,NA,NA,0.0284905509461046,0.819342315963987,0.773565782660989,0.82874753127616,208.335596653794,16.0512969064892,0.351990622300547,59.7790290955112,1,1,1,2
"MANIND",15702,1268,4423,8302,8136,6868,2.28894472316647,3.48053790321542,4.36166840558978,3.37138758568158,0.113962203784418,0.0847026997446644,0.0565459211742903,0.0620042773261967,1.93431562107301,2.77748364870249,2.95370591638759,2.21350286233616,1.06388731101096,1.40610851371507,0.351990622300547,8.71845220970859,20,26,27,28
"MANPLE",18608,3682,5789,4891,5596,1914,NA,NA,NA,NA,NA,NA,NA,NA,NA,NA,NA,NA,NA,NA,NA,NA,NA,NA,NA,NA
"MARMIC",41381,6461,13066,18062,18111,11650,NA,NA,NA,NA,NA,NA,NA,NA,NA,NA,NA,NA,NA,NA,NA,NA,NA,NA,NA,NA
"MARNOB",19319,3117,6444,6986,6818,3701,0.137513577949049,0.131549955277106,0.209019160607311,0.226066430773375,NA,NA,NA,NA,0.137513577949049,0.131549955277106,0.209019160607311,0.226066430773375,5.54027823667398,9.31413743444475,6.64896164331734,1.15788472849396,1,1,3,3
"MATDOM",7832,1949,3419,5595,5022,3073,0.46859130587788,0.492698293497575,0.169637763522871,0.155010693315492,NA,0.0282342332482215,NA,NA,0.46859130587788,0.492698293497575,0.169637763522871,0.155010693315492,6.18936291333747,1.40610850902587,5.31465161292891,16.4945081384492,3,3,3,3
"MAYELO",34397,4279,9477,15134,14762,10483,NA,NA,NA,0.385961574448474,NA,NA,NA,NA,NA,NA,NA,NA,NA,NA,NA,NA,NA,NA,NA,1
"MAYLAE",13352,1942,4003,3640,3826,1884,NA,NA,NA,0.802925287560046,NA,NA,NA,NA,NA,NA,NA,0.416963713111572,NA,NA,NA,7.74764371619885,NA,NA,NA,3
"MAYPON",8796,2880,4491,3893,4382,1502,NA,0.0282342332482215,0.0282729605871451,0.416963713111572,NA,NA,NA,0.0310021386630984,NA,0.0282342332482215,0.0282729605871451,0.416963713111572,NA,6.85344753349546,3.87189686408754,5.87466022671469,NA,1,1,1
"MECLAT",7900,1922,3406,5614,5060,3138,NA,NA,NA,NA,NA,NA,NA,NA,NA,NA,NA,NA,NA,NA,NA,NA,NA,NA,NA,NA
"MELAZE",37905,5956,11834,15700,15971,10015,NA,NA,NA,NA,NA,NA,NA,NA,NA,NA,NA,NA,NA,NA,NA,NA,NA,NA,NA,NA
"MELBIJ",19479,2432,4379,5152,5733,3301,1.61795026499658,1.81069428564308,2.30269358090714,2.36836354359159,0.0284905509461046,0.0611217220674979,0.0565459211742903,0.0620042773261967,0.554062958716193,0.404585776617211,0.542740469404405,0.438555671349221,41.6657136905439,0.351527127256468,8.83455787819281,3.88802795111996,4,7,10,8
"MELHER",15126,2743,6035,10046,9392,6649,0.199433856622732,0.19763963273755,0.197910724110016,0.602976545090163,0.0569811018922092,0.056468466496443,NA,NA,0.199433856622732,0.19763963273755,0.197910724110016,0.602976545090163,0.354629102093461,9.84275961476229,8.51735950614068,17.3966831391931,1,1,1,1
"MELOBT",24469,3469,8169,14116,13531,10062,NA,NA,NA,NA,NA,NA,NA,NA,NA,NA,NA,NA,NA,NA,NA,NA,NA,NA,NA,NA
"MELTOM",7490,880,1823,1238,1697,817,NA,NA,NA,NA,NA,NA,NA,NA,NA,NA,NA,NA,NA,NA,NA,NA,NA,NA,NA,NA
"MICCAL",12945,2142,5056,8246,7863,5721,NA,NA,NA,NA,NA,NA,NA,NA,NA,NA,NA,NA,NA,NA,NA,NA,NA,NA,NA,NA
"MICFOV",3182,634,1406,1765,1479,845,NA,NA,NA,NA,NA,NA,NA,NA,NA,NA,NA,NA,NA,NA,NA,NA,NA,NA,NA,NA
"MICGAR",6167,1016,2552,3374,2881,1865,2.81154783526728,1.50632911374095,0.141364802935726,0.0310021386630984,0.0569811018922092,0.056468466496443,NA,NA,2.10228963108036,1.15480198648448,0.141364802935726,0.0310021386630984,5.67406566660942,0.351527127256468,0.386782891330494,0.385961574448474,5,4,2,1
"MICGUY",8292,2004,3559,5852,5277,3273,3.79296905817504,3.12559516047478,2.25615130681654,2.34990190303445,0.313396060407151,0.508216198467987,0.0848188817614354,0.0310021386630984,2.72908175189466,2.42254090596184,1.90416068451599,2.34990190303445,13.4759059599713,1.75763564097154,2.11194374788942,17.8678812828199,8,7,7,6
"MICIMP",20073,1885,5398,7114,6862,4977,1.77314551046731,2.57697795224633,4.3282642746964,1.15788472334542,NA,NA,NA,NA,0.354629102093461,NA,1.09076413593159,0.385961574448474,2.1277746267525,NA,1.82953765425801,3.08769260588487,2,4,3,1
"MICLAE",35828,5552,11596,16749,16575,11023,1.91559826519783,2.71479799002927,0.386782891330494,0.82874753127616,NA,0.0847026997446644,NA,NA,0.851710958917446,1.3086894810034,NA,NA,18.701876180391,51.9940598198242,NA,NA,1,4,1,1
"MICMIR",4689,1358,2455,3002,2665,1307,NA,NA,NA,NA,NA,NA,NA,NA,NA,NA,NA,NA,NA,NA,NA,NA,NA,NA,NA,NA
"MICPAC",948,634,822,885,841,207,0.354629102093461,NA,NA,NA,NA,NA,NA,NA,NA,NA,NA,NA,NA,NA,NA,NA,1,NA,NA,NA
"MICPRA",24655,2784,7006,10508,10181,7397,7.1661959338381,23.625819555019,21.4843712005217,20.2032295807056,NA,NA,NA,0.0310021386630984,1.77314551046731,3.07302737420207,8.43066838632644,7.21078790319946,0.354629102093461,5.50548306143554,0.351990622300547,6.64658335501749,14,19,22,19
"MICRAC",15018,2403,5855,9067,8385,5982,NA,1.08281561501763,1.40796248920219,0.802925287560046,NA,NA,NA,NA,NA,0.0282342332482215,0.351990622300547,0.416963713111572,NA,1.75763564566074,37.090048717495,46.1235189324627,NA,3,3,1
"MICSER",14415,2156,4386,9690,9151,6995,0.709258204186922,0.819342315963987,1.16034867399148,1.24312129691424,NA,NA,NA,NA,NA,0.409671157981994,0.386782891330494,0.82874753127616,NA,10.9528220523051,8.86935013313661,89.8342227541153,1,1,1,1
"MICSIN",5268,1584,2449,3823,3443,1859,NA,NA,NA,0.385961574448474,NA,NA,NA,NA,NA,NA,NA,NA,NA,NA,NA,NA,NA,NA,NA,1
"MICTET",17955,2683,6459,10490,9781,7098,0.782872096155797,2.42941927752755,2.66494571096897,5.60223358593175,NA,NA,0.0282729605871451,0.0310021386630984,0.428242994062336,0.907022707050624,1.60897384406733,2.28724346082712,0.354629102093461,2.5188339215208,23.5833718349981,80.0147101265914,2,5,8,11
"MICTHO",12393,925,2526,2956,2854,1929,NA,NA,NA,NA,NA,NA,NA,NA,NA,NA,NA,NA,NA,NA,NA,NA,NA,NA,NA,NA
"MORCIT",13702,934,2258,2316,2340,1406,NA,NA,NA,NA,NA,NA,NA,NA,NA,NA,NA,NA,NA,NA,NA,NA,NA,NA,NA,NA
"MOSXER",3236,604,958,660,819,215,NA,1.40610850902587,1.40796248920219,1.15788472334542,NA,NA,NA,NA,NA,NA,NA,NA,NA,NA,NA,NA,NA,1,1,1
"MOUHEL",559,335,415,432,442,107,0.354629102093461,NA,NA,NA,NA,NA,NA,NA,NA,NA,NA,NA,NA,NA,NA,NA,1,NA,NA,NA
"MUNCAL",14634,1049,2079,3032,3313,2264,NA,NA,NA,NA,NA,NA,NA,NA,NA,NA,NA,NA,NA,NA,NA,NA,NA,NA,NA,NA
"MYRAMA",11801,2273,4986,5747,5451,3178,NA,0.351527127256468,0.351990622300547,0.385961574448474,NA,NA,NA,NA,NA,NA,NA,NA,NA,NA,NA,NA,NA,1,1,1
"MYRBOR",6780,945,2343,2497,2944,1999,NA,NA,NA,NA,NA,NA,NA,NA,NA,NA,NA,NA,NA,NA,NA,NA,NA,NA,NA,NA
"MYRCER",27404,5102,9391,13318,12959,7857,NA,NA,NA,NA,NA,NA,NA,NA,NA,NA,NA,NA,NA,NA,NA,NA,NA,NA,NA,NA
"MYRCIT",6001,1070,1818,2100,2287,1217,NA,NA,NA,NA,NA,NA,NA,NA,NA,NA,NA,NA,NA,NA,NA,NA,NA,NA,NA,NA
"MYRCOR",11055,2054,4434,7571,6956,4902,2.96277070761442,5.48320418118484,3.87189684530601,2.40359596773315,0.0284905509461046,NA,NA,0.0310021386630984,0.834996095053656,1.50011771991265,1.75995311150273,0.831337478749652,2.49584408383024,0.351527127256468,5.98384061197696,3.72936391285289,5,5,6,6
"MYRDEF",13176,2203,5279,7943,7269,5066,1.06388730628038,1.40610850902587,2.14673600283323,4.30240170131242,NA,NA,NA,NA,0.354629102093461,0.351527127256468,0.703981244601093,0.771923148896948,4.61017834613731,3.16374415937581,0.351990622300547,14.2805783421187,2,3,5,7
"MYRFAL",6926,1689,3048,4517,4095,2406,0.709258204186922,0.703054254512936,NA,NA,NA,NA,NA,NA,0.354629102093461,0.703054254512936,NA,NA,10.431471802397,2.81221703680854,NA,NA,2,2,NA,NA
"MYRFLO",694,28,72,101,149,121,NA,NA,NA,NA,NA,NA,NA,NA,NA,NA,NA,NA,NA,NA,NA,NA,NA,NA,NA,NA
"MYRGUI",12660,1535,2767,3853,3819,2284,NA,NA,NA,NA,NA,NA,NA,NA,NA,NA,NA,NA,NA,NA,NA,NA,NA,NA,NA,NA
"MYRSPL",16191,2367,5570,10099,9434,7067,25.8031506669951,16.8971978344263,15.290905082684,11.7118250914174,0.0284905509461046,NA,NA,NA,6.15132226791694,4.82898744625532,4.90921569081843,3.13543387998212,0.428242994062336,21.8528260190997,5.27985934389896,34.1302978763575,32,22,24,21
"NECCOR",25921,4033,8738,9827,10114,6081,1.18373735360596,5.47389767004274,5.7601159566039,5.25286328435486,NA,0.0282342332482215,NA,0.0620042773261967,0.474479149419037,3.7162620337604,3.61337995377067,2.90868164647442,2.12777462202192,0.351527127256468,5.0281776130939,18.8955141171416,3,7,14,18
"NECKRU",26777,2952,6715,10803,10756,7804,0.354629102093461,NA,NA,NA,NA,NA,NA,NA,0.354629102093461,NA,NA,NA,0.354629102093461,NA,NA,NA,1,NA,NA,NA
"NECMEM",19740,2601,6450,11221,10800,8199,NA,NA,NA,NA,NA,NA,NA,NA,NA,NA,NA,NA,NA,NA,NA,NA,NA,NA,NA,NA
"NECPAT",13501,2980,4722,4142,4620,1640,NA,NA,NA,NA,NA,NA,NA,NA,NA,NA,NA,NA,NA,NA,NA,NA,NA,NA,NA,NA
"NECTUR",11342,3111,5463,6482,6326,3215,2.31535070831406,1.11272541249493,0.773565782660989,NA,0.0569811018922092,NA,NA,NA,0.46859130587788,0.409671157981994,0.386782891330494,NA,1.06388731101096,8.08512396910155,2.6726879806025,NA,7,2,1,NA
"NEEBUX",12745,2546,4168,3569,4020,1474,0.354629102093461,0.351527127256468,0.351990622300547,NA,NA,NA,NA,NA,NA,NA,NA,NA,NA,NA,NA,NA,1,1,1,NA
"NEORES",13479,2941,4789,4811,5075,2134,6.72113328683904,7.55762777702592,5.8456420678819,7.1926217072297,0.341886611353255,0.19763963273755,0.0565459211742903,0.0620042773261967,3.7368726861536,3.63268534647925,3.69890606504867,4.0481047292627,1.77314551992846,0.703054254512936,1.40796249859295,1.15788472849396,13,12,12,14
"OCHPYR",23910,3134,7754,13684,13089,9955,0.0284905509461046,NA,0.0848188817614354,0.0310021386630984,NA,NA,0.0282729605871451,0.0310021386630984,0.0284905509461046,NA,0.0848188817614354,0.0310021386630984,30.9263459396702,NA,0.351990622300547,2.70173103658493,1,NA,2,1
"OCOCUN",559,335,415,432,442,107,NA,NA,NA,NA,NA,NA,NA,NA,NA,NA,NA,NA,NA,NA,NA,NA,NA,NA,NA,NA
"OCOFLO",32128,5994,12183,17496,17339,11345,0.88020150986355,1.28380637621334,0.144141912060049,0.48090377303012,0.0569811018922092,NA,NA,NA,0.525572407770089,0.464464060249354,0.144141912060049,0.48090377303012,50.2504260431989,1.40610851371507,1.05597187159702,8.19042968370261,4,4,3,1
"OCOLEU",20451,3438,7149,12885,11996,8558,22.6958067344743,17.7972247925561,20.2491954564881,16.5488559220424,0.547208311517145,0.423513498723322,0.169637763522871,0.376551394023024,8.85183139507837,7.48665004066752,7.54274078463845,7.61491532734832,9.92961491065327,0.703054254512936,0.386782891330494,5.43187424376532,43,41,51,45
"OCOSPA",1794,1055,1424,1533,1459,404,NA,0.409671157981994,NA,NA,NA,NA,NA,NA,NA,NA,NA,NA,NA,NA,NA,NA,NA,1,NA,NA
"OCOWRI",7199,1386,1948,4058,3888,2502,0.0284905509461046,0.0282342332482215,0.0282729605871451,0.0310021386630984,NA,0.0282342332482215,NA,NA,0.0284905509461046,0.0282342332482215,0.0282729605871451,0.0310021386630984,1.77314551992846,1.0545813864586,95.037468579898,29.3448888750739,1,1,1,1
"ORMKRU",16221,2560,5971,9375,8653,6093,1.40958214318297,0.869049836866565,1.54216641513175,0.562564226001614,0.296681196543362,0.235180377127882,NA,NA,0.981339149120639,0.517522709610096,1.54216641513175,0.562564226001614,0.354629102093461,4.56985267309088,1.93391446697146,5.90307240283769,5,4,5,4
"OSSKRU",12241,1880,3619,8089,7988,6108,NA,NA,NA,NA,NA,NA,NA,NA,NA,NA,NA,NA,NA,NA,NA,NA,NA,NA,NA,NA
"OURLIT",8476,830,2120,2898,2722,1892,NA,5.56096411957134,4.98686600982368,8.73544116453627,NA,NA,NA,0.0310021386630984,NA,1.17086944322046,1.15382936554868,4.17732974251739,NA,34.4443327330192,6.08821739135863,7.33326993511515,NA,4,4,5
"OXALAN",8912,2888,4501,3913,4399,1511,1.41851640837384,NA,NA,NA,NA,NA,NA,NA,0.354629102093461,NA,NA,NA,4.25554924877442,NA,NA,NA,1,NA,NA,NA
"PALALP",4713,923,1637,3422,3147,2224,NA,NA,NA,NA,NA,NA,NA,NA,NA,NA,NA,NA,NA,NA,NA,NA,NA,NA,NA,NA
"PALCRO",18080,1637,3570,7698,7260,5623,0.354629102093461,0.351527127256468,NA,1.95822006343198,NA,NA,NA,NA,NA,NA,NA,0.41437376563808,NA,NA,NA,2.70173103143639,1,1,NA,3
"PALRIP",22973,3054,7439,12693,12176,9122,1.06388730628038,NA,NA,NA,NA,NA,NA,NA,NA,NA,NA,NA,NA,NA,NA,NA,2,NA,NA,NA
"PARCRE",4729,868,1719,2895,2731,1863,0.0343783944872623,0.0328874888192764,0.0310500697114688,0.03326500369602,NA,NA,NA,NA,0.0343783944872623,0.0328874888192764,0.0310500697114688,0.03326500369602,1.28472898789956,1.40610851371507,11.720067381035,11.8913813895413,1,1,1,1
"PERAME",39651,6002,12132,16706,16987,10985,0.937182611755759,1.41989216108967,1.14641062786493,0.684309915621086,NA,0.056468466496443,0.0565459211742903,0.18601283197859,0.937182611755759,1.01022100310767,1.14641062786493,0.684309915621086,0.709258204186922,4.68614074000674,7.03981248826937,1.62908287136271,5,11,14,11
"PETDOM",20504,3147,6038,8742,9311,6164,3.25453086427452,2.6772572942557,0.975100544631341,0.995399632196831,NA,0.0282342332482215,NA,NA,2.19064355799413,1.03857266232773,0.623109922330795,0.995399632196831,0.7092582089175,4.21832555052361,1.75995311150273,4.97248521529467,4,9,8,6
"PHIMYR",3763,555,836,923,1055,500,NA,NA,NA,NA,NA,NA,NA,NA,NA,NA,NA,NA,NA,NA,NA,NA,NA,NA,NA,NA
"PHLCOW",9059,1015,1812,2366,2664,1649,NA,NA,NA,NA,NA,NA,NA,NA,NA,NA,NA,NA,NA,NA,NA,NA,NA,NA,NA,NA
"PHYCUN",6264,563,1328,1157,1512,949,NA,NA,NA,NA,NA,NA,NA,NA,NA,NA,NA,NA,NA,NA,NA,NA,NA,NA,NA,NA
"PHYEPI",15836,3218,5201,4289,4860,1642,NA,NA,NA,NA,NA,NA,NA,NA,NA,NA,NA,NA,NA,NA,NA,NA,NA,NA,NA,NA
"PHYJUG",10178,797,1973,1628,1766,969,NA,NA,NA,NA,NA,NA,NA,NA,NA,NA,NA,NA,NA,NA,NA,NA,NA,NA,NA,NA
"PICACU",13397,1416,3535,4529,5070,3654,12.1111781407441,9.40051566481849,10.4034430440099,12.5574255630989,NA,NA,NA,NA,3.66025322471903,2.4889241240435,3.22446152187921,3.18069901157709,4.25554923931327,29.1132818090655,6.79219866413201,2.07186883924548,7,7,7,8
"PICEXC",37211,5928,11762,15599,15822,9894,NA,NA,NA,NA,NA,NA,NA,NA,NA,NA,NA,NA,NA,NA,NA,NA,NA,NA,NA,NA
"PICPEN",26395,3659,8116,9369,9815,6156,0.354629102093461,0.703054254512936,1.05597186690164,0.385961574448474,NA,NA,NA,NA,0.354629102093461,NA,0.351990622300547,NA,132.392439346122,NA,4.32826427939178,NA,1,2,3,1
"PILRAC",2108,384,492,514,580,196,NA,NA,NA,NA,NA,NA,NA,NA,NA,NA,NA,NA,NA,NA,NA,NA,NA,NA,NA,NA
"PIMRAC",13317,2724,4547,4916,5229,2505,5.59837212353468,1.96160408882003,2.64286853719382,4.07371368521236,0.0343783944872623,NA,NA,NA,2.40671020469353,1.61007696156356,1.58689667029218,2.11549362178039,2.48240372884596,4.74162183015579,0.386782891330494,1.54384630809097,7,7,7,7
"PINCAR",24585,3477,8179,14136,13548,10071,0.565756572011385,0.197324932915659,0.186300418268813,0.19959002217612,0.137513577949049,0.197324932915659,0.186300418268813,0.13306001478408,0.565756572011385,0.197324932915659,0.186300418268813,0.19959002217612,2.83703283567,4.21832553645601,0.703981249296475,0.800335340086554,1,1,1,2
"PINCOR",25813,5097,9984,15509,14929,9832,NA,NA,NA,NA,NA,NA,NA,NA,NA,NA,NA,NA,NA,NA,NA,NA,NA,NA,NA,NA
"PIPADU",24882,4771,9414,14673,14113,9342,2.29595280663716,1.40610850902587,5.73622676389859,1.60067068017311,NA,NA,NA,NA,NA,0.351527127256468,0.738773513631041,0.82874753127616,NA,6.32748832813002,15.800717855071,91.7238093730133,3,2,2,2
"PIPAMA",36775,5375,11625,16771,16699,11324,5.67406563349538,2.9285050795028,1.05597186690164,NA,NA,NA,NA,NA,1.06388730628038,NA,NA,NA,2.83703283567,NA,NA,NA,5,4,1,NA
"PIPBLA",20657,3230,6844,12686,11767,8537,NA,NA,NA,0.385961574448474,NA,NA,NA,NA,NA,NA,NA,NA,NA,NA,NA,NA,NA,NA,NA,1
"PIPGLA",17899,2910,6010,11389,10771,7861,NA,NA,NA,NA,NA,NA,NA,NA,NA,NA,NA,NA,NA,NA,NA,NA,NA,NA,NA,NA
"PIPHIS",22119,3098,7262,13159,12661,9563,NA,NA,NA,NA,NA,NA,NA,NA,NA,NA,NA,NA,NA,NA,NA,NA,NA,NA,NA,NA
"PIPJAC",28235,4294,8281,9590,10298,6004,NA,NA,NA,NA,NA,NA,NA,NA,NA,NA,NA,NA,NA,NA,NA,NA,NA,NA,NA,NA
"PIPMAR",15410,3285,6974,7756,7754,4469,NA,NA,NA,NA,NA,NA,NA,NA,NA,NA,NA,NA,NA,NA,NA,NA,NA,NA,NA,NA
"PIPUMB",19740,2601,6450,11221,10800,8199,NA,NA,NA,NA,NA,NA,NA,NA,NA,NA,NA,NA,NA,NA,NA,NA,NA,NA,NA,NA
"PISALB",7909,949,1878,1682,2086,1137,0.840783727909483,2.16563123003525,1.81649903267702,1.99181214956857,NA,NA,NA,NA,0.840783727909483,2.16563123003525,1.81649903267702,1.99181214956857,0.354629102093461,18.3877099555311,5.345375961205,1.24312130244178,1,3,3,3
"PISCAR",4163,324,626,551,794,470,0.354629102093461,NA,0.0310500697114688,0.03326500369602,NA,NA,NA,NA,NA,NA,0.0310500697114688,0.03326500369602,NA,NA,4.15023501302408,74.1046227420297,1,NA,1,1
"PISSUB",32128,5994,12183,17496,17339,11345,NA,1.28274485077583,0.719037240589525,0.873622304724166,NA,NA,NA,NA,NA,0.521546565537368,0.367046618288978,0.487660730275692,NA,39.955141700605,0.351990622300547,5.15956142377819,NA,3,4,7
"PITDUL",5647,615,1030,666,936,321,3.00789404863719,2.53738825512749,2.56354368742607,0.632035070224381,NA,NA,NA,NA,0.45187644201409,0.253793399412102,0.629629230773597,0.632035070224381,5.31943655978538,0.351527127256468,0.703981249296475,17.039133714746,6,4,5,1
"PITUNG",4220,665,1391,1007,1290,625,NA,3.68231301950361,13.5867574890436,13.8260420212887,NA,NA,NA,NA,NA,0.870096001451864,2.25754096936728,0.833600343782574,NA,0.703054259202135,18.6902953213896,7.80446808828098,NA,5,8,8
"PLUALB",20233,2048,4823,6686,7291,5243,NA,NA,NA,0.385961574448474,NA,NA,NA,NA,NA,NA,NA,NA,NA,NA,NA,NA,NA,NA,NA,1
"PLUCAR",36187,5372,10849,14483,14861,9489,NA,NA,NA,NA,NA,NA,NA,NA,NA,NA,NA,NA,NA,NA,NA,NA,NA,NA,NA,NA
"PLUOBT",1535,841,1174,1222,1255,414,0.766239306079132,0.57740099324224,0.634720228171998,1.08194453552793,NA,0.0282342332482215,NA,NA,0.41161020398567,0.57740099324224,0.282729605871451,0.310021386630984,1.41851641310442,2.10916277291721,0.351990622300547,1.57225849413204,2,4,4,4
"PODCOR",11181,1173,1795,1551,1822,649,0.0284905509461046,1.78586986953056,0.788800126362528,0.478967990437769,NA,0.0282342332482215,NA,NA,0.0284905509461046,0.0282342332482215,0.0848188817614354,0.0930064159892951,29.6684976313918,0.409671157981994,0.351990622300547,2.90061637604919,1,2,3,2
"POIFLO",25590,3603,6711,7565,8247,4644,0.0569811018922092,2.99185771591341,3.29368936451289,3.67056425698143,NA,NA,0.0310500697114688,0.0665300073920401,0.0569811018922092,2.23065943067495,2.16813295955135,2.4558551512568,10.5050856754436,22.1462091296983,4.92786873568456,0.41437376563808,1,3,3,4
"POIPUN",13634,1712,3379,7257,7296,5584,NA,NA,NA,NA,NA,NA,NA,NA,NA,NA,NA,NA,NA,NA,NA,NA,NA,NA,NA,NA
"POUDIC",13133,2752,4382,3657,4121,1369,NA,NA,NA,NA,NA,NA,NA,NA,NA,NA,NA,NA,NA,NA,NA,NA,NA,NA,NA,NA
"POUMUL",37770,6263,12177,16031,16264,10001,2.59636591843865,0.872459654002265,0.169637763522871,0.155010693315492,NA,0.0847026997446644,0.0565459211742903,0.0930064159892951,0.823220407971341,0.520932526745797,0.169637763522871,0.155010693315492,0.354629102093461,2.46068990486287,1.7599531208935,7.74764370590177,4,3,3,2
"PREMON",8587,1954,3925,5648,5074,3120,6.9358230752534,7.45288767971633,8.78998231157139,7.06988302757176,0.0284905509461046,0.367045032226879,NA,NA,6.9358230752534,7.45288767971633,8.78998231157139,7.06988302757176,2.48240372884596,31.6321156883835,19.8465760652365,23.7543506191632,21,19,20,17
"PROJUL",6895,861,1697,1181,1581,720,NA,NA,NA,NA,NA,NA,NA,NA,NA,NA,NA,NA,NA,NA,NA,NA,NA,NA,NA,NA
"PROPAL",14572,1480,3127,2863,3475,1995,NA,NA,NA,NA,NA,NA,NA,NA,NA,NA,NA,NA,NA,NA,NA,NA,NA,NA,NA,NA
"PRUMYR",5633,2149,3299,2919,3236,1087,0.354629102093461,NA,NA,0.385961574448474,NA,NA,NA,NA,NA,NA,NA,NA,NA,NA,NA,NA,1,NA,NA,1
"PSESPU",4024,1504,2279,1913,2187,683,0.0284905509461046,1.51904544201876,3.33755336422779,2.85674171445481,0.0284905509461046,0.0282342332482215,NA,0.0620042773261967,0.0284905509461046,0.815991187505822,0.873619008123964,0.92693384221244,2.5560176066231,1.75763564097154,37.3417304661534,27.1143559769672,1,2,5,4
"PSIAMP",7220,2201,3539,3542,3926,1725,NA,NA,NA,NA,NA,NA,NA,NA,NA,NA,NA,NA,NA,NA,NA,NA,NA,NA,NA,NA
"PSIGUA",25049,3053,7762,11525,11252,8199,NA,NA,NA,NA,NA,NA,NA,NA,NA,NA,NA,NA,NA,NA,NA,NA,NA,NA,NA,NA
"PSYBER",11062,2179,4742,7617,6925,4746,7.09258204186923,3.51527127256468,2.11194373380328,3.20134136034622,NA,NA,NA,NA,2.12777461256077,1.0545813817694,0.351990622300547,0.385961574448474,8.51109849754885,63.5629404865241,0.703981244601093,3.2013413710223,11,8,4,5
"PSYBRA",15267,2163,4978,9512,8754,6591,1.06388730628038,0.703054254512936,0.351990622300547,NA,NA,NA,NA,NA,NA,NA,NA,NA,NA,NA,NA,NA,2,1,1,NA
"PSYDOM",17637,2817,5939,5819,5887,3070,NA,NA,NA,NA,NA,NA,NA,NA,NA,NA,NA,NA,NA,NA,NA,NA,NA,NA,NA,NA
"PSYGRA",20299,2936,6865,11653,11242,8306,NA,NA,0.351990622300547,0.385961574448474,NA,NA,NA,NA,NA,NA,NA,0.385961574448474,NA,NA,NA,0.771923148896948,NA,NA,1,1
"PSYMAL",2940,813,1478,1940,1648,835,NA,NA,NA,NA,NA,NA,NA,NA,NA,NA,NA,NA,NA,NA,NA,NA,NA,NA,NA,NA
"PSYMAR",11422,1189,1914,1648,1905,716,NA,NA,NA,NA,NA,NA,NA,NA,NA,NA,NA,NA,NA,NA,NA,NA,NA,NA,NA,NA
"PSYPUB",20704,4320,7657,8757,8622,4302,NA,NA,NA,NA,NA,NA,NA,NA,NA,NA,NA,NA,NA,NA,NA,NA,NA,NA,NA,NA
"PTEIND",37770,6263,12177,16031,16264,10001,NA,NA,NA,NA,NA,NA,NA,NA,NA,NA,NA,NA,NA,NA,NA,NA,NA,NA,NA,NA
"QUACYN",9487,1000,2722,2407,3026,2026,NA,3.19197837855643,4.2521604281937,2.73273315980242,NA,NA,NA,NA,NA,0.731288487761158,1.78822607208988,0.802925287560046,NA,19.8492995281576,0.703981249296475,NA,NA,3,4,3
"QUAIND",6671,832,1714,1128,1485,653,NA,NA,NA,0.385961574448474,NA,NA,NA,NA,NA,NA,NA,NA,NA,NA,NA,NA,NA,NA,NA,1
"QUATUR",22796,3478,6804,7776,7905,4427,3.22015246978726,3.16374414530821,3.51990622300546,4.63153889338169,0.0284905509461046,NA,NA,NA,2.15626516350687,1.75763563628234,1.75995311150273,1.92980787224237,10.7124870068091,0.819342321428799,64.9117606825214,0.41437376563808,3,3,4,4
"RANACU",20786,3026,5831,5080,5699,2673,3.69351880487236,4.6253337421563,3.30708467682471,5.1879736149678,NA,NA,NA,NA,NA,NA,NA,0.771923148896948,NA,NA,NA,23.271343319192,6,8,8,8
"RAUNIT",22305,2370,5970,6790,7428,5058,0.354629102093461,NA,NA,NA,NA,NA,NA,NA,0.354629102093461,NA,NA,NA,2.83703283093942,NA,NA,NA,1,NA,NA,NA
"RAVURB",1868,611,1032,1372,1158,547,NA,NA,NA,NA,NA,NA,NA,NA,NA,NA,NA,NA,NA,NA,NA,NA,NA,NA,NA,NA
"REYKRU",12388,3393,5733,6275,6539,3146,NA,NA,NA,NA,NA,NA,NA,NA,NA,NA,NA,NA,NA,NA,NA,NA,NA,NA,NA,NA
"REYUNC",5074,698,1183,785,1024,326,NA,NA,NA,NA,NA,NA,NA,NA,NA,NA,NA,NA,NA,NA,NA,NA,NA,NA,NA,NA
"REYVIV",1188,357,515,368,415,58,NA,NA,NA,NA,NA,NA,NA,NA,NA,NA,NA,NA,NA,NA,NA,NA,NA,NA,NA,NA
"RHIMAN",10733,815,1536,1971,2050,1235,0.497081856823984,1.49081120877054,2.46393435610383,5.46999204967068,NA,0.0282342332482215,NA,NA,0.142452754730523,0.0847026997446644,NA,0.0665300073920401,64.3018028105358,NA,1.40796249389757,32.1886808782829,2,1,1,2
"ROCACA",7608,911,1883,1330,1799,888,NA,1.40610850902587,1.40796248920219,1.5438462977939,NA,NA,NA,NA,NA,0.703054254512936,1.05597186690164,1.5438462977939,NA,46.2164971989504,0.351990622300547,2.37259383421859,NA,1,1,1
"RONINE",18360,3650,6132,6215,6681,3031,0.709258204186922,1.75763563628234,3.87189684530601,3.85961574448474,NA,NA,NA,NA,NA,NA,NA,NA,NA,NA,NA,NA,2,1,4,3
"ROYBOR",23524,3030,7757,11350,11415,8385,0.878267902547769,1.11478016357191,1.77624521881119,2.4153557495452,NA,0.112936932992886,NA,NA,0.878267902547769,1.11478016357191,1.77624521881119,2.4153557495452,100.681372742693,0.351527127256468,4.74983945899786,0.385961574448474,17,25,31,38
"SAMDOD",20276,3289,5580,6096,6806,3517,NA,NA,NA,1.5722584889835,NA,NA,NA,NA,NA,NA,NA,NA,NA,NA,NA,NA,NA,NA,NA,2
"SAMSAM",10213,1020,2644,2558,3155,2135,0.0687567889745246,0.0986624664578293,0.15247323943302,0.0997950110880602,NA,NA,NA,NA,0.0687567889745246,0.0986624664578293,0.15247323943302,0.0997950110880602,21.1573991736515,4.56985268246928,3.16791561948645,6.98752967730948,1,1,3,1
"SAMSPI",11111,2382,4456,5160,5091,2709,NA,NA,NA,NA,NA,NA,NA,NA,NA,NA,NA,NA,NA,NA,NA,NA,NA,NA,NA,NA
"SAPLAU",20359,3871,8067,11616,11016,7145,1.91559826519783,0.141171166241107,0.113091842348581,0.155010693315492,0.0854716528383138,0.056468466496443,NA,NA,1.20634006101091,0.141171166241107,0.113091842348581,0.155010693315492,6.24953643514835,1.52239657594174,2.11194374319404,35.1343125329893,3,5,4,5
"SAPSAP",6542,886,1607,2433,2601,1715,0.113962203784418,NA,NA,NA,NA,NA,NA,NA,0.113962203784418,NA,NA,NA,1.28472898789956,NA,NA,NA,2,NA,NA,NA
"SAVSES",6144,670,2297,2285,2735,2065,0.737748755133027,0.703054254512936,NA,NA,NA,NA,NA,NA,0.383119653039566,0.351527127256468,NA,NA,2.1277746267525,10.1942867373296,NA,NA,1,1,NA,NA
"SCHFRU",28127,4178,8156,10110,10874,6696,NA,0.703054254512936,1.05597186690164,2.34418163788045,NA,NA,NA,NA,NA,NA,0.703981244601093,0.385961574448474,NA,NA,15.2011134377336,51.5387901148821,NA,1,2,5
"SCHGLE",20415,2944,6875,11673,11259,8315,0.0284905509461046,NA,NA,NA,0.0284905509461046,NA,NA,NA,0.0284905509461046,NA,NA,NA,2.83703282620885,NA,NA,NA,1,NA,NA,NA
"SCHMOR",18424,2812,6148,11159,10276,7464,6.30089897591278,5.32971703271451,4.77594298972462,3.83502425324273,1.2250936906825,1.27054049616997,0.681328163215807,0.372025663957181,4.09951047138314,3.92360852368864,4.03716947609358,3.83502425324273,10.3111247274459,1.6386846428576,56.8444518365063,8.57639125300255,27,30,36,35
"SCHOBO",8218,2860,4429,3812,4250,1390,0.0284905509461046,0.351527127256468,0.351990622300547,0.385961574448474,NA,NA,NA,NA,0.0284905509461046,NA,NA,NA,10.1504565828113,NA,NA,NA,1,1,1,1
"SENPOL",5444,860,1399,1018,1267,407,NA,NA,NA,NA,NA,NA,NA,NA,NA,NA,NA,NA,NA,NA,NA,NA,NA,NA,NA,NA
"SENSIA",42075,6489,13138,18163,18260,11771,2.60614406131626,1.56745083580845,2.71201686686302,3.74903894750256,0.142452754730523,0.141171166241107,0.197910724110016,0.376551394023024,2.17790106725393,0.86439658129551,2.00803562226193,2.20519264970866,1.21111509593068,1.75763563628234,0.738773513631041,2.4010060257872,5,3,5,5
"SIDCUB",9230,1914,2997,2694,3023,1109,1.06388730628038,0.499027113297713,0.47160177309193,0.476378042964277,NA,NA,NA,NA,0.354629102093461,0.499027113297713,0.47160177309193,0.476378042964277,2.98426060541602,1.22901347941079,1.93391446697146,25.0258841024975,1,2,2,2
"SIDFOE",18049,3347,5374,4459,5154,1807,0.913467090016881,0.056468466496443,0.0565459211742903,1.01928609332059,0.0569811018922092,NA,NA,0.0310021386630984,0.0569811018922092,0.056468466496443,0.0565459211742903,0.190538562044434,0.354629102093461,0.409671157981994,27.0296255893349,8.10519310975479,3,2,2,5
"SIDOBO",4114,788,1271,899,1116,328,0.0284905509461046,0.0282342332482215,NA,2.0718688281904,NA,NA,NA,NA,0.0284905509461046,0.0282342332482215,NA,NA,137.409159683729,0.703054259202135,NA,NA,1,1,NA,1
"SIDPOR",15399,3273,5371,5667,5886,2613,NA,NA,NA,NA,NA,NA,NA,NA,NA,NA,NA,NA,NA,NA,NA,NA,NA,NA,NA,NA
"SIDSAL",17471,3327,5312,4378,5022,1695,0.142452754730523,1.60374814176342,1.42907457278317,1.56543825603154,0.0284905509461046,NA,0.0282729605871451,0.0620042773261967,0.142452754730523,0.900693887250486,1.07708395048263,1.56543825603154,1.71297198767444,15.7579138294906,0.738773513631041,1.24312130244178,2,6,9,8
"SIMTUL",14356,2509,4363,8923,8560,6051,NA,NA,NA,NA,NA,NA,NA,NA,NA,NA,NA,NA,NA,NA,NA,NA,NA,NA,NA,NA
"SIPDEN",4729,868,1719,2895,2731,1863,NA,NA,NA,NA,NA,NA,NA,NA,NA,NA,NA,NA,NA,NA,NA,NA,NA,NA,NA,NA
"SLOAMY",8218,2860,4429,3812,4250,1390,NA,0.0282342332482215,0.0282729605871451,0.0310021386630984,NA,NA,NA,NA,NA,0.0282342332482215,0.0282729605871451,0.0310021386630984,NA,44.524994391677,6.33583123897289,85.8561642582521,NA,1,1,1
"SLOBER",7182,1794,3093,4916,4414,2620,2.3556990201296,3.00985665078929,1.63414617389935,1.05094239686483,0.142452754730523,0.141171166241107,0.0565459211742903,NA,0.582553509662298,0.900693887250486,0.930164929298254,1.05094239686483,0.354629102093461,33.7732326852598,1.05597187159702,7.40190343227148,7,6,5,4
"SOLENS",27399,5126,10464,14601,14608,9482,NA,NA,NA,NA,NA,NA,NA,NA,NA,NA,NA,NA,NA,NA,NA,NA,NA,NA,NA,NA
"SOLRUG",18654,2076,5624,10285,9925,7849,2.48240371465423,1.40610850902587,NA,NA,NA,NA,NA,NA,0.709258204186922,NA,NA,NA,0.7092582089175,NA,NA,NA,1,1,NA,NA
"SOLTOR",19405,1668,4648,7499,7583,5915,NA,NA,NA,NA,NA,NA,NA,NA,NA,NA,NA,NA,NA,NA,NA,NA,NA,NA,NA,NA
"SPACAM",30201,4144,8883,13792,13539,9395,100.895434989826,86.5492496002436,77.3942834515369,56.0871443929184,7.73411290042012,4.67072005373836,1.16146662385337,2.84902697053482,53.8326080202253,52.7524901816071,44.9844897948587,33.5308999277693,1.41851641310442,26.4808227463621,0.773565782660989,8.87711625865174,71,79,86,80
"SPOMOM",20539,1700,4261,8058,8064,6364,1.89569096900829,1.92996003843611,0.694043258470612,0.729247964775478,NA,0.056468466496443,0.0282729605871451,0.0310021386630984,0.182718992758943,1.16876175319764,0.342052636170065,0.343286390327004,16.5337804630688,1.40610851840427,272.59254570881,10.9205729067076,4,15,8,7
"STAMON",7072,739,1193,1298,1519,780,NA,NA,NA,NA,NA,NA,NA,NA,NA,NA,NA,NA,NA,NA,NA,NA,NA,NA,NA,NA
"STEACU",6546,854,1611,1564,1799,945,NA,NA,NA,NA,NA,NA,NA,NA,NA,NA,NA,NA,NA,NA,NA,NA,NA,NA,NA,NA
"STEAPE",37211,5928,11762,15599,15822,9894,0.709258204186922,0.0282342332482215,0.41505585191764,0.511905911693218,NA,0.0282342332482215,NA,0.0310021386630984,0.354629102093461,0.0282342332482215,0.0282729605871451,0.0975321460551385,6.53055164054236,183.691574981897,2.32069735830195,52.7464841300055,1,1,2,2
"STESIN",11713,3050,5308,5823,6080,3030,NA,NA,NA,NA,NA,NA,NA,NA,NA,NA,NA,NA,NA,NA,NA,NA,NA,NA,NA,NA
"SWIMAC",41381,6461,13066,18062,18111,11650,0.0854716528383138,0.611964046290599,0.561974873102013,0.511905911693218,0.0569811018922092,0.056468466496443,0.0565459211742903,0.0310021386630984,0.0854716528383138,0.611964046290599,0.561974873102013,0.511905911693218,0.354629102093461,2.81221703680854,1.54713157048147,1.54384630809097,2,3,3,2
"SWIMAH",8267,1044,1648,2284,2518,1474,NA,NA,NA,NA,NA,NA,NA,NA,NA,NA,NA,NA,NA,NA,NA,NA,NA,NA,NA,NA
"SYMMAR",22200,4195,7031,7273,7753,3558,0.0854716528383138,0.0847026997446644,0.113091842348581,0.124008554652393,NA,NA,NA,NA,0.0854716528383138,0.0847026997446644,0.113091842348581,0.124008554652393,0.7092582089175,2.1091627776064,5.03224553854313,0.800335340086554,1,1,1,1
"SYMMIC",3761,765,1350,1581,1398,633,NA,NA,NA,NA,NA,NA,NA,NA,NA,NA,NA,NA,NA,NA,NA,NA,NA,NA,NA,NA
"SYZJAM",21736,2839,7136,12333,11782,8943,35.0335778550738,24.0856411580741,25.2709270820449,19.1146098984836,0.341886611353255,0.0282342332482215,NA,0.0310021386630984,19.2826695790238,12.7204850244161,12.7772939563761,8.99437238925447,0.354629102093461,1.4642525444406,56.9754850678153,12.3507704492822,42,42,44,34
"SYZMAL",24585,3477,8179,14136,13548,10071,1.21111509021813,NA,NA,NA,NA,NA,NA,NA,0.428242994062336,NA,NA,NA,0.709258204186922,NA,NA,NA,2,NA,NA,NA
"TABCIT",24026,3142,7764,13704,13106,9964,0.0284905509461046,0.0282342332482215,NA,NA,NA,NA,NA,NA,0.0284905509461046,0.0282342332482215,NA,NA,23.0508917732617,0.351527127256468,NA,NA,1,1,NA,NA
"TABHAE",24354,2671,6114,11340,11340,8669,12.2164750159849,12.8294086734094,12.0024734272485,22.8971907594244,NA,NA,NA,NA,2.56787536749254,2.81221701805174,2.81592497840437,4.6883632757609,3.4125036051909,3.51527129132148,72.9583001719761,4.55811144965659,8,7,7,9
"TABHET",15401,2113,4633,4721,4748,2635,36.7185517782104,42.2243186791619,43.5290807833232,46.7055698409587,1.02072065727829,NA,0.169637763522871,1.17649637596262,15.989395715101,17.7998406920956,21.1489858962102,21.7649224445335,0.354629102093461,1.11272541249493,5.98384061197696,0.771923148896948,40,48,53,51
"TABKAR",4913,1895,2973,2573,2882,987,NA,NA,NA,NA,NA,NA,NA,NA,NA,NA,NA,NA,NA,NA,NA,NA,NA,NA,NA,NA
"TABRIG",8972,1203,3408,4522,3992,2789,NA,0.0282342332482215,0.0282729605871451,NA,NA,NA,NA,NA,NA,0.0282342332482215,0.0282729605871451,NA,NA,0.703054259202135,1.12555641012103,NA,NA,1,1,NA
"TABSCH",7042,1503,2907,5012,4514,3011,NA,0.351527127256468,0.703981244601093,0.771923148896948,NA,NA,NA,NA,NA,NA,NA,NA,NA,NA,NA,NA,NA,1,1,1
"TAMIND",16276,1438,3455,4620,5152,3714,0.913467090016881,0.0282342332482215,0.0848188817614354,0.0642671423591184,NA,NA,NA,NA,0.913467090016881,0.0282342332482215,0.0848188817614354,0.0642671423591184,0.354629102093461,7.79174087257061,28.57675713118,3.11610480222301,3,1,2,2
"TECGRA",37770,6263,12177,16031,16264,10001,NA,NA,NA,NA,NA,NA,NA,NA,NA,NA,NA,NA,NA,NA,NA,NA,NA,NA,NA,NA
"TECSTA",22169,1977,4478,6099,6549,4572,NA,NA,NA,0.41437376563808,NA,NA,NA,NA,NA,NA,NA,0.41437376563808,NA,NA,NA,61.1760204286269,NA,NA,NA,1
"TERCAT",31811,4372,9057,11405,12062,7690,0.290793353002204,0.291648843624325,0.753829509619473,0.99763085937656,0.199433856622732,0.174058655060384,0.0282729605871451,0.0952692810222168,0.290793353002204,0.291648843624325,0.367046618288978,0.611669284928086,0.354629102093461,0.351527127256468,2.81592498309975,10.0350009819972,4,5,6,7
"TERSTA",9789,2687,4533,4509,4862,2175,NA,NA,0.351990622300547,0.385961574448474,NA,NA,NA,NA,NA,NA,NA,NA,NA,NA,NA,NA,NA,NA,1,1
"TETBAL",30921,3774,8245,12772,12622,8848,0.0687567889745246,4.48795153128202,4.47214832607886,0.864929564886243,0.0687567889745246,0.169405399489329,0.169637763522871,0.0310021386630984,0.0687567889745246,2.02726164048674,2.32541232324564,0.864929564886243,5.67406566187885,11.9519223876795,2.11194373849866,241.79735372424,1,7,6,3
"TETBIF",5294,1509,2332,4183,3825,2316,NA,NA,NA,NA,NA,NA,NA,NA,NA,NA,NA,NA,NA,NA,NA,NA,NA,NA,NA,NA
"TETELA",19142,2613,5911,5836,6045,3432,10.5180562118204,9.66994434655608,12.2453197666916,11.8210302829309,0.0569811018922092,0.056468466496443,NA,NA,3.78010327204461,3.34245605593965,3.76275256244857,3.63060064594411,11.8634285695038,1.11272541718413,9.57333138712847,0.385961574448474,8,8,12,7
"TETURB",12731,2325,5164,8518,7763,5438,NA,NA,NA,NA,NA,NA,NA,NA,NA,NA,NA,NA,NA,NA,NA,NA,NA,NA,NA,NA
"THEGRA",16190,1772,3991,6381,6426,4654,0.937182611755759,2.45728007365958,1.45734753337032,0.855519384460793,NA,NA,NA,0.0310021386630984,0.227924407568837,0.699644437377236,1.10535691106977,0.855519384460793,0.354629102093461,30.2868141647273,0.773565787820483,3.11610480222301,6,10,10,9
"THEPOP",19393,1596,3260,4704,5095,3499,0.354629102093461,NA,NA,0.03326500369602,NA,NA,NA,NA,NA,NA,NA,0.03326500369602,NA,NA,NA,4.2455773446759,1,NA,NA,1
"THOPOR",5152,708,1266,872,1119,411,NA,NA,NA,NA,NA,NA,NA,NA,NA,NA,NA,NA,NA,NA,NA,NA,NA,NA,NA,NA
"THOSTR",7440,2503,3976,3336,3763,1260,15.0300203954568,8.81300259752422,10.5153119354868,10.5193621088115,0.0569811018922092,0.0282342332482215,0.0282729605871451,0.0310021386630984,7.93743835358762,5.29773132495954,5.55265095424917,6.65974636432678,10.3683331003238,20.868371335473,3.48104603745293,68.4406569331377,18,16,15,15
"THRMOR",12606,1954,3547,4178,4764,2810,NA,NA,NA,NA,NA,NA,NA,NA,NA,NA,NA,NA,NA,NA,NA,NA,NA,NA,NA,NA
"TOUFIL",21340,3274,6456,8801,9037,5763,NA,NA,NA,NA,NA,NA,NA,NA,NA,NA,NA,NA,NA,NA,NA,NA,NA,NA,NA,NA
"TRELAM",7638,1341,2376,5435,5296,3955,NA,NA,NA,NA,NA,NA,NA,NA,NA,NA,NA,NA,NA,NA,NA,NA,NA,NA,NA,NA
"TREMIC",29477,3289,7551,11993,11831,8542,0.737748755133027,3.33048660189423,1.7223235470935,0.0310021386630984,NA,0.056468466496443,NA,NA,0.383119653039566,1.74994600069178,1.335540655763,0.0310021386630984,61.8795726385787,0.761198285238462,0.703981244601093,75.3027287558963,3,7,3,1
"TRIHIR",29762,3760,8104,12420,12579,8819,0.0687567889745246,3.46041968161979,2.19953972468904,1.99407501460149,0.0687567889745246,NA,NA,NA,0.0687567889745246,0.825297698647932,0.791577235486852,1.22215186570454,17.3768261066523,77.6950281723164,65.6708738647288,0.385961574448474,1,7,7,6
"TRIPAL",20706,3639,8066,11888,11364,7725,11.5799459738961,7.79006526613874,6.36410416199698,3.14969687291399,0.256414958514942,NA,NA,NA,2.64060452959065,2.16563123003525,1.43623544978933,1.21988900067162,2.1277746267525,1.0545813864586,3.09426315128193,1.15788472334542,14,9,9,8
"TRITRI",2185,513,875,622,737,224,NA,NA,NA,NA,NA,NA,NA,NA,NA,NA,NA,NA,NA,NA,NA,NA,NA,NA,NA,NA
"TRORAC",17918,3093,6221,6427,6423,3330,NA,NA,NA,NA,NA,NA,NA,NA,NA,NA,NA,NA,NA,NA,NA,NA,NA,NA,NA,NA
"TUROCC",14970,2825,6071,10032,9449,6624,0.211209543705048,0.413892287759321,0.384211142378829,0.354600715491612,0.0854716528383138,0.0282342332482215,NA,NA,0.211209543705048,0.413892287759321,0.384211142378829,0.354600715491612,3.33888971795261,4.97952383576207,10.242520367395,1.92980787739091,4,6,5,4
"UREBAC",17004,3801,6340,10896,10867,7066,4.96480742930846,1.40610850902587,1.86432991859258,3.6441273171739,NA,NA,NA,NA,NA,NA,NA,NA,NA,NA,NA,NA,5,3,2,3
"VACFAR",11833,1054,3284,3021,3702,2648,NA,NA,NA,NA,NA,NA,NA,NA,NA,NA,NA,NA,NA,NA,NA,NA,NA,NA,NA,NA
"VARBEL",559,335,415,432,442,107,NA,NA,NA,NA,NA,NA,NA,NA,NA,NA,NA,NA,NA,NA,NA,NA,NA,NA,NA,NA
"VARPOL",9946,694,2330,2434,2286,1592,NA,NA,NA,NA,NA,NA,NA,NA,NA,NA,NA,NA,NA,NA,NA,NA,NA,NA,NA,NA
"VARRUP",1224,401,595,447,499,98,NA,NA,NA,NA,NA,NA,NA,NA,NA,NA,NA,NA,NA,NA,NA,NA,NA,NA,NA,NA
"VITDIV",20700,2806,6717,11586,11207,8401,0.113962203784418,0.436229827001132,0.436809504061982,0.478967990437769,NA,NA,NA,NA,0.113962203784418,0.0847026997446644,0.0848188817614354,0.0930064159892951,0.354629102093461,9.07623543352767,0.351990622300547,11.3065344760075,2,2,2,2
"WALLAM",4151,1569,2361,1986,2267,698,NA,NA,NA,NA,NA,NA,NA,NA,NA,NA,NA,NA,NA,NA,NA,NA,NA,NA,NA,NA
"XYLBUX",18165,3355,5384,4479,5171,1816,NA,NA,NA,NA,NA,NA,NA,NA,NA,NA,NA,NA,NA,NA,NA,NA,NA,NA,NA,NA
"XYLSCH",559,335,415,432,442,107,NA,NA,NA,NA,NA,NA,NA,NA,NA,NA,NA,NA,NA,NA,NA,NA,NA,NA,NA,NA
"ZANFLA",7543,2517,4004,3360,3791,1274,NA,0.703054254512936,1.05597186690164,NA,NA,NA,NA,NA,NA,NA,0.703981244601093,NA,NA,NA,184.216672379744,NA,NA,1,1,NA
"ZANMAR",22714,3317,8115,10581,10708,7391,4.63282225622305,4.89403675747894,5.5607298956428,4.46266014481404,0.484339366083778,0.367045032226879,0.20068783323434,0.593566364664712,2.78606285378687,3.42978421772755,4.43517349068126,3.2195388478998,5.31943655978538,2.46068990017367,1.40796249389757,3.47365419063042,27,31,34,34
"ZANMON",12279,908,3622,5282,5649,4741,2.8940139186399,2.51715835729172,2.9572897813401,2.11582070422096,0.0569811018922092,NA,NA,NA,1.12086840817259,1.11104984826585,2.253308536739,1.34389755532401,2.48240372884596,6.32748831875162,6.68782186596882,0.828747536803702,3,4,6,5
"ZANPUN",4132,559,1109,1462,1655,1096,NA,NA,NA,NA,NA,NA,NA,NA,NA,NA,NA,NA,NA,NA,NA,NA,NA,NA,NA,NA
"ZAPPOR",9255,953,2401,2110,2680,1727,NA,NA,NA,NA,NA,NA,NA,NA,NA,NA,NA,NA,NA,NA,NA,NA,NA,NA,NA,NA
"ZIZRET",4529,560,923,541,754,194,NA,NA,NA,NA,NA,NA,NA,NA,NA,NA,NA,NA,NA,NA,NA,NA,NA,NA,NA,NA
