"","X","CODE","Species","fcover_51","fcover_77","fcover_91","fcover_00","tot_change","tpa_2004","tpa_2008","tpa_2009","tpa_2013","tpa_2014","tpa_2019","D_51","D_91","D_00","D_77","WD","THK","LA.wp","SLA.wp","MAXHT","seed_mass","PC1","PC2"
"1",1,"ADEPAV","Adenanthera pavonina",2339,3973,3393,3761,1422,6.57343269140286,NA,5.42580750113059,NA,6.37425858513594,6.67707804616547,1422.8389451082,1331.14032939834,1268.43115250261,1227.02224141473,-0.482434096392357,-1.01123657651838,0.182536607169953,0.0820604615796212,-0.923676743893635,-0.144172505045137,-0.500750140153376,-0.182313240968046
"2",2,"ADERIC","Adelia ricinella",1721,4398,3874,4558,2837,0.109412124750511,NA,2.86913647002438,NA,3.68917000291826,4.58579283232383,1578.91017180404,1271.76123721446,1232.3820869984,1310.28224926506,0.723890713756028,-1.17009559078512,-0.0966764068315377,-0.0778483049123904,-1.22003504708532,0.41787145175784,0.0321928413160721,-1.49421052714105
"3",3,"ALBLEB","Albizia lebbeck",604,2014,3599,3622,3018,1.57783199358054,NA,0.0543244042316082,NA,NA,0.0614881639719919,1801.73411049339,1241.58844401234,1291.01594242708,1361.51580572987,-0.254641138297628,-0.883618938180341,-0.0162212280703605,-0.0575720223815412,-0.448201230433512,-0.084567686744796,-0.408839203373461,-0.281308904674975
"4",4,"ALBPRO","Albizia procera",1189,2580,4732,4792,3603,2.81612540017236,NA,5.63356686838758,NA,4.12588288519281,3.65793502851083,1496.57233255818,1283.83712007661,1258.96982823889,1267.95618782184,-0.254641138297628,-0.883618938180341,-0.0162212280703605,-0.0575720223815412,-0.448201230433512,-0.084567686744796,-0.408839203373461,-0.281308904674975
"5",5,"ALCLAT","Alchornea latifolia",2789,6347,9995,9318,6529,7.15182027651186,NA,3.44771554647551,NA,4.25381405060263,4.25273591246169,1364.99190697605,1094.56033999719,1047.77109819712,1246.566534017,-1.4531352222982,-0.740813629053623,-0.0608171192859249,0.248338578298133,1.50646134227814,-0.170872787212889,-1.33704716167274,1.30222694803045
"6",6,"ALLCRA","Allophylus crassinervis",3924,7543,11343,11624,7700,NA,NA,NA,NA,NA,1.47708877074157,1245.79243594693,1150.75366367117,1112.79516308388,1219.24401006806,1.08465689975533,-0.459425243864309,-0.0984699781991324,-0.334540827068942,-0.745861761978628,0.0495929005717697,0.535691283596617,-1.23646453072089
"7",7,"ALLRAC","Allophylus racemosus",2516,4024,3359,3812,1296,NA,NA,NA,NA,0.0272548719243315,0.0593231475875186,1212.80089025195,1286.78588424887,1294.96738831609,1391.5422059511,-0.0126211862721859,-0.489239277210734,-0.0479552719886435,1.2553079130106,-0.745861761978628,-0.172935384010347,-0.900947961880611,-0.0613857417313043
"8",8,"ALSPOR","Alsophila portoricensis",2147,5302,10017,9370,7223,0.342872593275385,NA,1.20951102274369,NA,0.800219987616218,1.5907791550395,1379.89643504792,1175.01861915377,1085.87877117797,1298.16091698858,NA,NA,NA,NA,NA,NA,NA,NA
"9",9,"AMYELE","Amyris elemifera",2760,4466,3822,4335,1575,7.54319705205847,17.5311437692308,9.4690378974336,17.5610360296756,10.6173497033184,14.486922872619,1263.33177526195,1424.41611193558,1365.38801249585,1330.07500931781,1.25146478844984,-0.274403308706567,-0.0958614550468724,-0.890506152815783,-0.745861761978628,-0.166978604459286,0.990887547185237,-1.33644543036381
"10",10,"ANAPER","Anadenanthera peregrina",4290,9475,15180,14782,10492,NA,NA,NA,NA,0.0817646157729944,0.0593231475875186,1343.68651338106,1220.54130525102,1165.22223537542,1221.96951423803,-0.217057619900502,-0.894502091731747,-0.0116976369739762,-0.0477806241752565,-0.473804913730413,-0.0932061130339562,-0.399828222845351,-0.305722919592722
"11",11,"ANDINE","Andira inermis",3054,7271,10917,10913,7859,22.0621297567852,NA,21.6664524893442,NA,18.517430133411,17.5742380644596,1345.18914159635,1150.8690809506,1126.66245607204,1226.62803384675,0.282560619351763,-0.9160050712266,-0.0132722252133907,0.582016572431946,1.62500466355481,-0.0696787177971087,-0.877713558652965,0.412172112492602
"12",12,"ARDOBO","Ardisia obovata",2960,4801,4069,4566,1606,12.0816224317576,NA,16.113078199024,NA,17.8417313469806,21.5674816872549,1591.24727967843,1351.79902823508,1354.26861407264,1357.12478246531,0.655382944331301,1.440383142046,-0.0904384521347203,-0.933201626710296,-0.27168847687194,-0.123189980513042,1.49640586437688,-0.423797400302924
"13",13,"ARTALT","Artocarpus altilis",995,3543,6447,6536,5541,0.723724247637549,NA,1.12080170922238,NA,1.66200009343863,2.16978684106696,1440.14906463789,1125.03587270946,1120.22229529055,1238.73573547255,-1.35925879740125,0.353608482808038,0.0625262762723289,0.671534499521212,0.202484808234748,0.611979485945598,-0.688227027057975,0.831381999212353
"14",14,"AVIGER","Avicennia germinans",1531,3568,5217,5533,4002,3.94063612387061,NA,3.53253896225956,NA,4.30605385889874,7.4398791116311,1506.87484865323,1246.53850916239,1229.95109505549,1252.09653643591,-0.0974012314570587,0.0624710132173464,-0.0606740885906268,0.063628637767512,0.328778048666829,-0.10224763508003,-0.115916957048312,0.185177572926243
"15",15,"BIXORE","Bixa orellana",6473,13079,18105,18149,11676,NA,NA,NA,NA,1.01794709115772,NA,1276.59219883041,1163.93828971052,1111.0240998684,1181.21222752328,-0.550576949254858,-0.319879787927089,-0.0232988140477212,0.215969283879756,-0.240521963579657,-0.0210762024604614,-0.460418136922889,0.145982213314425
"16",16,"BOCFRU","Bocconia frutescens",3957,9055,14746,14337,10380,0.0275460446677071,NA,NA,NA,NA,NA,1350.30802730653,1214.58738464796,1164.34931454491,1223.82790940684,-0.25781564575005,1.01982405487408,1.22508299911289,0.00226090095377041,0.0428149757030428,-0.043059849223927,0.901409399028274,1.17783280941562
"17",17,"BOUSUC","Bourreria succulenta",2482,5249,4460,5286,2804,4.87903988948787,56.8654912307692,19.359867682988,51.6497755429309,22.2397319434701,22.8239118758192,1377.17276024111,1282.63689056117,1263.35553890893,1272.38227798725,0.34251037579454,0.283386946103137,-0.0968771302871935,-0.389286272698479,-0.508775119425284,-0.173212319336991,0.532931144921541,-0.45801966680233
"18",18,"BOUVIR","Bourreria virgata",2869,4675,3935,4529,1660,1.02861777982615,NA,0.676359849816685,NA,1.01794709115772,1.87602253722072,1497.11922556947,1495.16186667425,1459.67935945722,1475.93555538837,0.649193217774737,0.379339168791771,-0.0996981123756199,-0.819568448430378,0.0839414869580758,-0.172601203278736,0.876668757061094,-0.488143903065175
"19",19,"BUCBUC","Bucida buceras",4413,9353,11972,12714,8301,12.2881433502025,NA,2.5041914380205,NA,2.28472492158511,3.36510234465691,1375.31499892924,1178.13615236906,1165.62722366832,1195.81192565243,1.38682765916458,-0.0495522044894605,-0.099661242912716,-0.675906749884256,1.26937469972479,-0.170338781569533,0.73081335417079,-0.491139033442749
"20",20,"BUCTET","Buchenavia tetraphylla",3175,6846,11130,10457,7282,1.04384376723096,NA,0.248936394241085,NA,0.27790293414911,0.243787639503494,1330.42471169807,1178.81323252211,1071.00574385233,1248.94369408877,-0.111622799713442,-0.579632294448756,-0.0969156823254563,1.23896767744526,1.86209130610815,-0.0971746683734597,-1.35616617042728,0.947844285380955
"21",21,"BURSIM","Bursera simaruba",2406,4124,3121,3801,1395,7.90919291419177,54.4395300769231,11.7070276575133,47.2589134512543,9.86501932595323,9.3485486020213,1499.215572044,1389.86794710132,1354.77727126133,1401.12297547762,-1.57285765516391,-0.453235773661927,-0.0790420170906732,-0.105227457487164,0.795201414618107,-0.159792170113271,-0.947061810459096,1.04030332670378
"22",22,"BYRCRA","Byrsonima crassifolia",575,1007,2700,2790,2215,NA,0.231463307692308,NA,NA,NA,NA,1695.14797221765,1528.75254791438,1297.31532087122,1512.35635400008,-0.296852566251967,-0.27138594020082,-0.0955595182951455,0.112695835359879,1.06034922553019,-0.0920927620512761,-0.499408738073287,0.495353749759465
"23",23,"BYRLUC","Byrsonima lucida",1582,2922,4483,4837,3255,4.48488975724771,NA,4.89749216141162,NA,4.21434727715943,6.5297137071642,1431.54331191557,1239.66506326544,1263.72652255811,1319.62296027161,-0.489714682072382,0.159358394077773,-0.0957244436092179,-0.483719401285831,0.704334226990752,-0.062722984877376,0.0315341391817934,0.388601512420257
"24",24,"BYRSPI","Byrsonima spicata",898,2726,3534,3113,2215,1.01629772256326,NA,1.19691826521581,NA,0.865189585973567,0.695549504416745,1667.28628554603,1345.69638947163,1306.48376684389,1315.7021592142,-0.0658998715740531,-0.892092314559766,-0.0973536052010685,0.951105474148028,1.62500466355481,-0.16099368281082,-1.28378889887151,0.701215192801669
"25",25,"BYRWAD","Byrsonima wadsworthii",1521,2353,3495,3161,1640,0.397964682610799,NA,0.365342127024147,NA,0.366570568976906,0.398933766479152,1257.92272357923,1067.60692938697,1070.16904137291,1297.02652061598,-0.568926452016787,0.336268238431273,-0.0957922103068159,-0.728670301964034,0.558114772064763,-0.0506608365866624,0.249594919749389,0.344758459361405
"26",26,"CALANT","Calophyllum antillanum",3323,6745,7175,7127,3804,5.09659539226568,NA,9.89653826266934,NA,4.57221003863783,7.36921077798143,1417.37652387804,1193.2189784525,1206.1789722095,1245.99877206748,-0.104841170230298,0.31277500313999,-0.0852487695095295,-0.138519417874882,2.45480791249151,-0.0419104243426467,-0.18828034498011,1.00464819518292
"27",27,"CALPAL","Calyptranthes pallens",1153,1951,1507,1785,632,NA,NA,0.338179924908343,NA,0.67863139410515,0.738544385370785,1752.52273342656,1641.00183174198,1625.14007506395,1636.39515397388,0.426713441710743,-0.627261941850085,-0.0949614381857361,1.79653648978967,-0.755131959396837,-0.123531732870887,-1.11818903098013,-0.24920728638464
"28",28,"CASACU","Casearia aculeata",3240,6222,7073,7793,4553,NA,NA,1.35271969963337,NA,1.3572627882103,1.10781657805618,1394.44291790745,1228.8642870235,1188.3085309693,1227.15176540447,0.365759602827145,-1.07250543298519,-0.0910297392175768,0.494943068193666,0.183408810618025,-0.062095803949942,-0.688963392251056,-0.328201105891242
"29",29,"CASARB","Casearia arborea",2346,5007,8484,7723,5377,8.43852067001015,NA,9.3937731806635,NA,7.3385682514542,5.98574970044416,1320.52259343654,1122.93184139475,1026.72042077253,1207.00575294604,-0.132681861430203,-0.716757524723962,-0.0978091767826244,0.421756243668871,1.62500466355481,-0.175191557853522,-0.915705205837482,0.642651995472681
"30",30,"CASDEC","Casearia decandra",3133,7242,7794,7806,4673,3.18713481294596,NA,2.73260160138255,NA,2.47377297405656,2.4430930640387,1369.63238524968,1202.39408776944,1184.32472644921,1245.73478211463,0.512182047731261,-1.30870567537901,-0.0988699218538258,1.45885746347451,-0.508775119425284,-0.163650360886512,-1.23548522022586,-0.44050772432766
"31",31,"CASELA","Castilla elastica",6497,13153,18205,18297,11800,NA,NA,0.0543244042316082,NA,0.0817646157729944,0.0593231475875186,1275.08424119104,1161.06306492212,1107.6659541048,1178.85625130357,-2.23459645131641,-0.623038842111066,-0.00614389297465617,1.5318254828425,-1.45712168963866,-0.0995590035710399,-1.9193273192414,0.932583913493376
"32",32,"CASEQU","Casuarina equisetifolia",1158,1727,1458,1686,528,NA,NA,0.162973212694825,NA,NA,NA,1785.83950827733,1707.56199264334,1659.05019539418,1620.31013940753,-0.0639897466046999,0.228217972380632,0.0583663406918668,-0.149033028549452,-0.115010698848176,-0.027714317023008,0.228417622156467,0.0133629973431269
"33",33,"CASGUI","Casearia guianensis",3230,7624,8504,8585,5355,54.3141454461815,NA,52.8020587484159,NA,44.3280959441179,43.7276751693671,1403.4494223774,1143.32326711069,1153.25222934037,1225.12907749098,0.6704030904489,-1.05576184952692,-0.0920035040746503,0.597054737416461,0.0839414869580758,-0.0384839074186443,-0.598648005552979,-0.517887356067241
"34",34,"CASSYL","Casearia sylvestris",4699,9972,15647,15140,10441,43.5235172305948,NA,51.4127955894395,NA,42.8959157877149,33.997881799325,1274.17810378456,1111.28193068155,1082.29211871651,1175.57120347642,-0.0836896776236432,-0.862446090367673,-0.088408159547404,0.062766043902989,-0.27168847687194,-0.17501133094889,-0.471140540544697,-0.273368837841191
"35",35,"CECSCH","Cecropia schreberiana",3156,6756,12562,11881,8725,14.5279955470865,NA,10.0260154021285,NA,11.766581216735,9.33493877430232,1278.17221457668,1127.39772035152,1063.70283010531,1226.63651875669,-2.18935070137111,0.143039491500707,0.301372811221254,0.035364275118008,1.26937469972479,-0.175331734334903,-0.91922825887786,2.01106222992613
"36",36,"CEDODO","Cedrela odorata",6806,13499,18539,18594,11788,0.137730223338536,NA,0.473990935487363,NA,0.109019487697326,0.118646295175037,1271.80928740416,1171.33521706418,1112.27855372655,1176.75769099868,-0.833331831891221,-1.1214341906884,0.0607492143113976,1.11293442813649,0.374317819403938,-0.0890314252747291,-1.5458659214967,0.686201365102532
"37",37,"CEIPEN","Ceiba pentandra",3304,6475,7714,8357,5053,NA,NA,0.421278475658432,NA,0.400109993808109,0.42611738483436,1407.74566809745,1194.35907869969,1160.28113223707,1215.07833699068,-2.16771747059399,-4.11319384715873,-0.0180959145979496,2.54909442613486,2.45480791249151,-0.16753525194192,-4.67752183951764,1.91714551775119
"38",38,"CHIDOM","Chionanthus domingensis",4245,8076,10138,9938,5693,0.370418637943092,NA,0.419666531255755,NA,0.733141137953813,1.50675034453533,1275.4244433945,1151.99928691259,1087.92636589264,1187.51090042694,0.974768654765384,-0.400971838231225,-0.0833279274203736,-0.064186048382014,1.03228805717145,-0.0311117613233978,0.0941226515658145,-0.326909984664588
"39",39,"CHRARG","Chrysophyllum argenteum",3400,7116,7755,7662,4262,NA,NA,1.07047612335931,NA,1.01794709115772,0.912915603971226,1390.55312408412,1229.04884092626,1196.03196401518,1229.73990173875,0.568510558813506,-0.49822104453994,-0.0907468942958472,0.477623379563649,1.15083137844812,-0.14383875151804,-0.482217185665812,0.118928381844045
"40",40,"CHRCAI","Chrysophyllum cainito",5946,11780,15644,15873,9927,0.955433627986579,NA,0.452917252973085,NA,0.486298486485824,0.432925373041858,1276.12624775905,1168.7331580163,1124.57459745007,1197.15607570904,0.443710755325735,-0.346782405956805,-0.0898484953260682,0.319778227776102,1.06182689371397,-0.0615786209387118,-0.343861658880929,0.109808964167045
"41",41,"CHRICA","Chrysobalanus icaco",927,1542,2602,2610,1683,0.370418637943092,NA,3.71997917399177,NA,4.41110406168347,2.95417754148314,1689.23537849458,1472.23843317984,1420.26259290379,1423.19001307893,0.904846045450169,-0.36747756419814,-0.0956477366647745,-0.24239139861055,-0.594306908571441,-0.131685431247367,0.399093347782406,-0.943137874180774
"42",42,"CHRPAU","Chrysophyllum pauciflorum",1659,4018,5959,6282,4623,0.346937918916894,0.231463307692308,0.17032316002633,0.231857974553069,0.222325881496323,0.26215653192768,1501.15865664957,1320.44799030891,1305.37754330338,1361.11833496759,NA,NA,NA,NA,NA,NA,NA,NA
"43",43,"CINELO","Cinnamomum elongatum",4074,9202,14437,14093,10019,5.34420991825536,NA,3.3572757897304,NA,3.6186720986814,2.97067960329782,1291.64136440913,1137.64726752409,1085.63154348143,1199.41659079403,-0.592935273053226,-1.91563892202334,-0.0955895906244873,0.52225376775707,2.21772126993817,-0.106116888046745,-1.78964864799587,0.84369811708354
"44",44,"CINMON","Cinnamomum montanum",3409,7820,10095,9901,6492,0.425510727278506,NA,0.0904397567451089,NA,0.456366507108594,0.555901700985842,1345.78544782959,1149.24583464185,1117.61396455364,1219.06911748373,-1.03471672640184,-0.935349698976826,-0.0965814920870299,0.145451706218004,0.913744735894779,-0.0642012411715008,-1.10481404190335,0.683304672187514
"45",45,"CITCAU","Citharexylum caudatum",1556,3199,4091,3733,2177,NA,NA,0.676359849816685,NA,NA,NA,1301.81342284588,1067.00966470043,1003.86220128023,1158.54938909618,-0.282035172622252,0.336216106638213,-0.0928026704484713,0.593265841581884,-0.0280280940254045,-0.126814562782458,-0.351861582735094,0.347179754061614
"46",46,"CITSPI","Citharexylum spinosum",3083,7640,9348,9653,6570,NA,NA,NA,NA,0.089795938131688,0.127306360712931,1358.76514918524,1148.62214627895,1141.00250864617,1204.77498030838,-0.0688719078683502,0.741619762151941,-0.0926803594092671,0.299771037901655,0.558114772064763,-0.16565345610516,0.00881060719781935,0.499266618784377
"47",47,"CLUCLU","Clusia clusioides",1242,2188,3399,3216,1974,0.97728702032587,NA,0.0814866063474123,NA,NA,NA,1798.0081684389,1483.96473292672,1482.99407564881,1621.07785248815,-0.573568856576058,6.46277044670193,-0.0761081538410488,-1.41184775109248,0.439265085096478,-0.233057415468188,3.4630026074939,1.69893801146029
"48",48,"CLUROS","Clusia rosea",2893,4497,4027,4488,1595,2.92724433144926,NA,4.09858159889471,NA,4.0888446438996,4.47041789464509,1501.77483392865,1482.01890662368,1545.82130329,1631.84046459957,0.398355478776619,6.003731409265,-0.0767456568226199,-1.51999761031919,1.26937469972479,-0.173892482324933,3.61121578589711,1.31980075923549
"49",49,"COCDIV","Coccoloba diversifolia",3371,5418,4506,5221,1850,7.38920477355761,5.76656015384615,10.4367843042135,NA,9.07409839544595,9.32198228445655,1556.29385245554,1503.12619158298,1469.39347796867,1509.41787337443,NA,NA,NA,NA,NA,NA,NA,NA
"50",50,"COCKRU","Coccoloba krugii",658,1071,806,979,321,3.77159852602923,NA,5.07269887362514,NA,4.75041975873605,5.53908289028089,1895.47592283724,1609.26603127337,1616.11011636614,1529.0107587309,0.648522625736651,1.27916734487965,-0.0993283004134732,-1.10664745778496,-1.16076338644698,-0.172347550598142,1.63946505490548,-0.846657848629227
"51",51,"COCMIC","Coccoloba microstachya",956,1731,1616,1857,901,5.49895628129799,441.373315076923,10.7015373447878,560.541948423515,11.1956132142913,14.6477286139294,1654.57419268141,1455.48676354681,1318.08291300614,1393.18670960984,0.721818589643641,0.776039216233139,-0.100181139443306,-0.968049143379645,-0.627318440701956,-0.170472282980372,1.27967194886764,-0.759517898662296
"52",52,"COCPUB","Coccoloba pubescens",2897,5009,5012,5457,2560,5.79664497592359,0.231463307692308,NA,NA,NA,NA,1434.56347139906,1328.27050069579,1315.24157354172,1387.02218391889,1.00790753247907,2.48897570061599,0.118406772053353,-0.913305841686415,0.676658093341435,-0.171788072885599,2.05881239908887,0.176761454766177
"53",53,"COCPYR","Coccoloba pyrifolia",1843,2625,3471,3251,1408,NA,NA,NA,NA,0.400109993808109,0.42611738483436,1314.2173784828,1680.211708184,1247.11455194799,1440.69055506584,-0.0833598524517239,0.344378997443116,-0.0921861462847187,-0.770430561055019,-0.864405083255299,-0.169591173668836,0.666443493603684,-0.450520874781366
"54",54,"COCRUG","Coccoloba rugosa",1573,4508,5999,5504,3931,NA,NA,4.72939528251154,NA,4.47426146260533,5.55038135456841,1511.56414014902,1234.77816247623,1215.24021765185,1360.91740902951,0.411438658256817,1.29255476023675,0.2146482625544,-1.37493023689802,0.0839414869580758,-0.215791882857157,1.65972300080639,-0.0626398986752946
"55",55,"COCSIN","Coccoloba sintenisii",333,420,434,445,112,0.342872593275385,NA,0.0271622021158041,NA,1.72383335718721,1.84636096342696,1879.33891053381,4053.24573341001,2045.09494777825,1684.53059410968,0.0798872625788718,1.37493024398093,-0.0682921428403582,-1.16623611789735,-0.864405083255299,-0.205354436677657,1.44901196404502,-0.367676453087442
"56",56,"COCSWA","Coccoloba swartzii",2322,5070,8232,7795,5473,0.342872593275385,NA,NA,NA,NA,NA,1342.4889719391,1223.95601793868,1119.06528212145,1267.25889201771,-0.0528507260482649,1.36415805354953,-0.0831736757924754,-0.859011150277799,0.439571450788092,-0.33027575467772,0.991984419554015,0.358443499862065
"57",57,"COCUVI","Coccoloba uvifera",5946,11780,15644,15873,9927,NA,NA,0.0879838142030917,NA,0.0987706338156028,0.104231284753209,1276.12624775905,1168.7331580163,1124.57459745007,1197.15607570904,0.280461534589882,2.10407820754066,-0.0511497323702682,-1.00026821347251,-0.864405083255299,-0.0910389435313103,1.79211002560704,-0.298130892953119
"58",58,"COCVEN","Coccoloba venosa",3352,7536,7689,8330,4978,NA,NA,1.00812829246642,NA,0.67863139410515,0.747676203680033,1422.4121420216,1211.7235223565,1185.65213187135,1288.55344353803,0.45634538250796,1.59934390897165,-0.0130838972560788,-0.978002540103946,-0.343475867185173,-0.170991677547112,1.5499249134688,-0.243240151262364
"59",59,"COFARA","Coffea arabica",2528,6205,11490,11233,8705,11.0690860390294,NA,12.3422863426032,NA,5.08973545578862,2.58490534879775,1309.21140922132,1184.44686345754,1107.37741777635,1254.93161537438,-0.122843349729745,-0.320087987946394,-0.0873045485403196,0.379347230629327,-0.864405083255299,-0.150273519520468,-0.339770016964061,-0.281344066743186
"60",60,"COJARB","Cojoba arborea",3674,5751,4817,5498,1824,1.26598474124021,NA,0.365342127024147,NA,0.366570568976906,0.398933766479152,1533.94151744084,1515.30202739826,1502.9821462002,1510.49520613067,-0.664919082672019,-1.1007346122712,-0.0644160574930361,-0.870596014866969,-1.16076338644698,-0.0619356359684606,-0.105919987666817,-0.654218002745805
"61",61,"COLARB","Colubrina arborescens",2253,3615,3187,3652,1399,1.71436296637692,NA,1.57646509417051,NA,0.745710243767556,0.792911622081201,1461.64134064373,1516.59588321105,1446.83015940848,1493.45712657068,1.0209529220687,-0.0547263098450337,-0.0884804964440217,-0.749571541124903,-0.153145155595268,-0.173399301413012,0.828669941412412,-0.870053389881246
"62",62,"COMDOD","Comocladia dodonaea",860,1516,1108,1396,536,0.866563438508563,20.1829605384615,0.676359849816685,25.9937670826838,0.67863139410515,0.738544385370785,1849.14716526226,1604.88172221969,1477.12968776108,1380.36295742859,0.838680208031034,-0.46910221896498,-0.0934594401891884,-0.947365985901483,-0.923676743893635,1.25813906256174,1.01348780925997,-1.88738877871996
"63",63,"COMGLA","Comocladia glabra",1821,2865,2453,2750,929,0.342872593275385,NA,0.338179924908343,NA,1.01794709115772,1.47708877074157,1042.43700322657,1222.86070460408,1194.19316287038,1292.62054018829,0.410450577160469,-1.27234709810272,-0.0982126376761413,0.906861240360109,-0.745861761978628,1.11137808326783,-0.696263837254098,-1.20114593359761
"64",64,"CONERE","Conocarpus erectus",1876,3420,4228,4708,2832,0.768383320553891,NA,0.757846456164098,NA,0.421080312825569,0.458256914066671,1466.205173744,1281.73815890587,1246.2523045371,1304.57431641668,0.622361997558281,-0.296591749956364,-0.0938443789221151,0.265928224080975,1.48188568746941,-0.12721095486453,-0.28643767717883,0.203230065555067
"65",65,"CORALL","Cordia alliodora",2341,6107,11161,10800,8459,2.81456407554947,NA,5.23113434933842,NA,4.48707237991469,3.16185681331308,1354.34542667568,1211.87870029989,1153.17688705214,1310.67868318762,-0.633554654262476,-0.377590476380733,-0.0919744468589277,-0.057103431470539,-1.10149172580864,-0.171006288623727,-0.287403035559813,-0.217717042366259
"66",66,"CORBOR","Cordia borinquensis",2369,5731,8694,7933,5564,3.30622169682012,NA,1.74522402877332,NA,1.07245683500639,1.1671397256437,1364.61042834296,1106.99459008756,1064.20739655755,1245.56509932732,-0.10348049239567,0.543791810796483,-0.0715188697935539,0.263612788851703,-0.390231798148612,-0.167193488330172,0.0700938031388224,0.0944528970368943
"67",67,"CORCOL","Cordia collococca",959,3064,5177,5553,4594,NA,NA,0.338179924908343,NA,0.339315697052575,0.369272192685393,1521.74629236146,1273.20022317815,1204.00043685658,1333.3189454975,-0.658897177304031,0.433449953995272,-0.0478980641720012,-0.143269839457387,-0.086706576136333,-0.166561300921306,0.000209368538559879,0.403720074063754
"68",68,"CORLAE","Cordia laevigata",4406,9120,11523,12161,7755,2.32769667679263,NA,NA,NA,NA,0.148307868968796,1358.36876109876,1202.52203697714,1169.92328202597,1224.00055550382,-1.17122560183386,-0.649888253441023,-0.0910034468314688,-0.116370148338766,-1.16076338644698,-0.169049051139702,-0.590609562337028,-0.0234850877987257
"69",69,"COROBO","Cornutia obovata",5946,11780,15644,15873,9927,NA,NA,NA,NA,NA,0.0296615737937593,1276.12624775905,1168.7331580163,1124.57459745007,1197.15607570904,-0.37852582139017,1.38771238782944,-0.0748313668982533,-0.335749788933085,0.663745879996033,-0.152250941895736,0.552741810225643,0.70363259320279
"70",70,"CORRIC","Cordia rickseckeri",2553,5016,6060,6700,4147,0.68574518655077,NA,0.00443893870146112,NA,0.00521995550273831,NA,1394.59228230196,1252.52567849561,1224.75622241807,1250.56382286081,-0.195633039885478,0.0935892988233967,-0.0683764495192185,-0.163359079956376,-0.327104930874203,-0.146699946137318,0.0774091244718169,-0.0622477817183916
"71",71,"CORSUL","Cordia sulcata",1965,4607,9054,8331,6366,2.75534065850853,NA,6.3132635276409,NA,6.5182576728215,6.25919891374142,1305.36860011216,1113.69274628789,1066.78564416645,1240.26341901588,-0.725322042291274,1.40185423693351,0.0181673913906271,-0.561216416101379,1.26937469972479,-0.164532164405384,0.502461555873714,1.14790205691187
"72",72,"CRECUJ","Crescentia cujete",3322,5718,6103,6775,3453,0.0332386969961233,NA,0.0316387773146524,NA,NA,0.0318265901782327,1455.8986339857,1287.20694158994,1280.71207787743,1299.15633560114,0.0246029955864301,1.12862056877043,-0.0627500061314436,-0.367807836307748,0.192565597471343,-0.168564192057931,0.690683815865432,0.232536415855945
"73",73,"CROAST","Croton astroites",770,1673,1673,2020,1250,1.93301409883556,NA,2.55963945377591,NA,0.959286836594915,0.426273592583725,1863.90123904066,1457.21150832837,1374.89830469067,1440.25236891705,0.943993600115546,0.469141536389326,-0.0896955133084767,0.325442001484616,-0.778104218556812,0.454828712729121,0.57831442198929,-0.943312338443004
"74",74,"CROFLA","Croton flavens",1215,2549,1860,2378,1163,1.44266384953498,NA,0.876216361288348,NA,NA,NA,1553.2925036044,1339.24271080683,1272.06711797594,1316.18015739394,1.53351396330844,-0.134528725594952,-0.097385547920113,0.47419524564082,-1.10149172580864,0.583186650134665,0.51999240999892,-1.57237723467414
"75",75,"CROPOE","Croton poecilanthus",588,787,839,797,209,1.2214400925001,NA,1.09602638107244,NA,0.705886266029481,0.0296615737937593,1161.70333648526,NA,1000.81848278896,1199.57388845408,-0.598067962224517,3.25804351745635,-0.0741604015348814,-0.0274402952184054,-0.153145155595268,0.0103444089503618,1.27627819293494,0.964310786788197
"76",76,"CRORHA","Crossopetalum rhacoma",641,1120,782,959,318,3.77159852602923,NA,4.39633902380845,14.4409817126021,4.41110406168347,6.27762727565168,1668.43074033978,1923.40384498185,1750.23346402969,1436.85434315825,1.40972380098313,1.75749705983895,-0.101446826284515,-1.17423844109781,-1.22003504708532,-0.172758574741833,2.22277114051718,-1.1994855193309
"77",77,"CSSGUI","Cassipourea guianensis",3913,8059,10871,10321,6408,NA,NA,0.0316387773146524,NA,0.67863139410515,0.738544385370785,1335.48642528259,1167.94780737869,1106.64193995503,1213.49650335666,0.434510221410836,-0.465927835253883,-0.0955782603121926,0.264717254121558,-0.508775119425284,0.590465172973543,-0.0451988674280596,-0.859929775348045
"78",78,"CUPAME","Cupania americana",3880,8071,11789,11859,7979,3.72596041885737,NA,4.98339888264224,NA,4.00913866943157,4.49292827137791,1336.77843174026,1149.04182110889,1132.98196832647,1200.00514333102,-1.04627382629013,0.248423854875799,-0.0294008519475169,-0.118724537952211,0.32102812951142,-0.149026616343234,-0.307701084546481,0.749609872397962
"79",79,"CYAARB","Cyathea arborea",2569,5872,9975,9320,6751,2.74765929301258,NA,6.55669659509387,NA,5.83919309132109,2.69050571887251,1309.0345161511,1144.2131971432,1073.77306043816,1233.33166077367,-0.302685123649224,1.53594137548048,1.86917378179822,0.0219068101408608,0.0259815585570841,-0.0630636231600365,1.38641519507665,1.75125055309033
"80",80,"CYRRAC","Cyrilla racemiflora",718,799,837,815,97,0.137730223338536,NA,0.0271622021158041,NA,0.0272548719243315,0.0296615737937593,1866.72684302854,5857.62356860136,2008.71996460092,3326.3062355367,-0.605805005155714,0.652979415059308,-0.0973472894455458,-0.854007824654282,-0.153145155595268,0.00262751965263891,0.564106911182899,0.0975079432990727
"81",81,"DACEXC","Dacryodes excelsa",2059,4244,6836,6191,4132,0.673425129287871,NA,1.14420580538688,NA,1.15092587717855,1.09417033184182,1363.65365232398,1069.43133998557,1042.27384348403,1233.98524691846,-1.015406648967,-0.345853096217492,0.019927772761608,-0.191127303172709,1.62500466355481,0.0899983146648066,-0.651594014589185,1.01408905596682
"82",82,"DAPAME","Daphnopsis americana",1152,2213,3803,3423,2271,0.0332386969961233,NA,1.63526607360097,NA,1.5785393182139,1.70879957210639,1262.56457985696,1219.12531103251,1148.7373120516,1380.12102691898,-1.83043654242474,0.795993671485524,-0.092889196557234,-0.222427816909764,-1.07701114378224,-0.138946448936574,-0.14595912070868,0.686611817358208
"83",83,"DAPPHI","Daphnopsis philippiana",2420,4668,8031,7372,4952,0.342872593275385,NA,0.338179924908343,NA,0.339315697052575,NA,1319.47682596517,1238.9260926808,1132.10123769488,1290.00546400706,-1.86652220314778,0.831416126408965,-0.0946627429392275,-0.237093743247793,-1.10149172580864,-0.142114893517119,-0.133659273244138,0.70187947196862
"84",84,"DELREG","Delonix regia",3763,8176,12719,12506,8743,0.124007482282263,NA,0.852725151610668,NA,1.97353534950749,2.05179039062515,1343.37666475396,1223.14276611307,1187.68834960472,1235.98347092424,-0.160717583725512,-0.879977298208767,-0.00876858261868169,0.0150460452114137,-0.459316443890455,-0.093024709197336,-0.40828164232177,-0.308904415450034
"85",85,"DENARB","Dendropanax arboreus",4437,8583,13929,13393,8956,8.20034259055233,NA,9.04711781541694,NA,9.9497478359282,8.42294278858191,1244.74570475247,1128.10323860027,1080.08476449904,1206.36911722907,-1.25892632870825,-0.356089638885843,-0.0859772471972057,0.899234566635804,1.86209130610815,-0.174343823894696,-1.53327271297553,1.59321982770851
"86",86,"DITMYR","Ditta myricoides",794,1148,1464,1264,470,0.68574518655077,NA,0.676359849816685,NA,0.705886266029481,NA,1707.39362870317,1454.20921580328,1369.08796986816,1345.84840273348,-1.48074264062507,0.612257808832049,-0.0995090102432267,-0.491854238414713,-0.627318440701956,0.297679794594135,0.0777572415748756,0.349949845486138
"87",87,"DRYALB","Drypetes alba",3253,5587,6020,6336,3083,2.74298074620308,NA,NA,NA,NA,NA,1366.23716198214,1339.11065216367,1337.97667680917,1374.22304058572,0.215430339511819,-0.53465953069762,-0.0931186918084273,-0.170968185861561,-0.0346018343185961,0.178663158306191,-0.0371085172035313,-0.493843957223516
"88",88,"DRYGLA","Drypetes glauca",1501,2151,2581,2399,898,0.425510727278506,NA,0.338179924908343,NA,0.0272548719243315,0.0296615737937593,1345.4978436411,1287.27641219249,1263.77502183197,1443.63570981793,0.0358763947203094,-0.358124653745454,-0.089090434228485,-0.0607861472651664,0.32102812951142,0.101370567334701,-0.158088164505889,-0.139860571842118
"89",89,"ERIFRU","Erithalis fruticosa",1727,2893,2311,2743,1016,1.37149037310154,NA,0.676359849816685,NA,0.708563373482379,0.0318265901782327,1723.02555392102,1569.27016322543,1491.52800913431,1557.25449800699,1.88385290023767,2.51509794062193,-0.0989990605651053,-1.22717069056419,-1.27930670772365,-0.184119967721285,2.80638199626416,-1.31187977929904
"90",90,"ERYARE","Erythroxylum areolatum",678,1127,718,953,275,NA,0.462926615384615,0.788232547085257,NA,2.23352328584869,2.41520442824486,1600.70501650251,1427.63700212899,1223.95322015882,1322.9515969682,1.36047791718369,-0.396931996982872,-0.0989072231016336,-0.361612095176726,-0.745861761978628,0.743507731537516,0.803270233717462,-1.69927838189693
"91",91,"ERYPOE","Erythrina poeppigiana",3743,7139,11946,11913,8170,1.89486522178798,NA,2.93960639121031,NA,2.66281376957495,1.46135664747321,1304.39281422546,1212.11034793925,1163.31291400856,1251.32796124073,-2.04435365200352,-1.2953928426514,0.0136896815815607,3.00702996033529,1.15083137844812,-0.14270398952591,-3.40554785384192,2.14479267348607
"92",92,"ERYROT","Erythroxylum rotundifolium",1324,2585,2240,2792,1468,NA,NA,7.14357826840519,NA,7.38926611478743,8.74116455909828,1694.47874511717,1317.35838078571,1227.85313368488,1383.41337886784,NA,NA,NA,NA,NA,NA,NA,NA
"93",93,"ERYRUF","Erythroxylum rufum",1158,1727,1458,1686,528,0.414046069708828,NA,0.394116273542628,NA,0.712170818936353,1.1893674331218,1785.83950827733,1707.56199264334,1659.05019539418,1620.31013940753,1.47448794787605,-0.585673411922482,-0.0928333889406632,0.287760183463972,-1.33857836836199,0.767251898760783,0.465297586065198,-1.87611305384799
"94",94,"EUGAXI","Eugenia axillaris",901,1738,1382,1726,825,0.542454755873378,NA,NA,NA,NA,NA,1974.43804639062,1620.80038853659,1424.08944306335,1571.13540849171,1.12315457624589,0.369941874272517,-0.0986081037932078,-0.808870649077679,-0.982948404531971,-0.154198460999127,1.21865699006047,-1.1883344484177
"95",95,"EUGBIF","Eugenia biflora",3607,8424,9527,9873,6266,8.31081099693297,NA,8.88967512975916,NA,9.90642069030774,11.7475286084209,1352.64127170263,1166.68872061157,1127.22521893164,1191.13677776119,0.656489286812596,-0.0225070166518263,-0.100522096499639,-0.561935470978989,0.439571450788092,-0.162339377032075,0.491183415371198,-0.382049812852867
"96",96,"EUGBOR","Eugenia borinquensis",1368,2828,3543,3168,1800,1.79700110038005,NA,1.37988190174918,NA,1.04520196308206,1.47708877074157,1364.52555399068,1146.45524178986,1156.65332571618,1334.95419390563,-1.2486895472089,2.75164769256114,-0.0782987451106434,-1.13740802460398,0.0260648842274356,-0.539885629674823,1.32722661173743,1.22138116581421
"97",97,"EUGCON","Eugenia confusa",333,420,434,445,112,0.370418637943092,NA,1.04170197684083,NA,0.0272548719243315,0.0296615737937593,1879.33891053381,4053.24573341001,2045.09494777825,1684.53059410968,0.84296793275162,0.418361774411045,-0.0952127461102582,-0.707468475722443,-0.385376292920385,-0.123853177942665,0.984379242108402,-0.763993881137673
"98",98,"EUGCOR","Eugenia cordata",1072,2888,6110,6201,5129,0.0550920893354143,NA,NA,NA,NA,NA,1429.98210197534,1203.1470028356,1136.27902396944,1222.03895268216,NA,NA,NA,NA,NA,NA,NA,NA
"99",99,"EUGDOM","Eugenia domingensis",3464,7309,7913,7710,4246,NA,NA,NA,NA,NA,1.10781657805618,1373.16468908603,1146.1513919087,1120.06364647476,1185.93967592006,-0.697969341658552,-0.0550059904264503,-0.0924649225591863,-0.628981891396331,0.676658093341435,-0.171958153683008,-0.0776282466566775,0.453965582408057
"100",100,"EUGLIG","Eugenia ligustrina",1946,3379,2872,3465,1519,NA,NA,2.9004106472854,NA,1.79719675975648,3.09009563325918,1550.4639085086,1350.58922672311,1306.20754706556,1356.45704338522,1.85131604623662,0.08489062766115,-0.101171269665206,-0.783857537031004,-1.33857836836199,0.0929075631178246,1.46360949758688,-1.9149902267497
"101",101,"EUGMON","Eugenia monticola",4305,9806,10669,11180,6875,12.4684208613633,NA,23.3921089548511,NA,23.5925846721111,20.2899086281652,1373.53599050132,1163.95590689014,1137.59586096202,1218.27243800757,0.953868911088962,-0.525655155493121,-0.10153022176594,-0.480566024460697,0.558114772064763,-0.174401642160529,0.31587509623403,-0.59611384117514
"102",102,"EUGPSE","Eugenia pseudopsidium",2927,6104,6131,6277,3350,0.0550920893354143,NA,3.82929003815771,NA,1.76365733492528,1.90072820013738,1586.52241507222,1299.05250589925,1287.09027428334,1316.19989856529,1.2540555859791,-0.376512431919576,-0.0958874263816821,-0.496706106373619,-0.627318440701956,-0.00376316755827635,0.717218441632251,-1.28185259015416
"103",103,"EUGRHO","Eugenia rhombea",1807,4563,6465,6993,5186,5.24640767912475,NA,4.10832557346845,NA,7.3776925091827,6.85886467098648,1429.99142447009,1246.40273467738,1181.00388741185,1248.83546673754,1.41052136390482,0.421962608409667,-0.100265139428905,-1.02969204714471,-0.982948404531971,0.0130878211785697,1.51979317947073,-1.47404787151382
"104",104,"EUGSTA","Eugenia stahlii",1979,3504,5772,5189,3210,0.101281473467492,NA,0.13775168299905,NA,0.0272548719243315,0.0296615737937593,1265.15039398112,1077.32283924111,1035.22617727023,1315.14629899889,0.226099346047231,1.32924895481485,-0.0907228545219868,-0.751522978280696,1.03228805717145,-0.399957521433845,0.928285966248056,0.488009468128838
"105",105,"EUPPET","Euphorbia petiolaris",836,1580,1176,1572,736,NA,34.5993609230769,NA,63.5403195354492,NA,NA,1619.72501167424,1310.58982951056,1239.75967988885,1284.71158861735,-0.11929957029719,0.452270091515562,-0.068743858717726,-0.00342635965203522,0.0390498142802204,0.33506096507479,0.200160749789758,-0.0467192231010167
"106",106,"EXOCAR","Exostema caribaeum",918,1875,1351,1826,908,10.6565964362046,14.4164003846154,6.987343892704,17.5610360296756,8.77217814398146,11.5858340204618,1529.02631070473,1258.69980940903,1207.56120024453,1261.81815034479,1.37880932023055,-0.223857257659987,-0.100765332137807,-0.744373368673988,-0.390231798148612,-0.0722440451692898,0.940961306974483,-1.25904001282832
"107",107,"EXOPAN","Exothea paniculata",2493,4613,4062,4372,1879,NA,NA,2.02907954945006,NA,2.03589418231545,2.21563315611236,1355.11302417968,1271.21024243773,1235.21305836891,1271.45293299839,0.274050798179369,-1.21889998867088,-0.0888203307935936,0.230401740225818,-0.0346018343185961,0.105599606335057,-0.576946882501711,-0.547281339974462
"108",108,"FAROCC","Faramea occidentalis",3379,7334,8116,8089,4710,2.05723555965231,NA,1.40801444007499,NA,3.79749633743566,4.80053850491011,1339.50336292522,1169.18916727387,1152.46477759224,1208.54272926751,0.278754006172142,-0.72029337567854,-0.0897530968443631,0.693359929923957,-0.627318440701956,-0.135361411929778,-0.577698462061235,-0.430697023663151
"109",109,"FICAME","Ficus americana",3172,6873,9469,8864,5692,0.0275460446677071,NA,0.0271622021158041,NA,0.0272548719243315,0.0296615737937593,1354.20008467928,1150.07737286971,1115.23095412274,1274.36885603335,-1.13612500653824,-0.38083477998547,-0.0897844373343002,-0.233645919225414,0.32102812951142,-0.0048359324801132,-0.568102101760233,0.510784254724598
"110",110,"FICCIT","Ficus citrifolia",4622,10099,12419,12911,8289,1.98016599763923,3.11474338461538,1.35437224563416,3.35191229162656,1.41245500825733,2.67353340311813,1328.54664438966,1160.23658850524,1122.89833425109,1199.27354913704,-1.1156505607821,0.075543055566116,-0.0925286990262653,-0.228116543318515,1.62500466355481,-0.175331734334903,-0.568104135764512,1.2109357858541
"111",111,"FICTRI","Ficus trigonata",3957,9055,14746,14337,10380,0.0275460446677071,NA,0.0543244042316082,NA,0.054509743848663,0.0593231475875186,1350.30802730653,1214.58738464796,1164.34931454491,1223.82790940684,-1.11790012497566,0.0111316816779472,-0.0915791016873532,-0.215612297194915,1.44405889086442,-0.152615774403065,-0.576223821203692,1.11761017708004
"112",112,"GENAME","Genipa americana",2475,6421,8315,8039,5564,2.40010815292769,NA,NA,NA,NA,NA,1468.63122958659,1268.86957413525,1229.09091852634,1291.29520215848,-0.346466064521318,-0.903664831507673,-0.0757053952523393,0.200522458518249,0.676658093341435,-0.161260685632498,-0.809837668619148,0.283664218425548
"113",113,"GESPED","Gesneria pedunculosa",3025,5764,9096,9145,6120,2.48427641825297,NA,NA,NA,NA,NA,1383.22033854701,1209.90156204128,1179.62983207128,1265.44141486411,0.313049684108216,0.47152214597964,-0.0949007004408627,0.078423659470559,-1.10149172580864,0.0493969379273416,0.44650296267781,-0.605823953224702
"114",114,"GOMLIN","Gomidesia lindeniana",1536,3613,6148,5708,4172,0.68574518655077,NA,NA,NA,NA,NA,1282.05006878644,1126.60883775869,1054.42625965829,1208.72285602492,0.426710730445514,-0.627271473140188,-0.0949614707823496,1.79656657812128,-0.755143094730266,-0.123532422385348,-1.11821112101878,-0.249204036193562
"115",115,"GUACAR","Guatteria caribaea",533,705,815,769,236,NA,2.88328007692308,NA,NA,NA,NA,1491.54364434337,1352.09439257278,1428.14279573005,1447.03006619133,-0.0561318005444746,0.532324874739111,-0.0968140347521738,-0.446683595431457,-0.714210563663495,-0.016222943174954,0.569948006530815,-0.344085785219909
"116",116,"GUAFRA","Guapira fragrans",3668,8665,9387,9578,5910,4.42317144296963,NA,11.9728424978417,NA,14.3916142037612,17.1695492548397,1375.32574417109,1163.4530621164,1133.06569282735,1163.84530864627,-0.340391939832034,0.649910910993614,-0.0963539702727709,-0.253489385390737,0.973016396533115,-0.168469761817791,0.124891530485331,0.642927001485853
"117",117,"GUAGLA","Guarea glabra",1917,3216,5202,4666,2749,1.96689409791464,NA,1.69089962454171,NA,2.37520987936802,2.21563315611236,1222.88116342828,1086.2537355091,1078.10889623813,1270.33569251459,-0.664698162780613,-0.461644049654529,-0.0173536500221674,0.119501960620319,-0.27168847687194,-0.0959784957323444,-0.519501469679172,0.174391613463654
"118",118,"GUAGUI","Guarea guidonia",4172,9466,15307,14937,10765,66.6500714491701,NA,71.3776914540335,NA,78.8643738905235,76.298825691329,1290.04765229492,1111.11676272538,1059.97029628849,1150.68103363081,-0.477002517918494,-0.647331166216186,0.0438112319053336,0.990244734606595,0.676658093341435,-0.108661129762027,-1.16064460301257,0.688018195469366
"119",119,"GUAOBT","Guapira obtusata",2855,4457,3816,4277,1422,NA,NA,0.788232547085257,NA,0.745710243767556,1.1893674331218,1260.95096180984,1412.14164401362,1440.98959879484,1492.40377842896,-0.164282329060972,-0.0722530082783617,-0.0831435216262302,-0.250370746896476,-1.16076338644698,-0.0889983995178846,0.188518809701173,-0.514196665909066
"120",120,"GUAOFF","Guaiacum officinale",777,1493,1069,1352,575,0.7465299282146,NA,0.208858843653593,NA,0.206726822280615,0.118640186110336,1729.962617417,1559.9382359006,1329.82131729015,1386.2034845084,1.87089580888363,0.0205639137086719,-0.0937280384194488,-1.02030737125963,-0.864405083255299,0.392369531784405,1.56640079761298,-1.94759427962867
"121",121,"GUAULM","Guazuma ulmifolia",1381,4310,7594,7648,6267,1.84752043501635,NA,2.07754854810787,NA,3.37540282808737,4.28958637509582,1449.51640137098,1210.58847012361,1155.43730891124,1311.92890589973,-0.914555641800934,-3.15513609940851,-0.0923465953932908,2.27505167745986,0.32102812951142,-0.169137268871985,-3.28087561021525,0.471129042820277
"122",122,"GUEELL","Guettarda elliptica",853,1723,1207,1546,693,0.346937918916894,20.1829605384615,NA,20.2173743976429,NA,NA,1769.31726375451,1559.5442743494,1455.61966197095,1438.10760208636,1.23894218806341,-0.319752370644583,-0.100787398325572,-0.168403386481798,-0.864405083255299,-0.163890930428843,0.546606503448841,-1.19517235282068
"123",123,"GUEOVA","Guettarda ovalifolia",2910,5932,9118,8675,5765,NA,NA,0.338179924908343,NA,0.0272548719243315,0.430760356657385,1337.20590097437,1161.86770293465,1132.04353292202,1248.54184744719,0.142328368582694,-0.786372758769554,-0.0912849092587593,0.745854786674265,-0.508775119425284,-0.306981774016754,-0.740565323483084,-0.231369307395159
"124",124,"GUEPUN","Guettarda pungens",1863,3231,3793,3962,2099,NA,NA,4.39633902380845,NA,5.83544569955618,5.59345012699131,1492.35928854766,1352.60180699033,1410.48885146026,1433.375567354,0.715565241246658,1.23924088195726,-0.0956301030488688,-0.469186780975785,-0.0344129309728056,-0.398237551210571,1.07141697305968,-0.162378310021366
"125",125,"GUESCA","Guettarda scabra",3306,5571,5376,5875,2569,23.4166619179495,NA,27.5549000392642,NA,28.45336089204,34.4341458176583,1502.68947914069,1364.62463874123,1340.37363204752,1433.86916206997,0.79425763784144,1.47284245286385,-0.0961549053792915,-0.53589629268279,-0.0346018343185961,-0.409520650698665,1.24924720513797,-0.163081491008822
"126",126,"GUEVAL","Guettarda valenzuelana",1642,4576,6318,5986,4344,NA,NA,NA,NA,0.0272548719243315,0.0296615737937593,1529.63160563012,1149.64555867773,1102.90269535491,1289.77262316858,-0.474394605015494,1.69887584605839,-0.0823183341647964,-0.694070495480532,0.913744735894779,-0.613687352629834,0.759646596029199,1.04062521003712
"127",127,"GYMLAT","Gyminda latifolia",3276,5301,4322,5041,1765,NA,14.4164003846154,1.97058136771314,11.5527853700817,1.49142048753511,3.40747854467271,1510.84580877581,1467.94810641319,1420.70513542166,1421.64455348111,0.980496384306928,0.983674661032287,-0.100740840127446,-0.821144221767591,-0.27168847687194,-0.170310012015498,1.34291708551096,-0.671268783427335
"128",128,"GYMLUC","Gymnanthes lucida",2484,4096,3318,3877,1393,13.8203654916831,NA,11.2475126479242,NA,11.2273499821122,17.0952553369489,1398.68310273044,1315.47545841526,1263.05108273185,1345.01484371229,1.32123668903297,-0.157503130587385,-0.0988777676442195,-0.640059984097259,-0.0346018343185961,0.469945925968888,0.919460070516326,-1.28522901300873
"129",129,"HELJAM","Helicteres jamaicensis",2371,4066,3892,4465,2094,NA,NA,NA,NA,0.67863139410515,1.12199122183278,1543.90085418858,1363.85581449758,1300.63423359294,1364.95320493024,0.669732414070931,0.236302128141805,-0.07956590675825,-0.323299681877871,-1.04222006517031,0.00320771246442053,0.718940591007286,-0.917678665807805
"130",130,"HENFAS","Henriettea fascicularis",3132,7748,13722,13096,9964,0.0275460446677071,NA,NA,NA,NA,NA,1356.96758047843,1139.84993787525,1089.98940578083,1220.38370145789,-1.20408825518305,-0.647650801741721,-0.0955572776145048,1.74083906026234,-1.33857836836199,-0.204604576450755,-1.70051241877375,0.445170200949937
"131",131,"HENMAC","Henriettea macfadyenii",2076,4061,6688,6117,4041,1.87963923438317,NA,1.40704410386498,NA,NA,NA,1311.55657552002,1111.1158341905,1063.52064721739,1273.69548012849,-0.635823048529589,-0.565983843412477,-0.0943738304335877,0.616863471864823,-1.10149172580864,-0.0800721828769746,-0.766228958758462,-0.120959053685263
"132",132,"HIBELA","Hibiscus elatus",3424,7743,12262,12041,8617,0.867102841655041,NA,0.788232547085257,NA,NA,NA,1349.77518556516,1228.26651122396,1189.85543685996,1241.16562811547,-0.594834289917125,-0.911311142879823,-0.0556721047372503,0.567736376842387,-0.127172833333494,-0.0497704357602053,-0.995843089519547,0.16073664478636
"133",133,"HIPMAN","Hippomane mancinella",1489,2797,3774,4065,2576,NA,NA,NA,NA,0.339315697052575,0.770806056670659,1500.90922690137,1287.88679174578,1225.41319322628,1314.29570643699,-0.680665330220571,0.116284153797879,-0.0867585913698455,1.13585013195033,0.873314401467923,0.017964573470426,-1.04765443601702,0.964584325061465
"134",134,"HIRRUG","Hirtella rugosa",2179,4719,7391,6670,4491,0.68574518655077,NA,0.676359849816685,NA,0.67863139410515,NA,1295.43619548771,1050.46100742052,994.80782533749,1209.37091089075,0.941838889359388,-0.40533486818904,-0.0977981130272732,-0.249445012563421,-0.627318440701956,-0.162476616482417,0.400313552685758,-0.975571748445637
"135",135,"HIRTRI","Hirtella triandra",3957,9055,14746,14337,10380,0.828092139417656,NA,NA,NA,NA,NA,1350.30802730653,1214.58738464796,1164.34931454491,1223.82790940684,0.922218622292459,-0.385255819307839,-0.0966575792292652,-0.245704091288791,-0.609809275462416,-0.14614536777069,0.399666586984648,-0.95836933041768
"136",136,"HOMRAC","Homalium racemosum",1735,4841,6538,5981,4246,5.4012625531867,NA,3.28807914321732,NA,4.5078663154202,4.47725615265195,1515.85937078311,1189.99134038384,1145.04939332471,1272.97520144935,0.571368072791034,-0.653691919215447,-0.0940419509631312,1.04507519623633,1.86209130610815,-0.180488943862432,-1.00193042862386,0.534612590547536
"137",137,"HURCRE","Hura crepitans",2004,4287,8285,8371,6367,0.0550920893354143,NA,NA,NA,NA,0.0296615737937593,1348.11474803489,1225.19474629872,1174.69205341109,1286.44637848037,-0.294700135782835,0.0636877284237319,-0.0879397732217906,0.738246849419915,0.678572362179354,0.112302883067898,-0.630714888652629,0.505336280866153
"138",138,"HYMCOU","Hymenaea courbaril",1629,4476,6964,7230,5601,2.65278045465941,NA,3.01598494341881,NA,2.739613178048,0.945519254019581,1443.0786676874,1226.70575430246,1224.41593134167,1220.62184542069,0.334467347366047,-0.832233237216315,-0.0594861361931769,0.365573098055185,-0.38314890669816,-0.0880522286035706,-0.423455657943055,-0.482792231713497
"139",139,"HYPTRI","Hypelate trifoliata",442,693,498,580,138,NA,0.462926615384615,NA,0.463715949106138,NA,NA,1545.38083484985,1400.86399565541,1409.04010736849,1810.04634021941,1.91141264966226,0.57959102489624,-0.100191471812833,-1.14857907311749,-0.982948404531971,0.27733897692495,1.91265747697069,-1.8686754409724
"140",140,"ILENIT","Ilex nitida",1445,1779,3410,3329,1884,0.68574518655077,NA,0.676359849816685,NA,1.3572627882103,1.47708877074157,1206.1306873297,1193.11961977983,1184.15377173594,1373.51509628826,-0.185927581082855,0.0643380432321998,-0.0910468691650706,-0.235916670735848,0.32102812951142,-0.0480072451311757,0.0244532317371415,0.105854078425786
"141",141,"ILESID","Ilex sideroxyloides",3489,8242,14256,13689,10200,NA,NA,NA,NA,0.339315697052575,NA,1346.01905623469,1142.79647454476,1097.63055365309,1210.62917563757,0.473502849320311,-0.144729410117502,-0.0978821217454639,0.457490893060919,-1.33857836836199,0.119456288591285,0.0465999783116493,-0.870781572443797
"142",142,"INGLAU","Inga laurina",2435,6004,10928,10372,7937,6.92131014670499,NA,6.12766672653461,NA,7.13474393132493,6.01321598805409,1327.23023074089,1104.65765410928,1074.35515599553,1233.93069445032,-0.0504361820079905,-0.325905360552247,-0.0546129540889954,-0.0345662198481864,1.62500466355481,-0.0562137654999114,-0.391080078332345,0.540600238759805
"143",143,"INGVER","Inga vera",2822,7233,12897,12489,9667,12.9047453054485,11.5331203076923,13.1532681288826,NA,9.51133930086568,9.00215453958993,1303.31090749131,1129.86636593985,1075.1394035658,1171.36564009715,-0.469904535154191,-0.799318010642804,0.0185914460301306,1.25939802792662,-0.627318440701956,0.0259114463528498,-1.19236796913224,0.119938750162464
"144",144,"IXOFER","Ixora ferrea",3191,6529,7099,6922,3731,1.08370986916157,NA,0.0543244042316082,NA,0.421080312825569,0.886852254339582,1379.08861360377,1148.88567549821,1152.47190967802,1195.54980709332,0.0477037252186782,-0.229620389085748,-0.0864030159495659,-0.0941886057869857,-0.627318440701956,-0.0797248938127476,0.0343275632125397,-0.420631167586803
"145",145,"KRUFER","Krugiodendron ferreum",2247,4138,3213,3973,1726,1.37555569874305,9.11276684615385,5.13832725173371,3.35191229162656,5.62682069837974,7.99665959666309,1532.07339079091,1308.51320101045,1252.34744213824,1309.94218576604,1.51120383186992,-0.833456508459945,-0.0990454938134369,-0.339964262403153,0.32102812951142,-0.163384693078943,0.358442031915613,-1.04280552261526
"146",146,"LAEPRO","Laetia procera",3126,7735,13699,13076,9950,0.447284766704951,NA,NA,NA,NA,0.0296615737937593,1337.41906109936,1137.18728695331,1079.4943413521,1201.41570106541,-0.121354424667937,-3.20831375651503,-0.0726423988746619,2.0232909092846,1.86209130610815,-0.174877829538051,-3.03760721343475,0.57933544868418
"147",147,"LAGRAC","Laguncularia racemosa",1025,1673,1503,1752,727,2.88361689968352,NA,2.75976380349835,NA,2.27546392388361,0.886852254339582,1765.90859000452,1638.88921554231,1582.06078076078,1558.90779730455,0.581974422487671,-0.248877771351529,-0.0820617974694688,0.224559361644617,1.25960504266968,-0.109855383855205,-0.216869505011345,0.136617606945585
"148",148,"LEULEU","Leucaena leucocephala",1805,3658,4198,4855,3050,69.8821328801595,NA,81.0881032943007,NA,74.3569824473324,55.7866617685086,1495.46775787194,1356.75251741575,1325.7702188494,1369.07415638247,-0.0063987358407392,-1.06090798652229,-0.0885731324473686,-0.443758983044978,-0.627318440701956,-0.169635229134413,-0.174225217956732,-0.648615420602605
"149",149,"LICBRI","Licaria brittoniana",333,420,434,445,112,NA,NA,NA,NA,NA,0.369272192685393,1879.33891053381,4053.24573341001,2045.09494777825,1684.53059410968,NA,NA,NA,NA,NA,NA,NA,NA
"150",150,"LICPAR","Licaria parvifolia",3207,5765,5429,6004,2797,1.85209318971546,NA,2.5046824293401,NA,4.32125010455991,3.9201026954498,1504.79578443726,1273.18598362965,1241.79271393175,1299.21858253111,0.516542948249324,-0.00796358513719622,-0.0984538549580769,-0.821756510230604,0.558114772064763,0.048330235434285,0.612610982592735,-0.418342360744183
"151",151,"LONGLA","Lonchocarpus glaucifolius",1392,2142,1770,2040,648,1.74190901104463,NA,0.0271622021158041,NA,0.705886266029481,0.768205959164545,1113.5775248519,1201.88100088357,1175.31451846265,1244.44837065049,0.649785435570215,-0.182088899960085,-0.0826899162243977,-0.643872095322427,0.439571450788092,-0.123838361826833,0.478210870461618,-0.445568887799438
"152",152,"LONHEP","Lonchocarpus heptaphyllus",5454,10893,15054,15077,9623,NA,NA,NA,NA,0.299803591167646,0.266954164143834,1255.2466967377,1126.84970330059,1088.62648720801,1169.54352801057,-0.0194336560394742,-0.176523157283237,-0.0577208971249753,-0.00475348826961588,-0.508775119425284,-0.163263206795079,-0.0404628362790727,-0.24161586114924
"153",153,"MAGPOR","Magnolia portoricensis",1143,1462,2002,1837,694,0.0550920893354143,NA,0.113125383662065,NA,0.111696595150224,0.120811311559511,1034.64621677798,1258.24932414805,1228.96303237015,1658.17008108947,-0.356930271328431,0.060054922155768,-0.0838055876562373,-0.562433797228277,0.0839414869580758,-0.157318388970429,0.167555593065585,0.0705062549021203
"154",154,"MAGSPL","Magnolia splendens",3132,7748,13722,13096,9964,NA,NA,0.0271622021158041,NA,0.0272548719243315,NA,1356.96758047843,1139.84993787525,1089.98940578083,1220.38370145789,-1.23275868215896,-0.0696854627246825,-0.0769815493198069,-0.482826535224117,1.26937469972479,-0.270595087876825,-0.487591273053571,1.08218419621724
"155",155,"MAMAME","Mammea americana",2825,5794,6231,6122,3297,0.45874942427463,NA,0.730684254048294,NA,0.421080312825569,0.458256914066671,1420.56788615396,1255.9419878192,1145.90687791259,1266.09940825152,0.566242968586619,1.26536973160498,-0.0789283840288137,-0.875124074554327,0.32102812951142,9.61024157929968,2.78464677988188,-4.58878103825618
"156",156,"MANBID","Manilkara bidentata",1508,2837,3368,3188,1680,0.0275460446677071,NA,0.788232547085257,NA,0.745710243767556,1.16218381476659,1528.1967088022,1353.96514067039,1352.57681543206,1361.87987883419,0.848374453549066,0.153051519058706,-0.0674783185189292,-0.656384882488805,-0.27168847687194,0.0248402810767331,0.853343622768108,-0.821829142728197
"157",157,"MANIND","Mangifera indica",1259,4394,8309,8125,6866,2.22119328055719,NA,3.35726255524111,NA,4.20460791165967,3.23493735268272,1497.16505738518,1129.17160362414,1098.7296542581,1244.20488318588,-0.632779531372513,-0.722157917251013,-0.0367671411154846,-0.238987472123009,0.439571450788092,2.02282239568961,-0.189665727703247,-0.69705891873304
"158",158,"MARNOB","Margaritaria nobilis",3122,6433,6991,6818,3696,0.132954787984493,NA,0.12655510925861,NA,0.205457076613793,0.220180111471621,1365.64617847962,1140.33032171287,1127.52671510648,1188.28566033773,-0.87367839420855,-0.505658030923829,-0.0845722390637635,0.150913037566521,-0.153145155595268,-0.17394331966218,-0.703599385929622,0.328916180886001
"159",159,"MATDOM","Matayba domingensis",1946,3412,5617,5028,3082,0.453056771946213,NA,0.473990935487363,NA,0.163529231545989,0.148307868968796,1267.92945905406,1113.74549361648,1040.17058731466,1382.18287494704,0.265523518651045,0.0806394711441244,-0.0944136150885455,-0.930171527458353,1.62500466355481,-0.0769414278493092,0.443685043348257,0.201686655586836
"160",160,"MAYELO","Maytenus elongata",4290,9475,15180,14782,10492,NA,NA,NA,NA,NA,0.369272192685393,1343.68651338106,1220.54130525102,1165.22223537542,1221.96951423803,NA,NA,NA,NA,NA,NA,NA,NA
"161",161,"MAYLAE","Maytenus laevigata",1957,4019,3651,3854,1897,NA,NA,NA,NA,0.00490838780027452,0.77468755011051,1560.3452741509,1369.39992058153,1368.90599182404,1225.73155461796,1.09685657671182,0.60227104652886,-0.0826318050507453,-0.627206058446762,-0.60409207856645,-0.123046386931227,1.16274614468581,-0.919326405092953
"162",162,"MAYPON","Maytenus ponceana",2873,4518,3893,4405,1532,NA,NA,0.0271622021158041,NA,0.0272548719243315,0.398933766479152,1258.08214617361,1269.82110718299,1237.82261061172,1314.29808821544,NA,NA,NA,NA,NA,NA,NA,NA
"163",163,"MELBIJ","Melicoccus bijugatus",2449,4421,5171,5757,3308,1.61495342250924,NA,1.85697209923703,NA,2.44040745712747,2.51779796695155,1458.52996854216,1295.58527002809,1266.37028437679,1280.89142305285,-0.168238236692791,0.0458360491471281,-0.0622662535192344,-0.427712788165855,0.752348690558684,-0.0800364698115741,0.0842715569420485,0.245207464259665
"164",164,"MELHER","Meliosma herbertii",2739,6012,10075,9397,6658,0.19282231267395,NA,0.190135414810629,NA,0.19078410347032,0.576903209241708,1341.14541827385,1144.46892449902,1082.54540182417,1261.03106172619,-1.14012606250844,-0.0622777056803389,-0.0536227703214374,0.175179099091834,0.676658093341435,-0.18333685684855,-0.732295765531982,0.949589901060777
"165",165,"MICGAR","Micropholis garciniifolia",1005,2524,3376,2872,1867,2.71834063167728,NA,1.44913500857789,NA,0.136274359621657,0.0296615737937593,1764.80763495717,1095.51988968897,1045.28397476867,1266.91124033297,-3.48208837797066,2.47448820582176,-0.092708195246298,-1.00504755588992,0.32102812951142,-0.0378987189579048,0.223547693621787,2.31971919895501
"166",166,"MICGUY","Micropholis guyanensis",2003,3550,5877,5293,3290,3.66722620764222,NA,3.006918825619,NA,2.17490894594024,2.24828968937931,1250.87902753442,1092.98989563457,1048.46426572423,1327.74342476888,0.426135625185333,0.7923502334122,-0.0946131027146699,-0.960181584926738,1.26937469972479,-0.0228384127902215,0.913823761838845,0.10931921750335
"167",167,"MICIMP","Miconia impetiolaris",1882,5371,7107,6858,4976,1.71436296637692,NA,2.47913217162697,NA,4.17240663912451,1.10781657805618,1462.02872192984,1209.46058457496,1215.83350180138,1260.17680289165,0.393765966569755,-0.39565789308837,-0.0536588055593626,0.658730898317997,-1.16076338644698,0.00347564354102788,-0.246704141844319,-0.679532102462356
"168",168,"MICLAE","Miconia laevigata",5561,11598,16778,16601,11040,1.85209318971546,NA,2.61171929340064,NA,0.372855121883778,0.792911622081201,1284.45294725028,1140.63221359911,1100.67977093857,1182.51903392542,-1.1536303004241,0.147011644626849,-0.0961110610562439,0.568977629975152,-1.33857836836199,-0.183004308334529,-0.60853937840373,0.279639341309227
"169",169,"MICPAC","Miconia pachyphylla",630,821,879,834,204,0.342872593275385,NA,NA,NA,NA,NA,3120.27484601744,4367.81318334912,2963.63126710303,3209.00055007449,-0.00561337408889264,0.136400890192551,-0.0918731328620795,-0.337122095905671,0.0982664530237926,-0.123405109590148,0.212837499732478,-0.0607067569159005
"170",170,"MICPRA","Miconia prasina",2787,6982,10494,10163,7376,6.92862534194114,NA,22.728766184765,NA,20.7107346837688,19.3296208236644,1401.81886326607,1208.28315329982,1180.48751312036,1268.20974986443,-0.150547191034331,-0.847902658853043,-0.0887544965763371,0.153101466123024,-0.627318440701956,-0.174648634315923,-0.495690558991666,-0.350812421232245
"171",171,"MICRAC","Miconia racemosa",2395,5840,9084,8398,6003,NA,NA,1.04170197684083,NA,1.3572627882103,0.768205959164545,1338.10890320619,1113.92091358298,1057.64375957026,1323.26889480499,-1.4133515649967,-0.844241376176357,-0.0790165555466817,1.05086430192086,-0.508775119425284,-0.175144832359729,-1.57010582822243,0.655908392158638
"172",172,"MICSER","Miconia serrulata",2146,4378,9692,9146,7000,0.68574518655077,NA,0.788232547085257,NA,1.11856536565133,1.1893674331218,1335.38567224765,1255.06607560548,1199.24106736679,1342.62666791651,-0.42771666402666,-0.0498608977903053,-0.0862162135531221,0.117468509896797,-0.5221307989741,-0.148022301393435,-0.233360298643818,0.0203066193111528
"173",173,"MICSIN","Miconia sintenisii",1585,2463,3834,3451,1866,NA,NA,NA,NA,NA,0.369272192685393,1210.23054425186,1063.69856959955,1049.76106309306,1273.08021618813,-1.41502653821932,1.45526102036927,-0.0852403490114806,-0.609867196204632,-1.05003053070135,-0.175405427113686,0.555065982840367,0.541064837540094
"174",174,"MICTET","Miconia tetrandra",2663,6434,10495,9770,7107,0.756918662984213,NA,2.33717618113078,NA,2.56898296214439,5.35998715200844,1430.46448795992,1140.7877774597,1094.09954545489,1257.31347990934,-0.156816230817542,-0.412108242600845,-0.077171578946374,-0.155846303378473,0.795201414618107,-0.161069218701967,-0.30938605843772,0.246254997505466
"175",175,"MOUHEL","Mouriri helleri",333,420,434,445,112,0.342872593275385,NA,NA,NA,NA,NA,1879.33891053381,4053.24573341001,2045.09494777825,1684.53059410968,1.95837485680766,0.926955280642362,-0.100789353236825,-0.773363627788351,-0.390231798148612,0.10314033870866,1.75380337589444,-1.3910784599267
"176",176,"MYRCOR","Myrsine coriacea",2050,4430,7603,6977,4927,2.86455022953074,NA,5.27501132763882,NA,3.73247266757832,2.29966196661653,1285.37552001713,1159.75852467982,1064.61090410303,1206.8996144668,-0.20078848787734,0.117557410590107,-0.0982289432479718,-0.440723200223263,0.32102812951142,-0.174164932004172,0.142836418705106,0.123945993899545
"177",177,"MYRDEF","Myrcia deflexa",2197,5256,7956,7278,5081,1.02861777982615,NA,1.35271969963337,NA,2.06943360714665,4.11636135624973,1400.28387481697,1187.07529513897,1125.84572825691,1187.19880959142,0.666540976003135,-0.0424762657432487,-0.0870825048545061,-0.402952345338159,0.439571450788092,-0.0784220433186723,0.409678655929914,-0.378621179529026
"178",178,"MYRFAL","Myrcia fallax",1690,3050,4527,4101,2411,0.68574518655077,NA,0.676359849816685,NA,NA,NA,1231.88080753262,1179.96528889484,1089.63284093981,1295.55640210425,1.07654770989857,-0.523472276228517,-0.0936394003524942,-0.0470083868385178,0.558114772064763,-0.0393811842939245,0.131975990908338,-0.602064970627882
"179",179,"MYRFLO","Myrciaria floribunda",24,74,100,148,124,NA,NA,0.276473702208114,NA,0.325118349286653,0.348742437200881,4616.84236177389,2719.88699505159,1901.96955547704,2795.98225532594,0.701210521106433,-0.199049633096469,-0.0917904552784837,-0.0272292353249773,0.180016603764745,-0.0709317382443278,0.162953152167215,-0.443950852088825
"180",180,"MYRSPL","Myrcia splendens",2364,5545,10113,9434,7070,24.9477359067289,NA,16.2556248202109,NA,14.7402907577053,11.2053935370006,1324.15355649878,1099.27811927703,1060.45403892405,1229.83892284163,0.313513823356282,-1.02522064384962,-0.0963214903914807,3.05271511345689,-1.22003504708532,-0.152316091106301,-2.04045568465666,-0.113520504568502
"181",181,"NECCOR","Nectandra coriacea",4049,8737,9846,10156,6107,1.1444946108254,NA,5.26605817724113,NA,5.55269838765724,5.02572398732214,1318.46974590145,1178.99390719259,1143.32148024544,1250.80759359295,0.165140063687007,-0.434838709283395,-0.0951543289306656,-0.634016024931266,2.33626459121484,-0.122470297075767,-0.121265400097736,0.519050142328337
"182",182,"NECKRU","Nectandra krugii",2967,6721,10838,10786,7819,0.342872593275385,NA,NA,NA,NA,NA,1366.90273095639,1241.02556457279,1219.88800868738,1250.55153072457,-0.250491532780724,-0.327516288219498,-0.0742445499371717,-0.421646736422637,1.22809952973795,-0.0828265748775522,-0.198333231269213,0.386485158800033
"183",183,"NECTUR","Nectandra turbacensis",3096,5449,6478,6311,3215,2.23859321475658,NA,1.07047612335931,NA,0.745710243767556,NA,1400.64191568771,1192.96118871925,1159.38342901391,1324.28618181248,-0.55692099006135,-0.653244429479698,-0.0668105666132111,-0.0795329161200433,-0.745861761978628,-0.120676256737515,-0.400558979444559,-0.19778786264684
"184",184,"NEEBUX","Neea buxifolia",2571,4184,3555,4033,1462,0.342872593275385,NA,0.338179924908343,NA,0.339315697052575,NA,1474.12530221721,1316.09868057613,1350.58298017347,1436.82108151994,0.226531481120756,0.146923954200783,-0.101892050914605,0.36084356458457,-0.982948404531971,-0.172317646282114,0.0376067107461337,-0.415129013104433
"185",185,"NEORES","Neolaugeria resinosa",2932,4808,4831,5084,2152,6.49831721706999,NA,7.27067072765379,NA,5.6351447661284,6.88160522917508,1489.49016535686,1398.12290656946,1440.35045167766,1487.68554580484,0.204296400933434,-0.748876167865792,-0.097960798930103,-0.382566729134085,0.795201414618107,-0.317924556591754,-0.211221937213079,-0.0415816433187262
"186",186,"OCHPYR","Ochroma pyramidale",3126,7735,13699,13076,9950,0.0275460446677071,NA,NA,NA,0.0817646157729944,0.0296615737937593,1337.41906109936,1137.18728695331,1079.4943413521,1201.41570106541,-2.93871664628344,-1.74158826501334,-0.0630548518442179,1.03891398916089,1.50646134227814,-0.174050120790851,-2.88861403104208,2.10584714732441
"187",187,"OCOFLO","Ocotea floribunda",5981,12192,17515,17353,11372,0.851021454557013,NA,1.23506128045682,NA,0.138951467074555,0.460108991397066,1264.96171480856,1143.50014254503,1089.69693342194,1167.14857321185,-1.48438585371398,-0.504044616494592,-0.0760868426493016,0.161883285097659,0.676658093341435,0.0439737032781442,-1.04395096857108,0.913027570232944
"188",188,"OCOLEU","Ocotea leucoxylon",3431,7126,12907,11994,8563,21.9434052805832,NA,17.12147847848,NA,19.5200367162208,15.8332661003876,1304.54475416139,1135.60985503209,1078.75671200751,1212.92679490791,-1.06186267062097,-0.343985054824296,-0.0638558259278371,-0.272497865070598,1.86209130610815,-0.16206169409753,-0.73081268071789,1.17422113454046
"189",189,"OCOSPA","Ocotea spathulata",1055,1427,1532,1453,398,NA,NA,0.394116273542628,NA,NA,NA,1591.52697626514,1701.2264189366,1593.3114521756,1805.22444086156,-0.41956416706111,1.24914821156758,-0.0920290201537704,-0.907646279978955,-0.508775119425284,-0.0521918899799604,0.991498586847196,0.0094067868616664
"190",190,"OCOWRI","Ocotea wrightii",1388,1966,4087,3901,2513,0.0275460446677071,NA,0.0271622021158041,NA,0.0272548719243315,0.0296615737937593,1498.37417920317,1394.30744808581,1338.91758905463,1491.75377743689,-0.433937387981635,-0.280153151239384,-0.0650143131358078,-0.327911156695685,0.738966136321244,-0.0653265920714189,-0.232347812825102,0.327963981662799
"191",191,"ORMKRU","Ormosia krugii",2551,5953,9379,8656,6105,1.36285229276092,NA,0.836052713390513,NA,1.48663412877716,0.538238361056614,1385.57474379482,1106.34886389472,1065.74422925887,1312.27955986364,-0.967041925781994,-0.732450192248618,0.22146988863462,0.293975922485252,1.62500466355481,-0.0792908193774994,-1.03895481555387,1.23261655084557
"192",192,"OXALAN","Oxandra lanceolata",2879,4531,3916,4425,1546,1.37149037310154,NA,NA,NA,NA,NA,1273.60987075228,1390.60962772685,1383.62371646345,1449.28153465494,-0.387668136899027,0.41593943209323,0.315759748545393,-0.131959362335742,-0.238432006602073,-0.0742582380273402,0.291958856862348,0.382272249858258
"193",193,"PALCRO","Palicourea crocea",1637,3538,7691,7251,5614,0.342872593275385,NA,0.338179924908343,NA,NA,1.87354458178217,1404.506264239,1250.97646008612,1213.79577518742,1287.75608111531,NA,NA,NA,NA,NA,NA,NA,NA
"194",194,"PALRIP","Palicourea croceoides",3035,7421,12699,12165,9130,1.02861777982615,NA,NA,NA,NA,NA,1360.35125572557,1109.9437703714,1094.11944782017,1207.63479362808,-1.19938905052343,-1.2604326723096,-0.0846239958320203,1.39263751885054,-1.10149172580864,-0.148711553013654,-1.79078450869962,0.274982859125763
"195",195,"PARCRE","Parathesis crenulata",860,1719,2895,2721,1861,0.0332386969961233,NA,0.0316387773146524,NA,0.0299319793772293,0.0318265901782327,1762.16644077662,1456.6593853531,1487.01851267007,1568.83542626494,0.524441478446988,1.23728879339642,-0.0908091414761385,-0.855380614872947,-0.183934473359293,-0.128893870530794,1.28862874134752,-0.341118464979947
"196",196,"PERAME","Persea americana",6020,12167,16752,17041,11021,0.906113543892427,NA,1.36597999751216,NA,1.10512921838675,0.654719639847178,1284.03095324249,1173.8737799375,1124.94148238622,1177.51231622434,NA,NA,NA,NA,NA,NA,NA,NA
"197",197,"PETDOM","Petitia domingensis",3136,6055,8752,9288,6152,3.14663808114229,NA,2.57560398765796,NA,0.93998788614152,0.952357512026442,1328.54219983943,1167.59326537518,1160.79551102427,1216.60725991229,-0.471821963051865,2.10888872622737,-0.0861925089730903,-0.730218172627138,1.26937469972479,-0.173747072588247,0.986498901077207,1.06884735291237
"198",198,"PICACU","Pictetia aculeata",1419,3570,4564,5092,3673,11.7096736624923,NA,9.71994549408654,NA,10.7074540518033,12.7529737461055,1459.57943739514,1220.64026199101,1169.91638346814,1234.75179765833,1.69620051611324,0.0065239096570387,-0.0976156644621494,-0.570028451874661,-0.508775119425284,0.188618125277989,1.13268592265941,-1.49719614918598
"199",199,"PICPEN","Picramnia pentandra",3665,8125,9369,9845,6180,0.342872593275385,NA,0.676359849816685,NA,1.3572627882103,1.02916308303819,1354.44889902053,1178.72992169013,1140.33117349319,1206.5177959167,1.64253114597937,-0.668347223164014,-0.0648148729020568,-0.25551032772715,-0.745861761978628,-0.161274035773582,0.605735370162546,-1.45996623987324
"200",200,"PIMRAC","Pimenta racemosa",2730,4568,4947,5242,2512,5.41277734056658,NA,1.88712355895387,NA,2.54770077127378,3.89756204891761,1481.15085383212,1252.87563033666,1278.21994874762,1360.60967806714,1.51641497962371,1.01999594749727,-0.0970597719456327,-1.14281090596369,-0.745861761978628,-0.171672460663813,1.84440027739076,-1.23738498425085
"201",201,"PINCAR","Pinus caribaea",3465,8168,14156,13541,10076,0.547000857693321,NA,0.189832663887914,NA,0.179591876263376,0.190959541069396,1345.97527262965,1142.50003092694,1088.00440088401,1212.73502205239,-0.302685123649443,1.53594137548198,1.86917378179821,0.0219068101394698,0.025981558557382,-0.0630636231601076,1.38641519507802,1.75125055309059
"202",202,"PIPADU","Piper aduncum",4749,9391,14684,14124,9375,2.21983838382816,NA,1.35271969963337,NA,5.57905474424261,1.57990066606444,1266.8328120069,1109.16811100265,1071.06792167895,1185.57756250294,-0.789530355614554,-0.183059526481578,-0.0933018295177312,0.519590174685836,-0.864405083255299,-0.0807508470931477,-0.62967134756562,0.127686018252645
"203",203,"PIPAMA","Piper amalago",5382,11617,16792,16703,11321,5.48596149240616,NA,2.81731209653531,NA,1.01794709115772,NA,1269.17107667173,1148.74254725959,1099.57858643131,1174.11548684207,-1.0301594026938,-1.02969554624137,-0.0892464169404944,1.62916004266213,-1.10149172580864,-0.175230273262666,-1.76295018377598,0.310232061669517
"204",204,"PIPBLA","Piper blattarum",3213,6817,12690,11769,8556,NA,NA,NA,NA,NA,0.369272192685393,1366.83850986372,1174.46902511015,1116.84099896555,1278.6818909276,-1.29727061344096,-0.701815760046466,-0.0913442188953581,1.62023570737187,-1.45712168963866,-0.168481870243483,-1.66717289547424,0.389834609912295
"205",205,"PISALB","Pisonia albida",958,1890,1692,2113,1155,0.812910433662307,NA,2.08340395368166,NA,1.75108822911154,1.90568411101448,1499.66892490548,1312.66067451951,1263.04903847225,1312.65295048729,-0.52220669392378,0.179087311680448,-0.0961531849400091,-0.446503480194604,-1.33857836836199,-0.174050120790851,0.27941858717711,-0.347483551456843
"206",206,"PISCAR","Piscidia carthagenensis",329,638,560,806,477,0.416662798817387,NA,0.218306632667958,NA,0.153140644194639,0.0615239105345619,1673.93969878098,1344.13393447367,1217.25388246218,1337.22950526548,-0.000369689994636126,-0.826337326551711,-0.0230756090330423,0.150792431925258,-0.362753619939672,-0.0859702186643006,-0.41756727108356,-0.322111853311907
"207",207,"PISSUB","Pisonia subcordata",5981,12192,17515,17353,11372,NA,NA,1.23404006028656,15.1365556362613,0.693145234673531,0.865507537230275,1264.96171480856,1143.50014254503,1089.69693342194,1167.14857321185,-0.940793655926534,-0.793416676997851,-0.0686542348597447,-0.0769778388549907,0.32102812951142,-0.173542815429664,-0.787372056967821,0.434467596078829
"208",208,"PITDUL","Pithecellobium dulce",617,1039,683,957,340,2.90817766129648,NA,2.44104566347244,NA,2.47123235141471,0.60470521338642,1638.65255138229,1497.25363646496,1400.56187154202,1349.34744660068,-0.595536276845172,-1.06401922475194,-0.0562660697028861,-0.733113570503628,-1.04026330771866,-0.0657627219074431,-0.157141896228586,-0.591158970749608
"209",209,"PITUNG","Pithecellobium unguis-cati",669,1398,1008,1306,637,0.0506407367337461,NA,3.82512534803466,NA,13.158650823889,13.425176541328,1413.49480450738,1372.13339960763,1284.06396957519,1377.52493510755,NA,NA,NA,NA,NA,NA,NA,NA
"210",210,"PLUALB","Plumeria alba",2061,4865,6718,7308,5247,0.0694484064247685,NA,0.0784572991021371,NA,0.078067512129856,0.424253089374562,1440.86622867877,1233.46157776635,1189.77998295177,1230.25843490975,-1.08622528060162,2.19413560647002,-0.0858759057112183,-1.20210863499483,-0.627318440701956,-0.171940798499599,1.32563079796947,0.54257868252329
"211",211,"PLUOBT","Plumeria obtusa",835,1180,1225,1260,425,0.740837275886184,69.1987218461539,0.555477541834775,63.5403195354492,0.61186441629589,1.03516012330838,1297.60472788339,2061.77904825532,1961.02505449081,2361.15782669135,-0.875910960893059,-0.141986894905402,-0.0906669608206172,1.05741881412474,-1.27930670772365,-0.0656817646033515,-0.906801451617505,0.161414003525148
"212",212,"PODCOR","Podocarpus coriaceus",1188,1814,1581,1854,666,0.0275460446677071,NA,1.71806182665752,NA,0.760396009878144,0.458256914066671,1792.24048587918,1635.98012338343,1584.14535325155,1592.32906074561,-0.302685123649443,1.53594137548198,1.86917378179821,0.0219068101394698,0.025981558557382,-0.0630636231601076,1.38641519507802,1.75125055309059
"213",213,"POIFLO","Poitea florida",3616,6752,7588,8289,4673,0.0550920893354143,NA,2.87825928428523,NA,3.17508601589983,3.51184522320658,1424.9527938185,1281.89138052647,1250.95479438804,1281.40589888006,1.05081048351184,-0.508369482544201,-0.100489067948978,-0.233505309683872,-0.0346018343185961,-0.173142311197147,0.301127462603587,-0.816289844528861
"214",214,"POUMUL","Pouteria multiflora",6279,12200,16078,16318,10039,2.51029233159852,NA,0.83933306251151,NA,0.163529231545989,0.148307868968796,1269.29480896454,1169.8211008471,1126.21337845906,1188.5118705825,0.743413653812054,-0.613343221101313,-0.0626526366218519,-0.496193314765037,-0.0346018343185961,1.96061073823875,0.632809611047072,-1.68922189259011
"215",215,"PRUMYR","Prunus myrtifolia",2147,3316,2925,3253,1106,0.342872593275385,NA,NA,NA,NA,0.369272192685393,1136.82845277921,1255.66315413581,1222.99276762613,1340.58238641845,1.27538319713093,-0.923136946693206,-0.0970666087230524,-0.0176295340820741,-0.686590101340292,0.261457628290545,0.237247850035387,-1.44110114400936
"216",216,"PSESPU","Pseudolmedia spuria",1500,2300,1918,2200,700,0.0275460446677071,NA,1.46136850809659,NA,3.21737050501916,2.73321321776655,1117.87075871003,1211.48857637728,1184.47242010154,1228.47948764714,0.011387173706223,-1.04628997338504,-0.0926833770266384,0.33557587681285,0.558114772064763,0.0516527044295896,-0.764914207765929,-0.0697322061794314
"217",217,"PSYBRA","Psychotria brachiata",2156,4949,9516,8757,6601,1.02861777982615,NA,0.676359849816685,NA,0.339315697052575,NA,1306.49832606463,1118.35283628552,1066.6228727911,1227.80261788709,-1.51829712732805,0.101000274257754,-0.0847276492538621,2.31389147450338,-1.10149172580864,-0.412931572993415,-1.89365549232332,1.15670306558964
"218",218,"PSYGRA","Psychotria grandis",2932,6856,11672,11245,8313,NA,NA,NA,NA,0.339315697052575,0.369272192685393,1309.34524596101,1111.61530642281,1073.24205452576,1187.71420142601,-2.03996936122437,-1.26921466693192,-0.0569663005889827,0.661998426542646,0.32102812951142,-0.300014121113708,-1.92014375185797,1.20069536411401
"219",219,"QUATUR","Quararibea turbinata",3485,6789,7785,7920,4435,3.11339938414617,NA,3.04361932417508,NA,3.39315697052575,4.43126631222471,1408.49823700572,1193.79339582237,1216.2974056142,1232.78519244566,-0.547940794112153,-1.01011785117216,-0.0788188988264805,0.485692050946653,-0.508775119425284,0.120172225349398,-0.901315797931439,-0.157388245702243
"220",220,"RANACU","Randia aculeata",3044,5857,5089,5727,2683,4.46956687524379,NA,5.5807977718796,NA,4.28201314239882,6.05851151528462,1427.32888249668,1292.91984224405,1227.31973558156,1276.54406919951,1.64953456686605,-0.542570518009431,-0.101078042159286,-0.129390411068575,-0.923676743893635,0.115641989974589,0.643504707382638,-1.61964316470545
"221",221,"RAUNIT","Rauvolfia nitida",2381,6011,6805,7467,5086,0.342872593275385,NA,0.105439738155212,NA,NA,NA,1462.2133623636,1285.23587958646,1260.27850840723,1284.7057284712,-1.25712353558052,-3.572507326884,-0.0969350428107958,4.01483895946855,-0.864405083255299,-0.134934216195963,-4.48613378948775,0.542749619391827
"222",222,"REYUNC","Reynosia uncinata",698,1197,798,1041,343,NA,190.296485076923,NA,176.179976893746,NA,NA,1950.54987859516,1575.21946571654,1449.73789465116,1428.33391356815,1.87593597157983,0.527010928589403,-0.101787422943923,-1.178989505505,-0.410545080560117,-0.101735149730804,1.75031094410442,-1.46864515487951
"223",223,"RHIMAN","Rhizophora mangle",834,1539,1980,2074,1240,0.480602816613921,NA,1.43420630598078,NA,2.37520987936802,5.23346387795196,1777.48874955917,1364.52050055108,1429.50901141639,1425.69053195786,0.423547329219629,-0.166253863726093,-0.0804019467069182,0.106530849352094,-0.349485335274558,0.559652378235064,0.161578262009503,-0.73642866248956
"224",224,"ROCACA","Rochefortia acanthophora",915,1901,1343,1827,912,NA,NA,1.35271969963337,NA,1.3572627882103,1.47708877074157,1597.4912522311,1303.30643442982,1273.59954833032,1318.90317071469,NA,NA,NA,NA,NA,NA,NA,NA
"225",225,"RONINE","Rondeletia inermis",3664,6171,6214,6709,3045,0.68574518655077,NA,1.87524311770271,NA,4.04340537071787,3.69272192685393,1438.42746709361,1285.20195389945,1318.9258838922,1380.98040821636,0.503359803516287,0.376766099790656,-0.0987786389023781,-0.424882378114188,-1.10149172580864,-0.175401315270232,0.7474999798903,-0.773041488624567
"226",226,"ROYBOR","Roystonea borinquena",3009,7760,11342,11400,8391,0.849151949344879,NA,1.07245285719019,NA,1.71228392568539,2.31091324317545,1363.74733437356,1134.88543745808,1118.33654838979,1183.73400510325,0.288922629800124,11.7827659514481,13.8347191954238,-0.297970691767732,0.32102812951142,-0.130911809906523,11.6618137110303,11.6852343222606
"227",227,"SAMDOD","Samyda dodecandra",3303,5629,6110,6842,3539,NA,NA,NA,NA,NA,1.50427238909678,1385.25458029422,1255.66255270687,1187.86252728182,1263.46523318625,0.629220054551457,-0.36312162749558,-0.0952909876756529,-0.269370190849072,-0.923676743893635,0.0634905852404971,0.380628499821817,-1.01611558599443
"228",228,"SAMSAM","Samanea saman",1030,2675,2590,3174,2144,0.0948487737921842,NA,0.127705742639074,NA,0.20982056228542,0.130477080929323,1544.88192603124,1271.47192113796,1238.07361893205,1403.21044341126,-0.254641164117724,-0.883617445047037,-0.0162212363955172,-0.0575689058683322,-0.448196825416867,-0.0845673638614936,-0.408840984436191,-0.281306059913273
"229",229,"SAPLAU","Sapium laurocerasus",3867,8045,11626,11025,7158,1.85209318971546,NA,0.135811010579021,NA,0.109019487697326,0.148307868968796,1298.32983749654,1130.1083984099,1080.11525361671,1210.28276411365,-1.23065682542623,0.191233473733008,-0.0850753000605389,1.70242876504041,1.15083137844812,-0.116467031783709,-1.64178747957751,1.61900969887528
"230",230,"SAPSAP","Sapindus saponaria",880,1620,2426,2589,1709,0.110184178670829,NA,NA,NA,NA,NA,1822.35310662914,1410.95730149487,1303.8173688592,1440.28308292642,0.374014912041344,-0.24283285522817,-0.0622326400744944,-0.206804931044081,0.186684216090396,0.0170300622950935,0.14050557235809,-0.339043180288986
"231",231,"SAVSES","Savia sessiliflora",663,2317,2298,2734,2071,1.0677763883547,NA,1.00812829246642,NA,NA,NA,1674.5962555576,1336.32741659692,1331.81114234723,1247.63585335412,-0.337811098173067,-0.513953353641204,-0.0822636925831633,0.056993209953414,-0.362343915859941,0.0652173656893783,-0.360279742543656,-0.189875882640698
"232",232,"SCHFRU","Schaefferia frutescens",4193,8204,10149,10920,6727,NA,NA,0.965139733248886,NA,1.35744458349776,2.46729424642113,1355.58158726163,1275.38600231262,1238.15091052738,1301.61022047476,1.42610272447664,-0.1454447741636,-0.100301923820886,-0.388587604552453,-0.864405083255299,-0.170299158350797,0.835615722811254,-1.31442386728161
"233",233,"SCHGLE","Schefflera gleasonii",2938,6869,11695,11265,8327,0.0275460446677071,NA,NA,NA,NA,NA,1333.52923111115,1114.35494923944,1082.11331366203,1214.23315140141,-1.16398455307331,-0.32222766560419,-0.0800904051492404,0.82765334185829,1.70259104172033,-0.163443725343224,-1.40828341503332,1.46361661305938
"234",234,"SCHOBO","Schoepfia obovata",2855,4457,3816,4277,1422,0.0275460446677071,NA,0.338179924908343,NA,0.339315697052575,0.369272192685393,1260.95096180984,1412.14164401362,1440.98959879484,1492.40377842896,-0.611006948616854,0.760824549108033,-0.101193262504976,-0.989855076409165,-1.10149172580864,0.0445674428444125,0.833496162857554,-0.312572889811826
"235",235,"SENSIA","Senna siamea",6497,13153,18205,18297,11800,2.51974631376207,NA,1.50793598800835,NA,2.61435912009107,3.58692658611286,1275.08424119104,1161.06306492212,1107.6659541048,1178.85625130357,-0.000369689994636126,-0.826337326551711,-0.0230756090330423,0.150792431925258,-0.362753619939672,-0.0859702186643006,-0.41756727108356,-0.322111853311907
"236",236,"SIDCUB","Sideroxylon cubense",1902,3015,2714,3054,1152,1.02861777982615,NA,0.480079455088889,NA,0.454619737656772,0.455778958628119,1661.95363181108,1521.88735049578,1512.67552344697,1545.39383694551,0.874656202094043,-0.36803667182028,-0.0960990310822437,-0.574381601103074,1.07377419883142,-0.117796232892582,0.348999808972556,-0.354508281347434
"237",237,"SIDFOE","Sideroxylon foetidissimum",3365,5405,4483,5201,1836,0.88318422875307,NA,0.0543244042316082,NA,0.054509743848663,0.979877142065181,1546.3727123827,1511.94083139954,1477.85518523864,1510.26362650284,0.891308089544875,-0.160064361869117,-0.0940249990253995,-0.623458959635547,0.694926860061521,-0.0242004404372787,0.550418374093898,-0.519947279681033
"238",238,"SIDOBO","Sideroxylon obovatum",788,1284,905,1133,345,0.0275460446677071,NA,0.0271622021158041,NA,NA,1.982279055203,1600.38356566947,1686.29611012654,1490.73923249821,1603.26486433667,1.54599745810212,0.399588099471462,-0.100762072039454,-0.901721662460232,-0.627318440701956,0.204776365623895,1.46778050906708,-1.46521567788661
"239",239,"SIDSAL","Sideroxylon salicifolium",3347,5344,4406,5073,1726,0.137730223338536,NA,1.542855114444,NA,1.37761464107983,1.497747070144,1554.46905773174,1517.30551691768,1502.10581638191,1524.71999576478,0.866058778517422,-0.47541369557586,-0.09716986240988,-0.549042729048039,1.26937469972479,-0.166120136987029,0.245006523025741,-0.269091431706715
"240",240,"SLOAMY","Sloanea amygdalina",2855,4457,3816,4277,1422,NA,NA,0.0271622021158041,NA,0.0272548719243315,0.0296615737937593,1260.95096180984,1412.14164401362,1440.98959879484,1492.40377842896,0.542077269743808,-1.2047760805455,-0.0758185353561508,-0.129185922674546,-0.27168847687194,0.0433859580600997,-0.21344708779347,-0.850485138328141
"241",241,"SLOBER","Sloanea berteriana",1793,3087,4914,4423,2630,2.27760391699397,NA,2.89557481407737,NA,1.57530176360495,1.00549854951462,1191.56211429337,1088.80327615758,1099.55150458088,1297.96734250877,0.627173131196325,-0.630337193658749,-0.0501982769222909,-0.388475311054176,1.03228805717145,-0.114001186195577,0.0408635099239073,-0.21785962681242
"242",242,"SOLRUG","Solanum rugosum",2079,5618,10302,9933,7854,2.40010815292769,NA,1.35271969963337,NA,NA,NA,1339.98565464773,1120.77662872666,1081.72664086803,1218.96696370767,-0.146998332349072,-0.0515974844325955,-0.0419448613361048,0.155839547292244,-0.0501481956628391,-0.0919406700166198,-0.18021070594272,0.0657230335790782
"243",243,"SPACAM","Spathodea campanulata",4140,8869,13796,13545,9405,97.5505936777076,NA,83.2630441898428,NA,74.6073718260023,53.6618776649752,1293.43107198034,1124.95349076635,1105.31140690112,1207.12068149113,-1.98602884960967,-0.577171097881579,0.0387082823866796,1.18054629537769,-1.10149172580864,-0.174744328127213,-1.6273360986445,0.914501210480256
"244",244,"SPOMOM","Spondias mombin",1692,4255,8056,8050,6358,1.83284585149839,NA,1.85668100771707,NA,0.66905126759745,0.697714520801218,1463.3043578712,1226.2684418096,1195.52577153614,1236.89055971342,-0.276081065141945,-0.449897685685594,-0.0172175659711657,-0.0822518844882595,0.185679125639223,0.387889970661911,-0.221451831488567,-0.132069610373907
"245",245,"STEAPE","Sterculia apetala",5946,11780,15644,15873,9927,0.68574518655077,NA,0.0271622021158041,NA,0.400109993808109,0.489770565190825,1276.12624775905,1168.7331580163,1124.57459745007,1197.15607570904,-1.75920971998805,-2.28794234475225,-0.0561703209019144,1.38718742152317,1.03565044705979,-0.0794328983623866,-2.77341295708592,1.18090694371276
"246",246,"SWIMAC","Swietenia macrophylla",6473,13079,18105,18149,11676,0.0826381340031214,NA,0.588728263552105,NA,0.541738568335562,0.489770565190825,1276.59219883041,1163.93828971052,1111.0240998684,1181.21222752328,-0.950479085115388,-1.23355783492305,0.0739918246763501,1.2564629532539,0.439571450788092,-0.0998500366466684,-1.73734699493738,0.803334799239385
"247",247,"SYMMAR","Symplocos martinicensis",4207,7063,7301,7794,3587,0.590786995284749,NA,0.0814866063474123,NA,0.109019487697326,0.118646295175037,1481.31346497899,1322.92007694496,1325.48668082997,1394.57160161429,-0.140841885746214,-0.850979154310301,-0.0623822219203515,0.0477018794328371,0.0839414869580758,0.185292253667327,-0.463870507218484,-0.247385876609283
"248",248,"SYZJAM","Syzygium jambos",2821,7120,12345,11769,8948,33.8721600116127,NA,23.1711287313088,NA,24.3609394533451,18.2880741939798,1354.05998569035,1113.79025855529,1079.18392613282,1226.52034507236,-0.285731637913741,0.134737838210958,-0.0929413142208991,-0.715155710167347,0.439571450788092,0.00348005534253159,0.293318720412006,0.070652720758788
"249",249,"SYZMAL","Syzygium malaccense",3465,8168,14156,13541,10076,1.17096473269304,NA,NA,NA,NA,NA,1345.97527262965,1142.50003092694,1088.00440088401,1212.73502205239,0.733358697446914,0.11533268468385,-0.0876722693634162,-0.177075841448368,-0.261073912932042,-0.0970353731434695,0.471182907414658,-0.588860927272112
"250",250,"TABCIT","Tabernaemontana citrifolia",3132,7748,13722,13096,9964,0.0275460446677071,NA,0.0271622021158041,NA,NA,NA,1356.96758047843,1139.84993787525,1089.98940578083,1220.38370145789,-0.757889534160756,-0.136840757910027,-0.0868587221217326,1.30288945860049,-1.10149172580864,-0.172328099295731,-1.04328760819626,0.28614718827929
"251",251,"TABHAE","Tabebuia haemantha",2674,6130,11375,11357,8683,11.8114797817997,NA,12.3422863426032,NA,11.5702731246187,21.9070923061465,1366.63029112679,1197.73284546219,1135.26311944468,1232.7603662744,-0.106635008559561,0.830939785228376,-0.0541297943551621,-0.145511784610838,-0.0586986838895603,-0.165062791293073,0.406516551351287,0.197454909725812
"252",252,"TABHET","Tabebuia heterophylla",2134,4637,4728,4768,2634,35.501274416541,159.737720769231,40.6210952527908,156.890034394315,41.9616303738903,44.6881790712833,1468.57396960623,1219.91184709085,1234.40588161258,1273.81619941313,0.547935141348586,0.850736928998727,-0.0687014067765603,-0.34384044341433,-0.27168847687194,-0.174076821073019,0.829137590933158,-0.308802959436786
"253",253,"TABRIG","Tabebuia rigida",1188,3382,4516,3956,2768,NA,NA,0.0271622021158041,NA,0.0272548719243315,NA,1543.38487987278,1117.43610384575,1071.56822050033,1179.32459371235,0.0283568587265569,1.22230586061163,-0.0681861578294278,-0.289591472324667,0.236131704895011,-0.171035320526159,0.67923781734518,0.289715212627312
"254",254,"TABSCH","Tabebuia schumanniana",1505,2909,5026,4534,3029,NA,NA,0.338179924908343,NA,0.67863139410515,0.738544385370785,1318.62748055858,1173.460347516,1143.10863556347,1354.55554824681,0.296446630185054,1.66005607322177,-0.0754159610900825,-0.912842125755711,0.676658093341435,-0.173445359399751,1.29887351379585,0.249030329392946
"255",255,"TAMIND","Tamarindus indica",1449,3498,4638,5171,3722,0.88318422875307,NA,0.0271622021158041,NA,0.0817646157729944,0.0985603391442258,1511.22320060532,1229.16389394135,1223.34521816174,1288.11548733559,0.696079783289757,-0.830674286910214,-0.0983668706594328,0.602115602669012,-0.390231798148612,-0.0891699237795676,-0.430705674104397,-0.64737423798614
"256",256,"TECSTA","Tecoma stans",1992,4496,6109,6575,4583,NA,NA,NA,NA,NA,0.396455811040601,1463.2285379337,1240.6010923959,1231.53201600711,1244.47656490611,-0.64168672799642,0.445295566564932,-0.0320644886632392,0.236192592692918,-0.290745693863921,-0.160786879071996,-0.17810827244952,0.426439137436593
"257",257,"TERCAT","Terminalia catappa",4392,9077,11428,12082,7690,0.343547236042251,NA,0.400343137322262,NA,0.798046439478604,1.10971701649765,1339.02640446376,1173.54196198466,1142.08869997522,1185.46668638548,0.603168249455685,-0.315630812112505,-0.0961219187329885,0.308824936913876,1.53654334608951,-0.129312148962131,-0.338025652031869,0.242482402686075
"258",258,"TERSTA","Ternstroemia stahlii",2686,4556,4502,4885,2199,NA,NA,NA,NA,0.339315697052575,0.369272192685393,1372.73515501213,1355.08150924676,1359.11372140524,1395.29608812062,-0.105272141067605,0.214812881810271,-0.0418121502544103,-0.349209014383512,0.0252770015248834,0.0214293910434116,0.269456847213666,-0.0521933137388325
"259",259,"TETBAL","Tetragastris balsamifera",3787,8250,12819,12654,8867,0.0664773939922465,NA,4.31754762053946,NA,4.31110953089616,0.827529106752063,1344.06399677668,1218.33721000948,1178.50875648037,1228.01604721536,-0.771215202051955,-0.837274767560479,0.0372583312024517,-0.220699468757444,-0.153145155595268,0.345848729208765,-0.455855953143877,-0.0689174018937548
"260",260,"TETELA","Tetrazygia elaeagnoides",2627,5918,5827,6055,3428,10.1734315402977,NA,9.30722327431924,NA,11.8043747447308,11.3098765819266,1547.29238551512,1194.99064928971,1209.60548507162,1209.69318675155,0.370324803554655,0.7699608079481,-0.0990466787130484,-0.443598639864384,-0.0346018343185961,-0.140775539361723,0.736399658949685,-0.195988083727868
"261",261,"THEGRA","Thespesia grandiflora",1778,3991,6373,6413,4635,0.906113543892427,NA,2.3639791252374,NA,1.40486951300416,0.818525832360729,1458.7892931367,1218.85834692084,1244.7630749461,1290.67134299087,-0.594834289916745,-0.911311142879798,-0.0556721047372592,0.567736376842081,-0.127172833333099,-0.0497704357601847,-0.995843089519251,0.160736644786214
"262",262,"THEPOP","Thespesia populnea",1617,3284,4727,5121,3504,0.342872593275385,NA,0.00706314479187391,NA,0.0118936299956449,0.0512717370652961,1499.4264742075,1342.06051224596,1317.96483662744,1332.81699766116,-0.594834289916745,-0.911311142879798,-0.0556721047372592,0.567736376842081,-0.127172833333099,-0.0497704357601847,-0.995843089519251,0.160736644786214
"263",263,"THOSTR","Thouinia striata",2499,3998,3334,3780,1281,14.5317517359702,NA,8.47837997570337,NA,10.1366632320915,10.0644938997446,1214.34122706096,1310.11903299971,1319.64823369622,1375.72704296191,1.33813909331674,-0.611245611202997,-0.0758554257809659,-0.0930422068542891,0.913744735894779,-0.174165946614895,0.163772199319023,-0.566774235684907
"264",264,"TRIHIR","Trichilia hirta",3792,8142,12469,12628,8836,0.627590823704962,NA,3.76452435783322,NA,2.3856505404734,2.09155243490435,1314.47768550189,1221.24805979201,1161.40704610601,1240.17007073701,-0.351400454332959,-0.53729152975606,-0.0152429436671379,0.517855254173703,-0.0560975087858729,-0.112118543997373,-0.695764246092509,0.184893749082502
"265",265,"TRIPAL","Trichilia pallida",3636,8035,11903,11370,7734,11.1960526719891,NA,7.49428275221515,NA,6.13493741887068,3.01350068907066,1299.29084748672,1127.05321878591,1080.26006077346,1236.91211562666,0.0485129720255937,-0.452545082632627,-0.0793149310880922,0.465404771269277,-0.627318440701956,-0.169668230683173,-0.41450084760863,-0.27676791305376
"266",266,"TUROCC","Turpinia occidentalis",2826,6054,10058,9451,6625,0.204207617330782,NA,0.398177130416651,NA,0.370375979733696,0.339267410038192,1274.63119560036,1143.22725791863,1091.88403335355,1243.30719093493,-1.01114546630478,-0.361536766504524,-0.0547652791182995,-0.239772906813331,1.50646134227814,-0.170071778747856,-0.683884557465878,1.01735239069372
"267",267,"UREBAC","Urera baccifera",3803,6355,10915,10900,7097,4.80021630585539,NA,1.35271969963337,NA,1.79719675975648,3.48655144429978,1207.98933860334,1194.25538510219,1141.8197145736,1243.78533453883,-1.78152153893334,-0.894889128428755,-0.0676989699617784,6.21185760362633,-1.22003504708532,-0.424275668189681,-4.77740877947794,2.09606278284865
"268",268,"VITDIV","Vitex divaricata",2797,6700,11602,11205,8408,0.110184178670829,NA,0.419666531255755,NA,0.421080312825569,0.458256914066671,1337.9177975783,1127.72578843623,1087.74486641191,1215.85196407763,-0.207964603109918,-0.737148838501392,-0.0758728474326208,-0.141980967085019,1.74354798483148,-0.143585728700881,-0.620296379068905,0.572957947164995
"269",269,"ZANFLA","Zanthoxylum flavum",2516,4024,3359,3812,1296,NA,NA,0.676359849816685,NA,1.01794709115772,NA,1212.80089025195,1286.78588424887,1294.96738831609,1391.5422059511,0.98414067132369,0.78793212759323,-0.0685074888562598,-0.934948924940593,-0.627318440701956,-0.172054274698812,1.38764251565385,-0.873161721193952
"270",270,"ZANMAR","Zanthoxylum martinicense",3302,8109,10571,10704,7402,4.59716576295554,NA,4.75040997524841,NA,5.38157020196865,4.33057881902308,1365.67663732679,1142.19218481725,1097.32651140944,1168.61980930424,-0.689093811505046,-0.410481005184416,-0.016605637238878,1.25454774403725,2.21772126993817,-0.173362535124467,-1.55562059972836,1.54537363210392
"271",271,"ZANMON","Zanthoxylum monophyllum",911,3644,5290,5633,4722,3.53903727863088,NA,3.50597939343427,NA,3.85255800479582,3.1953422674389,1616.63761688081,1266.07288154736,1216.61937356892,1379.07070334551,0.592594178081484,-0.452545082632627,-0.0971104642102451,-0.0324557590148285,-0.982948404531971,0.109461420741398,0.197047244925923,-0.998496532573968
"272",272,"ZIZRET","Ziziphus reticulata",560,930,548,767,207,NA,2.88328007692308,NA,NA,NA,NA,1598.70444777068,1400.26025995406,1217.05039111961,1360.74867533949,1.49157424121961,1.62727741685202,-0.0989060722968639,-0.941763129401305,-2.27159805551008,-0.147113594526479,2.21300858574479,-1.64533121450079
