"","X","CODE","Species","fcover_51","fcover_77","fcover_91","fcover_00","tot_change","tpa_2004","tpa_2008","tpa_2009","tpa_2013","tpa_2014","tpa_2019","D_51","D_91","D_00","D_77","WD","THK","LA.wp","SLA.wp","MAXHT","seed_mass","PC1"
"1",1,"ADEPAV","Adenanthera pavonina",2339,3973,3393,3761,1422,6.57343269140286,NA,5.42580750113059,NA,6.37425858513594,6.67707804616547,1422.8389451082,1331.14032939834,1268.43115250261,1227.02224141473,-0.46314955243699,-0.954221027141051,0.146089311664512,0.134589106710896,-1.03692013653816,-0.15808063249593,-0.681972050502569
"2",2,"ADERIC","Adelia ricinella",1721,4398,3874,4558,2837,0.109412124750511,NA,2.86913647002438,NA,3.68917000291826,4.58579283232383,1578.91017180404,1271.76123721446,1232.3820869984,1310.28224926506,0.749580749079947,-1.10940947190655,-0.10518610525933,-0.0350384673630576,-1.3335658012916,0.41546604111846,-1.61517905638133
"3",5,"ALCLAT","Alchornea latifolia",2789,6347,9995,9318,6529,7.15182027651186,NA,3.44771554647551,NA,4.25381405060263,4.25273591246169,1364.99190697605,1094.56033999719,1047.77109819712,1246.566534017,-1.43900502618608,-0.690046426538957,-0.0729148393198146,0.310973142303816,1.39557431444006,-0.182813125374647,0.882404436827713
"4",6,"ALLCRA","Allophylus crassinervis",3924,7543,11343,11624,7700,NA,NA,NA,NA,NA,1.47708877074157,1245.79243594693,1150.75366367117,1112.79516308388,1219.24401006806,1.11226257560247,-0.415159753760782,-0.106800214812163,-0.307332043078405,-0.858932737686093,0.162763057182432,-1.06128512629863
"5",7,"ALLRAC","Allophylus racemosus",2516,4024,3359,3812,1296,NA,NA,NA,NA,0.0272548719243315,0.0593231475875186,1212.80089025195,1286.78588424887,1294.96738831609,1391.5422059511,0.00915802787092193,-0.444284909097889,-0.0613399274067978,1.3791432568089,-0.858932737686093,-0.184723710449528,-0.821470274248161
"6",9,"AMYELE","Amyris elemifera",2760,4466,3822,4335,1575,7.54319705205847,17.5311437692308,9.4690378974336,17.5610360296756,10.6173497033184,14.486922872619,1263.33177526195,1424.41611193558,1365.38801249585,1330.07500931781,1.27995620127449,-0.234412904127052,-0.10445269621607,-0.897087386356494,-0.858932737686093,-0.179205940753272,-0.837004434252991
"7",11,"ANDINE","Andira inermis",3054,7271,10917,10913,7859,22.0621297567852,NA,21.6664524893442,NA,18.517430133411,17.5742380644596,1345.18914159635,1150.8690809506,1126.66245607204,1226.62803384675,0.305907226034734,-0.861189924895294,-0.0301272095117993,0.664931151664166,1.51423258034144,-0.0890769773643083,0.207107001914373
"8",12,"ARDOBO","Ardisia obovata",2960,4801,4069,4566,1606,12.0816224317576,NA,16.113078199024,NA,17.8417313469806,21.5674816872549,1591.24727967843,1351.79902823508,1354.26861407264,1357.12478246531,0.680709208702292,1.44075198107366,-0.0995723100972376,-0.942377771740248,-0.384299674080587,-0.0567387147195525,0.339721216323977
"9",13,"ARTALT","Artocarpus altilis",995,3543,6447,6536,5541,0.723724247637549,NA,1.12080170922238,NA,1.66200009343863,2.16978684106696,1440.14906463789,1125.03587270946,1120.22229529055,1238.73573547255,-1.34463012473925,0.379088153206095,0.0380870180059945,0.759889727991124,0.090333389524919,0.542343565829347,0.424471443316827
"10",18,"BOUVIR","Bourreria virgata",2869,4675,3935,4529,1660,1.02861777982615,NA,0.676359849816685,NA,1.01794709115772,1.87602253722072,1497.11922556947,1495.16186667425,1459.67935945722,1475.93555538837,0.674486615176817,0.404224310313679,-0.107905463893546,-0.821838286702707,-0.0283248763764576,-0.184414158568658,0.074357095309147
"11",19,"BUCBUC","Bucida buceras",4413,9353,11972,12714,8301,12.2881433502025,NA,2.5041914380205,NA,2.28472492158511,3.36510234465691,1375.31499892924,1178.13615236906,1165.62722366832,1195.81192565243,1.41603783835521,-0.0147571714742802,-0.107872283528741,-0.669445231923314,1.15825778263731,-0.182318475517073,0.217222685486362
"12",21,"BURSIM","Bursera simaruba",2406,4124,3121,3801,1395,7.90919291419177,54.4395300769231,11.7070276575133,47.2589134512543,9.86501932595323,9.3485486020213,1499.215572044,1389.86794710132,1354.77727126133,1401.12297547762,-1.5593631759034,-0.409113296409503,-0.0893161836864425,-0.0640816482551541,0.683624719031802,-0.17254914082998,0.729707160489835
"13",24,"BYRSPI","Byrsonima spicata",898,2726,3534,3113,2215,1.01629772256326,NA,1.19691826521581,NA,0.865189585973567,0.695549504416745,1667.28628554603,1345.69638947163,1306.48376684389,1315.7021592142,-0.0444035631259603,-0.837829692337445,-0.105795544268656,1.05645224452962,1.51423258034144,-0.173662103009522,0.261995077762662
"14",25,"BYRWAD","Byrsonima wadsworthii",1521,2353,3495,3161,1640,0.397964682610799,NA,0.365342127024147,NA,0.366570568976906,0.398933766479152,1257.92272357923,1067.60692938697,1070.16904137291,1297.02652061598,-0.550101175775005,0.362148569581551,-0.104390379991342,-0.725415605125239,0.446308187229049,0.202517663482448,0.584732974404536
"15",26,"CALANT","Calophyllum antillanum",3323,6745,7175,7127,3804,5.09659539226568,NA,9.89653826266934,NA,4.57221003863783,7.36921077798143,1417.37652387804,1193.2189784525,1206.1789722095,1245.99877206748,-0.083551637063891,0.339198165009342,-0.094901898619425,-0.0993970008816583,2.34484044165107,-0.0633551847704422,1.38361493841862
"16",29,"CASARB","Casearia arborea",2346,5007,8484,7723,5377,8.43852067001015,NA,9.3937731806635,NA,7.3385682514542,5.98574970044416,1320.52259343654,1122.93184139475,1026.72042077253,1207.00575294604,-0.11154016017911,-0.66654615848512,-0.106205532103584,0.494930648347592,1.51423258034144,-0.18681360609778,0.452946105585917
"17",30,"CASDEC","Casearia decandra",3133,7242,7794,7806,4673,3.18713481294596,NA,2.73260160138255,NA,2.47377297405656,2.4430930640387,1369.63238524968,1202.39408776944,1184.32472644921,1245.73478211463,0.536747926425505,-1.24481685534166,-0.107160140759521,1.59506397964658,-0.62161620588334,-0.176122986050954,-1.30312215862757
"18",31,"CASELA","Castilla elastica",6497,13153,18205,18297,11800,NA,NA,0.0543244042316082,NA,0.0817646157729944,0.0593231475875186,1275.08424119104,1161.06306492212,1107.6659541048,1178.85625130357,-2.22461575384281,-0.574992923893435,-0.0237121265269851,1.67246679114905,-1.57088233309435,-0.116755110144881,-0.526156897602523
"19",33,"CASGUI","Casearia guianensis",3230,7624,8504,8585,5355,54.3141454461815,NA,52.8020587484159,NA,44.3280959441179,43.7276751693671,1403.4494223774,1143.32326711069,1153.25222934037,1225.12907749098,0.695809110633169,-0.997717506726097,-0.100980765502226,0.680883294256515,-0.0283248763764576,0.0150216600350172,-0.856644586547003
"20",34,"CASSYL","Casearia sylvestris",4699,9972,15647,15140,10441,43.5235172305948,NA,51.4127955894395,NA,42.8959157877149,33.997881799325,1274.17810378456,1111.28193068155,1082.29211871651,1175.57120347642,-0.0622878316686868,-0.808868468784747,-0.0977451652623892,0.114122028292026,-0.384299674080587,-0.186646661770849,-0.54154074321785
"21",35,"CECSCH","Cecropia schreberiana",3156,6756,12562,11881,8725,14.5279955470865,NA,10.0260154021285,NA,11.766581216735,9.33493877430232,1278.17221457668,1127.39772035152,1063.70283010531,1226.63651875669,-2.17912975246746,0.173384533379049,0.253034959686771,0.0850548566397209,1.15825778263731,-0.186943451685393,1.62124452954135
"22",37,"CEIPEN","Ceiba pentandra",3304,6475,7714,8357,5053,NA,NA,0.421278475658432,NA,0.400109993808109,0.42611738483436,1407.74566809745,1194.35907869969,1160.28113223707,1215.07833699068,-2.15738165090939,-2.37151516076088,-0.0344682484334653,2.75156249563676,2.34484044165107,-0.179721563764808,0.502130258231987
"23",38,"CHIDOM","Chionanthus domingensis",4245,8076,10138,9938,5693,0.370418637943092,NA,0.419666531255755,NA,0.733141137953813,1.50675034453533,1275.4244433945,1151.99928691259,1087.92636589264,1187.51090042694,1.00179083253732,-0.358056962626666,-0.0931732528450739,-0.0205458570924409,0.920941250834555,-0.138649150736155,-0.0234579815934119
"24",39,"CHRARG","Chrysophyllum argenteum",3400,7116,7755,7662,4262,NA,NA,1.07047612335931,NA,1.01794709115772,0.912915603971226,1390.55312408412,1229.04884092626,1196.03196401518,1229.73990173875,0.593375537541594,-0.453059145231096,-0.099849890040677,0.554193232508444,1.03959951673593,-0.157771476334946,0.0484260013842659
"25",43,"CINELO","Cinnamomum elongatum",4074,9202,14437,14093,10019,5.34420991825536,NA,3.3572757897304,NA,3.6186720986814,2.97067960329782,1291.64136440913,1137.64726752409,1085.63154348143,1199.41659079403,-0.574237481792789,-1.11505989060492,-0.104208034102716,0.601536130870474,2.10752390984832,-0.241936079036319,0.716625197214764
"26",44,"CINMON","Cinnamomum montanum",3409,7820,10095,9901,6492,0.425510727278506,NA,0.0904397567451089,NA,0.456366507108594,0.555901700985842,1345.78544782959,1149.24583464185,1117.61396455364,1219.06911748373,-1.01836476046341,-0.880087578950256,-0.105100687528772,0.20183309390077,0.802282984933178,-0.0974837324866615,0.319112323260122
"27",46,"CITSPI","Citharexylum spinosum",3083,7640,9348,9653,6570,NA,NA,NA,NA,0.089795938131688,0.127306360712931,1358.76514918524,1148.62214627895,1141.00250864617,1204.77498030838,-0.0473913807029352,0.758134109589439,-0.101589895800149,0.365531522951682,0.446308187229049,-0.177978454765455,0.544055636798426
"28",48,"CLUROS","Clusia rosea",2893,4497,4027,4488,1595,2.92724433144926,NA,4.09858159889471,NA,4.0888446438996,4.47041789464509,1501.77483392865,1482.01890662368,1545.82130329,1631.84046459957,0.422316947200249,5.89866029544824,-0.0872495934674086,-1.56483757403564,1.15825778263731,-0.185610271389259,3.37711320945042
"29",50,"COCKRU","Coccoloba krugii",658,1071,806,979,321,3.77159852602923,NA,5.07269887362514,NA,4.75041975873605,5.53908289028089,1895.47592283724,1609.26603127337,1616.11011636614,1529.0107587309,0.673812462346915,1.28326120883541,-0.107572654710907,-1.12636515532066,-1.27423666834091,-0.18417919988631,-0.122691952942324
"30",51,"COCMIC","Coccoloba microstachya",956,1731,1616,1857,901,5.49895628129799,441.373315076923,10.7015373447878,560.541948423515,11.1956132142913,14.6477286139294,1654.57419268141,1455.48676354681,1318.08291300614,1393.18670960984,0.747497622148913,0.791758273589159,-0.108340160063609,-0.979343223008478,-0.740274471784717,-0.182442137981467,-0.118687877686614
"31",53,"COCPYR","Coccoloba pyrifolia",1843,2625,3471,3251,1408,NA,NA,NA,NA,0.400109993808109,0.42611738483436,1314.2173784828,1680.211708184,1247.11455194799,1440.69055506584,-0.0619562551506342,0.370071922768185,-0.101145132831761,-0.76971393596539,-0.97759100358747,-0.181625965716469,-0.181959773183273
"32",54,"COCRUG","Coccoloba rugosa",1573,4508,5999,5504,3931,NA,NA,4.72939528251154,NA,4.47426146260533,5.55038135456841,1511.56414014902,1234.77816247623,1215.24021765185,1360.91740902951,0.435469597350807,1.2963392968387,0.174987927381609,-1.41095341139379,-0.0283248763764576,-0.24649743078675,0.826740119370947
"33",55,"COCSIN","Coccoloba sintenisii",333,420,434,445,112,0.342872593275385,NA,0.0271622021158041,NA,1.72383335718721,1.84636096342696,1879.33891053381,4053.24573341001,2045.09494777825,1684.53059410968,0.102157689424934,1.37681142659522,-0.0796419242548518,-1.18957544753242,-0.97759100358747,-0.208362148338768,0.301205019845287
"34",57,"COCUVI","Coccoloba uvifera",5946,11780,15644,15873,9927,NA,NA,0.0879838142030917,NA,0.0987706338156028,0.104231284753209,1276.12624775905,1168.7331580163,1124.57459745007,1197.15607570904,0.303796995295243,2.08911182069666,-0.0642147553123307,-1.01352047806875,-0.97759100358747,-0.108862971667282,0.503415877345114
"35",59,"COFARA","Coffea arabica",2528,6205,11490,11233,8705,11.0690860390294,NA,12.3422863426032,NA,5.08973545578862,2.58490534879775,1309.21140922132,1184.44686345754,1107.37741777635,1254.93161537438,-0.101649406743054,-0.279042000899207,-0.0967519797659374,0.449944134108374,-0.97759100358747,-0.163732007118717,-0.652768673752059
"36",60,"COJARB","Cojoba arborea",3674,5751,4817,5498,1824,1.26598474124021,NA,0.365342127024147,NA,0.366570568976906,0.398933766479152,1533.94151744084,1515.30202739826,1502.9821462002,1510.49520613067,-0.646603519868885,-1.04165113642478,-0.0761536736617918,-0.875967165909394,-1.27423666834091,-0.0819045544294803,-0.772129541131779
"37",61,"COLARB","Colubrina arborescens",2253,3615,3187,3652,1399,1.71436296637692,NA,1.57646509417051,NA,0.745710243767556,0.792911622081201,1461.64134064373,1516.59588321105,1446.83015940848,1493.45712657068,1.04822033472521,-0.019811724827079,-0.097810264247555,-0.747587163144072,-0.265641408179211,-0.185153437513296,-0.372923317198321
"38",62,"COMDOD","Comocladia dodonaea",860,1516,1108,1396,536,0.866563438508563,20.1829605384615,0.676359849816685,25.9937670826838,0.67863139410515,0.738544385370785,1849.14716526226,1604.88172221969,1477.12968776108,1380.36295742859,0.864979766684486,-0.424613134312331,-0.102291023032675,-0.957403001067079,-1.03692013653816,1.24615035008249,-1.31118811257268
"39",63,"COMGLA","Comocladia glabra",1821,2865,2453,2750,929,0.342872593275385,NA,0.338179924908343,NA,1.01794709115772,1.47708877074157,1042.43700322657,1222.86070460408,1194.19316287038,1292.62054018829,0.434476269620319,-1.20929837319925,-0.106568623360607,1.00951896995783,-0.858932737686093,0.879829832067175,-1.61650057210864
"40",65,"CORALL","Cordia alliodora",2341,6107,11161,10800,8459,2.81456407554947,NA,5.23113434933842,NA,4.48707237991469,3.16185681331308,1354.34542667568,1211.87870029989,1153.17688705214,1310.67868318762,-0.615072548772193,-0.335215846566455,-0.100954615703938,-0.0130327785343077,-1.21490753539022,-0.182936787839041,-0.548844721692624
"41",66,"CORBOR","Cordia borinquensis",2369,5731,8694,7933,5564,3.30622169682012,NA,1.74522402877332,NA,1.07245683500639,1.1671397256437,1364.61042834296,1106.99459008756,1064.20739655755,1245.56509932732,-0.0821837341352816,0.564877137401201,-0.0825457901916283,0.327175676654716,-0.502957939981964,-0.17940498785596,-0.00265792273882355
"42",68,"CORLAE","Cordia laevigata",4406,9120,11523,12161,7755,2.32769667679263,NA,NA,NA,NA,0.148307868968796,1358.36876109876,1202.52203697714,1169.92328202597,1224.00055550382,-1.15559848745776,-0.601221957268707,-0.10008077234959,-0.07590156069196,-1.27423666834091,-0.181123797181059,-0.504315124112653
"43",71,"CORSUL","Cordia sulcata",1965,4607,9054,8331,6366,2.75534065850853,NA,6.3132635276409,NA,6.5182576728215,6.25919891374142,1305.36860011216,1113.69274628789,1066.78564416645,1240.26341901588,-0.707327214528339,1.40311331832276,-0.00183338947496491,-0.547784340428079,1.15825778263731,-0.176939801360767,1.62398379396248
"44",75,"CROPOE","Croton poecilanthus",588,787,839,797,209,1.2214400925001,NA,1.09602638107244,NA,0.705886266029481,0.0296615737937593,1161.70333648526,NA,1000.81848278896,1199.57388845408,-0.579397425146293,3.21641380343751,-0.0849230145914054,0.018433200175033,-0.265641408179211,0.178643981565252,1.41982492826004
"45",76,"CRORHA","Crossopetalum rhacoma",641,1120,782,959,318,3.77159852602923,NA,4.39633902380845,14.4409817126021,4.41110406168347,6.27762727565168,1668.43074033978,1923.40384498185,1750.23346402969,1436.85434315825,1.43905555691458,1.75053871834467,-0.109479204351559,-1.19806412955548,-1.3335658012916,-0.184559931881685,-0.194805828918457
"46",78,"CUPAME","Cupania americana",3880,8071,11789,11859,7979,3.72596041885737,NA,4.98339888264224,NA,4.00913866943157,4.49292827137791,1336.77843174026,1149.04182110889,1132.98196832647,1200.00514333102,-1.02998322765755,0.286306282693055,-0.0446420322592983,-0.0783990435211676,0.208991655426295,-0.162576999701281,0.641548743208561
"47",80,"CYRRAC","Cyrilla racemiflora",718,799,837,815,97,0.137730223338536,NA,0.0271622021158041,NA,0.0272548719243315,0.0296615737937593,1866.72684302854,5857.62356860136,2008.71996460092,3326.3062355367,-0.587175551176584,0.671541871356851,-0.105789860457291,-0.858370791890738,-0.265641408179211,0.107769301002076,0.420387949131725
"48",81,"DACEXC","Dacryodes excelsa",2059,4244,6836,6191,4132,0.673425129287871,NA,1.14420580538688,NA,1.15092587717855,1.09417033184182,1363.65365232398,1069.43133998557,1042.27384348403,1233.98524691846,-0.998952148012052,-0.304211784938611,-0.000249148982020563,-0.155202246310007,1.51423258034144,0.0588319864229293,1.00271648501375
"49",85,"DENARB","Dendropanax arboreus",4437,8583,13929,13393,8956,8.20034259055233,NA,9.04711781541694,NA,9.9497478359282,8.42294278858191,1244.74570475247,1128.10323860027,1080.08476449904,1206.36911722907,-1.24376489840353,-0.314211803784312,-0.0955574860222728,1.00142876833545,1.75154911214419,-0.186028349448881,1.04995464747718
"50",88,"DRYGLA","Drypetes glauca",1501,2151,2581,2399,898,0.425510727278506,NA,0.338179924908343,NA,0.0272548719243315,0.0296615737937593,1345.4978436411,1287.27641219249,1263.77502183197,1443.63570981793,0.057913127264622,-0.316199797934946,-0.0983591726558422,-0.0169393194948227,0.208991655426295,0.206138080969544,-0.159250178980052
"51",89,"ERIFRU","Erithalis fruticosa",1727,2893,2311,2743,1016,1.37149037310154,NA,0.676359849816685,NA,0.708563373482379,0.0318265901782327,1723.02555392102,1569.27016322543,1491.52800913431,1557.25449800699,1.91570224498709,2.49063460137885,-0.107276358062764,-1.25421345309933,-1.39289493424229,0.14338736752166,-0.148503698240556
"52",90,"ERYARE","Erythroxylum areolatum",678,1127,718,953,275,NA,0.462926615384615,0.788232547085257,NA,2.23352328584869,2.41520442824486,1600.70501650251,1427.63700212899,1223.95322015882,1322.9515969682,1.38954818128396,-0.354110465266568,-0.107193709705539,-0.336048627146724,-0.858932737686093,0.766496547479554,-1.315132219234
"53",91,"ERYPOE","Erythrina poeppigiana",3743,7139,11946,11913,8170,1.89486522178798,NA,2.93960639121031,NA,2.66281376957495,1.46135664747321,1304.39281422546,1212.11034793925,1163.31291400856,1251.32796124073,-2.03336277999096,-1.23181162667423,-0.00586306697105447,3.23733007081568,1.03959951673593,-0.1567203453876,0.235885693911284
"54",93,"ERYRUF","Erythroxylum rufum",1158,1727,1458,1686,528,0.414046069708828,NA,0.394116273542628,NA,0.712170818936353,1.1893674331218,1785.83950827733,1707.56199264334,1659.05019539418,1620.31013940753,1.50416359641456,-0.538490853011744,-0.101727613447161,0.352790682374181,-1.45222406719298,0.719490519183987,-1.83141186247793
"55",95,"EUGBIF","Eugenia biflora",3607,8424,9527,9873,6266,8.31081099693297,NA,8.88967512975916,NA,9.90642069030774,11.7475286084209,1352.64127170263,1166.68872061157,1127.22521893164,1191.13677776119,0.681821425776528,0.0116631148298126,-0.108647001515071,-0.54854709745004,0.327649921327672,-0.174908620650609,0.0322566692735697
"56",96,"EUGBOR","Eugenia borinquensis",1368,2828,3543,3168,1800,1.79700110038005,NA,1.37988190174918,NA,1.04520196308206,1.47708877074157,1364.52555399068,1146.45524178986,1156.65332571618,1334.95419390563,-1.23347376038679,2.71868616190939,-0.088647282283914,-1.15899526335736,-0.080007241274774,-0.271697824988904,1.83700245616571
"57",99,"EUGDOM","Eugenia domingensis",3464,7309,7913,7710,4246,NA,NA,NA,NA,NA,1.10781657805618,1373.16468908603,1146.1513919087,1120.06364647476,1185.93967592006,-0.679829273172442,-0.0200849431563094,-0.101396015208593,-0.619668411779635,0.564966453130425,-0.183818501210167,0.625048685361954
"58",100,"EUGLIG","Eugenia ligustrina",1946,3379,2872,3465,1519,NA,NA,2.9004106472854,NA,1.79719675975648,3.09009563325918,1550.4639085086,1350.58922672311,1306.20754706556,1356.45704338522,1.88299262280974,0.116579247347315,-0.109231219476461,-0.783956965987571,-1.45222406719298,0.13970643490989,-1.31153747129138
"59",101,"EUGMON","Eugenia monticola",4305,9806,10669,11180,6875,12.4684208613633,NA,23.3921089548511,NA,23.5925846721111,20.2899086281652,1373.53599050132,1163.95590689014,1137.59586096202,1218.27243800757,0.980780112839683,-0.479859368259043,-0.109554255417641,-0.462232243552849,0.446308187229049,-0.139258973504687,-0.256123728354536
"60",102,"EUGPSE","Eugenia pseudopsidium",2927,6104,6131,6277,3350,0.0550920893354143,NA,3.82929003815771,NA,1.76365733492528,1.90072820013738,1586.52241507222,1299.05250589925,1287.09027428334,1316.19989856529,1.2825607557381,-0.334162711218189,-0.104476068901637,-0.479353274502585,-0.740274471784717,0.00445537080878809,-0.944316971564676
"61",103,"EUGRHO","Eugenia rhombea",1807,4563,6465,6993,5186,5.24640767912475,NA,4.10832557346845,NA,7.3776925091827,6.85886467098648,1429.99142447009,1246.40273467738,1181.00388741185,1248.83546673754,1.43985735483365,0.44586289994858,-0.108415755148167,-1.04473261005665,-1.09624926948885,0.105046841955269,-0.776108552761542
"62",104,"EUGSTA","Eugenia stahlii",1979,3504,5772,5189,3210,0.101281473467492,NA,0.13775168299905,NA,0.0272548719243315,0.0296615737937593,1265.15039398112,1077.32283924111,1035.22617727023,1315.14629899889,0.249146147739234,1.33218564156635,-0.0998282556472332,-0.749657203192261,0.920941250834555,-0.302100069370455,1.15788180977295
"63",106,"EXOCAR","Exostema caribaeum",918,1875,1351,1826,908,10.6565964362046,14.4164003846154,6.987343892704,17.5610360296756,8.77217814398146,11.5858340204618,1529.02631070473,1258.69980940903,1207.56120024453,1261.81815034479,1.40797692266209,-0.185034761582461,-0.108865899393488,-0.742073060310249,-0.502957939981964,0.113177137748312,-0.794128591054705
"64",107,"EXOPAN","Exothea paniculata",2493,4613,4062,4372,1879,NA,NA,2.02907954945006,NA,2.03589418231545,2.21563315611236,1355.11302417968,1271.21024243773,1235.21305836891,1271.45293299839,0.297352218370601,-1.15708620363352,-0.0981160953284561,0.291946153380628,-0.146983142277834,0.041493906933662,-0.799590861494271
"65",108,"FAROCC","Faramea occidentalis",3379,7334,8116,8089,4710,2.05723555965231,NA,1.40801444007499,NA,3.79749633743566,4.80053850491011,1339.50336292522,1169.18916727387,1152.46477759224,1208.54272926751,0.302080400033772,-0.670000310665885,-0.0989555303352293,0.783041647010663,-0.740274471784717,-0.149918909845953,-0.902609685967885
"66",109,"FICAME","Ficus americana",3172,6873,9469,8864,5692,0.0275460446677071,NA,0.0271622021158041,NA,0.0272548719243315,0.0296615737937593,1354.20008467928,1150.07737286971,1115.23095412274,1274.36885603335,-1.12031151071801,-0.338385187841109,-0.0989837349470513,-0.200305024926979,0.208991655426295,0.00643968052296458,0.325964394299733
"67",110,"FICCIT","Ficus citrifolia",4622,10099,12419,12911,8289,1.98016599763923,3.11474338461538,1.35437224563416,3.35191229162656,1.41245500825733,2.67353340311813,1328.54664438966,1160.23658850524,1122.89833425109,1199.27354913704,-1.0997283472397,0.107447658671296,-0.101453410306786,-0.194439589017453,1.51423258034144,-0.186943451685393,1.25036482750636
"68",116,"GUAFRA","Guapira fragrans",3668,8665,9387,9578,5910,4.42317144296963,NA,11.9728424978417,NA,14.3916142037612,17.1695492548397,1375.32574417109,1163.4530621164,1133.06569282735,1163.84530864627,-0.320353163019841,0.668544267626841,-0.104895931174768,-0.22135452146606,0.861612117883866,-0.180587201015563,0.900580166429174
"69",117,"GUAGLA","Guarea glabra",1917,3216,5202,4666,2749,1.96689409791464,NA,1.69089962454171,NA,2.37520987936802,2.21563315611236,1222.88116342828,1086.2537355091,1078.10889623813,1270.33569251459,-0.646381426909956,-0.417327292199883,-0.0338002536359647,0.174306195343952,-0.384299674080587,-0.113438482849845,-0.161306534852793
"70",118,"GUAGUI","Guarea guidonia",4172,9466,15307,14937,10765,66.6500714491701,NA,71.3776914540335,NA,78.8643738905235,76.298825691329,1290.04765229492,1111.11676272538,1059.97029628849,1150.68103363081,-0.457689132701852,-0.598723953668572,0.0212445703397126,1.09797027977109,0.564966453130425,-0.125186416967236,0.0721970064052413
"71",119,"GUAOBT","Guapira obtusata",2855,4457,3816,4277,1422,NA,NA,0.788232547085257,NA,0.745710243767556,1.1893674331218,1260.95096180984,1412.14164401362,1440.98959879484,1492.40377842896,-0.143308423847023,-0.0369334543323057,-0.0930072983927993,-0.218046340846571,-1.27423666834091,-0.0778573448594851,-0.603722298972542
"72",120,"GUAOFF","Guaiacum officinale",777,1493,1069,1352,575,0.7465299282146,NA,0.208858843653593,NA,0.206726822280615,0.118640186110336,1729.962617417,1559.9382359006,1329.82131729015,1386.2034845084,1.90267635248087,0.053738855561941,-0.102532745763742,-1.03477755981907,-0.97759100358747,0.4483039453305,-1.15734045975827
"73",121,"GUAULM","Guazuma ulmifolia",1381,4310,7594,7648,6267,1.84752043501635,NA,2.07754854810787,NA,3.37540282808737,4.28958637509582,1449.51640137098,1210.58847012361,1155.43730891124,1311.92890589973,-0.897565629804119,-2.39888104389031,-0.101289527665202,2.46086419516165,0.208991655426295,-0.181205513337531,-1.03319161345515
"74",123,"GUEOVA","Guettarda ovalifolia",2910,5932,9118,8675,5765,NA,NA,0.338179924908343,NA,0.0272548719243315,0.430760356657385,1337.20590097437,1161.86770293465,1132.04353292202,1248.54184744719,0.164930352868498,-0.734552874713269,-0.100334072107192,0.838726994332501,-0.62161620588334,-0.195614867660816,-0.818576610387131
"75",125,"GUESCA","Guettarda scabra",3306,5571,5376,5875,2569,23.4166619179495,NA,27.5549000392642,NA,28.45336089204,34.4341458176583,1502.68947914069,1364.62463874123,1340.37363204752,1433.86916206997,0.820321316085631,1.47246129254857,-0.104716784388639,-0.520925330725425,-0.146983142277834,-0.117791529436709,0.379550470114241
"76",126,"GUEVAL","Guettarda valenzuelana",1642,4576,6318,5986,4344,NA,NA,NA,NA,0.0272548719243315,0.0296615737937593,1529.63160563012,1149.64555867773,1102.90269535491,1289.77262316858,-0.455067371983198,1.69327199640973,-0.0922646778378312,-0.688712919175136,0.802282984933178,-0.266610561199263,1.48497081551136
"77",127,"GYMLAT","Gyminda latifolia",3276,5301,4322,5041,1765,NA,14.4164003846154,1.97058136771314,11.5527853700817,1.49142048753511,3.40747854467271,1510.84580877581,1467.94810641319,1420.70513542166,1421.64455348111,1.00754897587939,0.994596128937218,-0.108843858013588,-0.823509831136109,-0.384299674080587,-0.182291826255996,0.042372725620861
"78",128,"GYMLUC","Gymnanthes lucida",2484,4096,3318,3877,1393,13.8203654916831,NA,11.2475126479242,NA,11.2273499821122,17.0952553369489,1398.68310273044,1315.47545841526,1263.05108273185,1345.01484371229,1.35009858524915,-0.120213801741435,-0.107167201512972,-0.631419799970843,-0.146983142277834,0.51061725175719,-0.703397791196856
"79",129,"HELJAM","Helicteres jamaicensis",2371,4066,3892,4465,2094,NA,NA,NA,NA,0.67863139410515,1.12199122183278,1543.90085418858,1363.85581449758,1300.63423359294,1364.95320493024,0.695134873015545,0.264492259319989,-0.0897876538115483,-0.295407692522742,-1.15557840243953,-0.0215622183039855,-0.698363154408411
"80",136,"HOMRAC","Homalium racemosum",1735,4841,6538,5981,4246,5.4012625531867,NA,3.28807914321732,NA,4.5078663154202,4.47725615265195,1515.85937078311,1189.99134038384,1145.04939332471,1272.97520144935,0.596248224697162,-0.60493773618541,-0.102815248732214,1.15613318350452,1.75154911214419,-0.243432800223749,0.277646340123821
"81",140,"ILENIT","Ilex nitida",1445,1779,3410,3329,1884,0.68574518655077,NA,0.676359849816685,NA,1.3572627882103,1.47708877074157,1206.1306873297,1193.11961977983,1184.15377173594,1373.51509628826,-0.165068610481732,0.0965015474562347,-0.100119849915579,-0.2027137863632,0.208991655426295,-0.0328246654247972,0.206567515607534
"82",142,"INGLAU","Inga laurina",2435,6004,10928,10372,7937,6.92131014670499,NA,6.12766672653461,NA,7.13474393132493,6.01321598805409,1327.23023074089,1104.65765410928,1074.35515599553,1233.93069445032,-0.0288577625652402,-0.284724958278055,-0.0673314527355684,0.0108741817766016,1.51423258034144,-0.0766043812055711,0.658450343505279
"83",143,"INGVER","Inga vera",2822,7233,12897,12489,9667,12.9047453054485,11.5331203076923,13.1532681288826,NA,9.51133930086568,9.00215453958993,1303.31090749131,1129.86636593985,1075.1394035658,1171.36564009715,-0.450553460198477,-0.747199015787354,-0.0014517650484646,1.38348195746996,-0.740274471784717,-0.0965429170903752,-0.734558131099757
"84",144,"IXOFER","Ixora ferrea",3191,6529,7099,6922,3731,1.08370986916157,NA,0.0543244042316082,NA,0.421080312825569,0.886852254339582,1379.08861360377,1148.88567549821,1152.47190967802,1195.54980709332,0.0698032599724645,-0.190664731068746,-0.0959406530503035,-0.0523718860229694,-0.740274471784717,-0.0815487459169969,-0.497523492895617
"85",145,"KRUFER","Krugiodendron ferreum",2247,4138,3213,3973,1726,1.37555569874305,9.11276684615385,5.13832725173371,3.35191229162656,5.62682069837974,7.99665959666309,1532.07339079091,1308.51320101045,1252.34744213824,1309.94218576604,1.54107443891052,-0.78054871525091,-0.107318145276284,-0.313085099643538,0.208991655426295,-0.175876897746811,-0.716375085703132
"86",146,"LAEPRO","Laetia procera",3126,7735,13699,13076,9950,0.447284766704951,NA,NA,NA,NA,0.0296615737937593,1337.41906109936,1137.18728695331,1079.4943413521,1201.41570106541,-0.100152575604416,-2.40024741887277,-0.0835569007922251,2.19380211164105,1.75154911214419,-0.186522999306455,-0.460954421027651
"87",148,"LEULEU","Leucaena leucocephala",1805,3658,4198,4855,3050,69.8821328801595,NA,81.0881032943007,NA,74.3569824473324,55.7866617685086,1495.46775787194,1356.75251741575,1325.7702188494,1369.07415638247,0.0154135190325223,-1.0027447379509,-0.0978936312440627,-0.423188173104718,-0.740274471784717,-0.181666774329719,-0.757515250328654
"88",150,"LICPAR","Licaria parvifolia",3207,5765,5429,6004,2797,1.85209318971546,NA,2.5046824293401,NA,4.32125010455991,3.9201026954498,1504.79578443726,1273.18598362965,1241.79271393175,1299.21858253111,0.541131982987772,0.0258705082769311,-0.106785704836212,-0.824159332779407,0.446308187229049,0.187767718040428,0.0771652701471097
"89",151,"LONGLA","Lonchocarpus glaucifolius",1392,2142,1770,2040,648,1.74190901104463,NA,0.0271622021158041,NA,0.705886266029481,0.768205959164545,1113.5775248519,1201.88100088357,1175.31451846265,1244.44837065049,0.67508197760295,-0.144231496487457,-0.0925990800048707,-0.635463600654263,0.327649921327672,-0.112161451700184,-0.0332230882017906
"90",152,"LONHEP","Lonchocarpus heptaphyllus",5454,10893,15054,15077,9623,NA,NA,NA,NA,0.299803591167646,0.266954164143834,1255.2466967377,1126.84970330059,1088.62648720801,1169.54352801057,0.00230938441647591,-0.232960832129453,-0.070128420079423,0.04249884779792,-0.62161620588334,-0.175764364904213,-0.402973060555893
"91",153,"MAGPOR","Magnolia portoricensis",1143,1462,2002,1837,694,0.0550920893354143,NA,0.113125383662065,NA,0.111696595150224,0.120811311559511,1034.64621677798,1258.24932414805,1228.96303237015,1658.17008108947,-0.336979311776365,0.0923173914505975,-0.093603119179721,-0.549075710575002,-0.0283248763764576,-0.170257675364766,0.242026856253126
"92",155,"MAMAME","Mammea americana",2825,5794,6231,6122,3297,0.45874942427463,NA,0.730684254048294,NA,0.421080312825569,0.458256914066671,1420.56788615396,1255.9419878192,1145.90687791259,1266.09940825152,0.59109590658612,1.2697824008782,-0.0892139205627224,-0.880770428400116,0.208991655426295,8.8774409908859,-2.22379625640406
"93",156,"MANBID","Manilkara bidentata",1508,2837,3368,3188,1680,0.0275460446677071,NA,0.788232547085257,NA,0.745710243767556,1.16218381476659,1528.1967088022,1353.96514067039,1352.57681543206,1361.87987883419,0.874725487895853,0.183165224722546,-0.0789095298627023,-0.648736880027865,-0.384299674080587,-0.0015239525736487,-0.345552464516685
"94",157,"MANIND","Mangifera indica",1259,4394,8309,8125,6866,2.22119328055719,NA,3.35726255524111,NA,4.20460791165967,3.23493735268272,1497.16505738518,1129.17160362414,1098.7296542581,1244.20488318588,-0.614293310039681,-0.671821770456305,-0.0512712625925693,-0.205971222470013,0.327649921327672,1.84920848954077,-0.491017595233321
"95",158,"MARNOB","Margaritaria nobilis",3122,6433,6991,6818,3696,0.132954787984493,NA,0.12655510925861,NA,0.205457076613793,0.220180111471621,1365.64617847962,1140.33032171287,1127.52671510648,1188.28566033773,-0.856471327191048,0.134046237249088,-0.0942930607025053,0.207626349693968,-0.265641408179211,-0.1856573620557,0.204615592858017
"96",159,"MATDOM","Matayba domingensis",1946,3412,5617,5028,3082,0.453056771946213,NA,0.473990935487363,NA,0.163529231545989,0.148307868968796,1267.92945905406,1113.74549361648,1040.17058731466,1382.18287494704,0.28877965964802,0.112426317333383,-0.103149724753695,-0.939163511530593,1.51423258034144,-0.0704314309434098,0.853507976946711
"97",164,"MELHER","Meliosma herbertii",2739,6012,10075,9397,6658,0.19282231267395,NA,0.190135414810629,NA,0.19078410347032,0.576903209241708,1341.14541827385,1144.46892449902,1082.54540182417,1261.03106172619,-1.12433381198572,-0.0271886393880743,-0.0664403451347492,0.233367234569556,0.564966453130425,-0.227310133941538,0.675784599829497
"98",165,"MICGAR","Micropholis garciniifolia",1005,2524,3376,2872,1867,2.71834063167728,NA,1.44913500857789,NA,0.136274359621657,0.0296615737937593,1764.80763495717,1095.51988968897,1045.28397476867,1266.91124033297,-1.63645109380665,2.45096318823892,-0.101614946428898,-1.01859029555105,0.208991655426295,0.314659716980863,1.78928221275789
"99",166,"MICGUY","Micropholis guyanensis",2003,3550,5877,5293,3290,3.66722620764222,NA,3.006918825619,NA,2.17490894594024,2.24828968937931,1250.87902753442,1092.98989563457,1048.46426572423,1327.74342476888,0.450244604036122,0.80769241116546,-0.103329251974534,-0.970997496357412,1.15825778263731,-0.0456887651071744,0.925671542286033
"100",167,"MICIMP","Miconia impetiolaris",1882,5371,7107,6858,4976,1.71436296637692,NA,2.47913217162697,NA,4.17240663912451,1.10781657805618,1462.02872192984,1209.46058457496,1215.83350180138,1260.17680289165,0.417703065038809,-0.352865800601046,-0.0664727747457614,0.746307959716898,-1.27423666834091,-0.0673244346136266,-1.07624482233252
"101",168,"MICLAE","Miconia laevigata",5561,11598,16778,16601,11040,1.85209318971546,NA,2.61171929340064,NA,0.372855121883778,0.792911622081201,1284.45294725028,1140.63221359911,1100.67977093857,1182.51903392542,-1.13790975635944,0.109680539606819,-0.104677327056777,0.65109973875319,-1.45222406719298,-0.233781847808417,-0.379405642878027
"102",170,"MICPRA","Miconia prasina",2787,6982,10494,10163,7376,6.92862534194114,NA,22.728766184765,NA,20.7107346837688,19.3296208236644,1401.81886326607,1208.28315329982,1180.48751312036,1268.20974986443,-0.129500353300604,-0.794661075337628,-0.0980568483752002,0.209947784817366,-0.740274471784717,-0.186310695587584,-0.710301403806955
"103",171,"MICRAC","Miconia racemosa",2395,5840,9084,8398,6003,NA,NA,1.04170197684083,NA,1.3572627882103,0.768205959164545,1338.10890320619,1113.92091358298,1057.64375957026,1323.26889480499,-1.39901012074368,-0.791084389638902,-0.0892932697828593,1.16227413484113,-0.62161620588334,-0.186770324235242,-0.354103353507775
"104",173,"MICSIN","Miconia sintenisii",1585,2463,3834,3451,1866,NA,NA,NA,NA,NA,0.369272192685393,1210.23054425186,1063.69856959955,1049.76106309306,1273.08021618813,-1.40069398794447,1.37058100139117,-0.0948943206626255,-0.599391978875671,-0.953139752351078,-0.187011713365738,0.720256329618226
"105",174,"MICTET","Miconia tetrandra",2663,6434,10495,9770,7107,0.756918662984213,NA,2.33717618113078,NA,2.56898296214439,5.35998715200844,1430.46448795992,1140.7877774597,1094.09954545489,1257.31347990934,-0.13580268119982,-0.368936051121444,-0.0876328985207426,-0.117776966024959,0.683624719031802,-0.256786639563253,0.295209084694009
"106",176,"MYRCOR","Myrsine coriacea",2050,4430,7603,6977,4927,2.86455022953074,NA,5.27501132763882,NA,3.73247266757832,2.29966196661653,1285.37552001713,1159.75852467982,1064.61090410303,1206.8996144668,-0.180008427541014,0.148491237117846,-0.106583297423614,-0.419967883893815,0.208991655426295,-0.185862641746593,0.313388075949408
"107",177,"MYRDEF","Myrcia deflexa",2197,5256,7956,7278,5081,1.02861777982615,NA,1.35271969963337,NA,2.06943360714665,4.11636135624973,1400.28387481697,1187.07529513897,1125.84572825691,1187.19880959142,0.691926488658637,-0.00784472817133544,-0.0965521534078158,-0.379901422089299,0.327649921327672,-0.161302800353709,-0.00362265635291519
"108",181,"NECCOR","Nectandra coriacea",4049,8737,9846,10156,6107,1.1444946108254,NA,5.26605817724113,NA,5.55269838765724,5.02572398732214,1318.46974590145,1178.99390719259,1143.32148024544,1250.80759359295,0.187863176308118,-0.391141311487317,-0.103816323981405,-0.625008505870962,2.2261821757497,-0.0424946723303086,0.969534098555095
"109",185,"NEORES","Neolaugeria resinosa",2932,4808,4831,5084,2152,6.49831721706999,NA,7.27067072765379,NA,5.6351447661284,6.88160522917508,1489.49016535686,1398.12290656946,1440.35045167766,1487.68554580484,0.2272274306745,-0.697922673693689,-0.106341983187208,-0.358276825148439,0.683624719031802,-0.113497434903758,0.0037411755861992
"110",186,"OCHPYR","Ochroma pyramidale",3126,7735,13699,13076,9950,0.0275460446677071,NA,NA,NA,0.0817646157729944,0.0296615737937593,1337.41906109936,1137.18728695331,1079.4943413521,1201.41570106541,-2.932474772544,-0.26689748798601,-0.0749286680217465,1.14959751549518,1.39557431444006,-0.185756292027215,1.45605508719902
"111",187,"OCOFLO","Ocotea floribunda",5981,12192,17515,17353,11372,0.851021454557013,NA,1.23506128045682,NA,0.138951467074555,0.460108991397066,1264.96171480856,1143.50014254503,1089.69693342194,1167.14857321185,-1.47042159603577,-0.0464885486476366,-0.0866566991617191,0.219263338187595,0.564966453130425,0.0161993518232402,0.699933883374059
"112",188,"OCOLEU","Ocotea leucoxylon",3431,7126,12907,11994,8563,21.9434052805832,NA,17.12147847848,NA,19.5200367162208,15.8332661003876,1304.54475416139,1135.60985503209,1078.75671200751,1212.92679490791,-1.04565484754516,-0.302386906193732,-0.0756494979498441,-0.241518283376449,1.75154911214419,-0.174651402724671,1.1867347101197
"113",191,"ORMKRU","Ormosia krugii",2551,5953,9379,8656,6105,1.36285229276092,NA,0.836052713390513,NA,1.48663412877716,0.538238361056614,1385.57474379482,1106.34886389472,1065.74422925887,1312.27955986364,-0.950330611890515,-0.681876233889492,0.181126992724018,0.359384196628506,1.51423258034144,-0.0979806748006466,0.886484830588714
"114",197,"PETDOM","Petitia domingensis",3136,6055,8752,9288,6152,3.14663808114229,NA,2.57560398765796,NA,0.93998788614152,0.952357512026442,1328.54219983943,1167.59326537518,1160.79551102427,1216.60725991229,-0.452481069489872,2.09381118835264,-0.0957512090572703,-0.72705755103804,1.15825778263731,-0.185475578233041,1.82634984571369
"115",198,"PICACU","Pictetia aculeata",1419,3570,4564,5092,3673,11.7096736624923,NA,9.71994549408654,NA,10.7074540518033,12.7529737461055,1459.57943739514,1220.64026199101,1169.91638346814,1234.75179765833,1.72705344122784,0.0400232574680502,-0.106031382309094,-0.557131947089465,-0.62161620588334,0.259236358768243,-0.936172153943688
"116",199,"PICPEN","Picramnia pentandra",3665,8125,9369,9845,6180,0.342872593275385,NA,0.676359849816685,NA,1.3572627882103,1.02916308303819,1354.44889902053,1178.72992169013,1140.33117349319,1206.5177959167,1.67309909089273,-0.619254417160939,-0.0765125842538919,-0.223498291025349,-0.858932737686093,-0.173921794184748,-1.23568496931693
"117",200,"PIMRAC","Pimenta racemosa",2730,4568,4947,5242,2512,5.41277734056658,NA,1.88712355895387,NA,2.54770077127378,3.89756204891761,1481.15085383212,1252.87563033666,1278.21994874762,1360.60967806714,1.54631325745551,1.03007818190349,-0.105531111487721,-1.16472651673491,-0.858932737686093,-0.183553863536365,-0.3157457239173
"118",202,"PIPADU","Piper aduncum",4749,9391,14684,14124,9375,2.21983838382816,NA,1.35271969963337,NA,5.57905474424261,1.57990066606444,1266.8328120069,1109.16811100265,1071.06792167895,1185.57756250294,-0.77187646902544,-0.0988156637970128,-0.102149182626978,0.598710652062118,-0.97759100358747,-0.119341514383406,-0.381469916913688
"119",204,"PIPBLA","Piper blattarum",3213,6817,12690,11769,8556,NA,NA,NA,NA,NA,0.369272192685393,1366.83850986372,1174.46902511015,1116.84099896555,1278.6818909276,-1.28231278832021,-0.651949635693791,-0.100387447318649,1.76625034185263,-1.57088233309435,-0.260332838525668,-0.896005247323177
"120",205,"PISALB","Pisonia albida",958,1890,1692,2113,1155,0.812910433662307,NA,2.08340395368166,NA,1.75108822911154,1.90568411101448,1499.66892490548,1312.66067451951,1263.04903847225,1312.65295048729,-0.503133339382781,0.208599438725794,-0.104715236093694,-0.426099473115071,-1.45222406719298,-0.185756292027215,-0.401397542582496
"121",207,"PISSUB","Pisonia subcordata",5981,12192,17515,17353,11372,NA,NA,1.23404006028656,15.1365556362613,0.693145234673531,0.865507537230275,1264.96171480856,1143.50014254503,1089.69693342194,1167.14857321185,-0.923942965753821,-0.0600181012742335,-0.0799677859395641,-0.0341150968132772,0.208991655426295,-0.185286374662519,0.429587252483118
"122",210,"PLUALB","Plumeria alba",2061,4865,6718,7308,5247,0.0694484064247685,NA,0.0784572991021371,NA,0.078067512129856,0.424253089374562,1440.86622867877,1233.46157776635,1189.77998295177,1230.25843490975,-1.07014682109907,2.17708836860603,-0.0954662845994658,-1.227628195888,-0.740274471784717,-0.183802425089796,1.17595033513876
"123",211,"PLUOBT","Plumeria obtusa",835,1180,1225,1260,425,0.740837275886184,69.1987218461539,0.555477541834775,63.5403195354492,0.61186441629589,1.03516012330838,1297.60472788339,2061.77904825532,1961.02505449081,2361.15782669135,-0.858715748631844,-0.105056081575435,-0.0997779545781183,1.16922701196459,-1.39289493424229,-0.400368202695856,-0.56629266364251
"124",213,"POIFLO","Poitea florida",3616,6752,7588,8289,4673,0.0550920893354143,NA,2.87825928428523,NA,3.17508601589983,3.51184522320658,1424.9527938185,1281.89138052647,1250.95479438804,1281.40589888006,1.07823643750854,-0.462973095144168,-0.108617277747118,-0.200155869530769,-0.146983142277834,-0.184915387269338,-0.612746057413614
"125",214,"POUMUL","Pouteria multiflora",6279,12200,16078,16318,10039,2.51029233159852,NA,0.83933306251151,NA,0.163529231545989,0.148307868968796,1269.29480896454,1169.8211008471,1126.21337845906,1188.5118705825,0.769207354436534,-0.565521328262022,-0.0745666977960585,-0.478809316854249,-0.146983142277834,1.79158178113336,-1.11458605285908
"126",215,"PRUMYR","Prunus myrtifolia",2147,3316,2925,3253,1106,0.342872593275385,NA,NA,NA,NA,0.369272192685393,1136.82845277921,1255.66315413581,1222.99276762613,1340.58238641845,1.30400161485432,-0.868157012454238,-0.105537264188385,0.0288402319337205,-0.799603604735405,0.203470950193463,-1.36499352864522
"127",216,"PSESPU","Pseudolmedia spuria",1500,2300,1918,2200,700,0.0275460446677071,NA,1.46136850809659,NA,3.21737050501916,2.73321321776655,1117.87075871003,1211.48857637728,1184.47242010154,1228.47948764714,0.0332938703824935,-0.988464486151504,-0.101592611479667,0.403512479830105,0.446308187229049,0.0233124167751593,-0.341074641245507
"128",218,"PSYGRA","Psychotria grandis",2932,6856,11672,11245,8313,NA,NA,NA,NA,0.339315697052575,0.369272192685393,1309.34524596101,1111.61530642281,1073.24205452576,1187.71420142601,-2.02895520896713,-1.206238319453,-0.0694493272374619,0.749774079168161,0.208991655426295,-0.333184871446903,0.222999918058419
"129",219,"QUATUR","Quararibea turbinata",3485,6789,7785,7920,4435,3.11339938414617,NA,3.04361932417508,NA,3.39315697052575,4.43126631222471,1408.49823700572,1193.79339582237,1216.2974056142,1232.78519244566,-0.529004085651254,-0.953128150873363,-0.089115390270495,0.562752295171011,-0.62161620588334,0.391011220360959,-0.815326615595785
"130",220,"RANACU","Randia aculeata",3044,5857,5089,5727,2683,4.46956687524379,NA,5.5807977718796,NA,4.28201314239882,6.05851151528462,1427.32888249668,1292.91984224405,1227.31973558156,1276.54406919951,1.68013969940223,-0.496383887271498,-0.109147320162159,-0.0897131585743894,-1.03692013653816,0.0620842281604249,-1.38749965761064
"131",226,"ROYBOR","Roystonea borinquena",3009,7760,11342,11400,8391,0.849151949344879,NA,1.07245285719019,NA,1.71228392568539,2.31091324317545,1363.74733437356,1134.88543745808,1118.33654838979,1183.73400510325,0.312303018266136,1.70797156200801,12.4322568603075,-0.268539277235824,0.208991655426295,-0.145797239907715,7.78372093856905
"132",227,"SAMDOD","Samyda dodecandra",3303,5629,6110,6842,3539,NA,NA,NA,NA,NA,1.50427238909678,1385.25458029422,1255.66255270687,1187.86252728182,1263.46523318625,0.654407396002807,-0.321081312455199,-0.103939308876095,-0.238200517863464,-1.03692013653816,0.260159305736692,-0.993133935597372
"133",229,"SAPLAU","Sapium laurocerasus",3867,8045,11626,11025,7158,1.85209318971546,NA,0.135811010579021,NA,0.109019487697326,0.148307868968796,1298.32983749654,1130.1083984099,1080.11525361671,1210.28276411365,-1.21534528624724,0.220464953613363,-0.0947457862395112,1.85343886368224,1.03959951673593,-0.248710773541434,0.803800992904107
"134",232,"SCHFRU","Schaefferia frutescens",4193,8204,10149,10920,6727,NA,NA,0.965139733248886,NA,1.35744458349776,2.46729424642113,1355.58158726163,1275.38600231262,1238.15091052738,1301.61022047476,1.45552145122407,-0.108434063660641,-0.108448858954107,-0.364663632535077,-0.97759100358747,-0.182281772497641,-0.984920013422511
"135",234,"SCHOBO","Schoepfia obovata",2855,4457,3816,4277,1422,0.0275460446677071,NA,0.338179924908343,NA,0.339315697052575,0.369272192685393,1260.95096180984,1412.14164401362,1440.98959879484,1492.40377842896,-0.592405116554856,0.776895153987992,-0.109251011748689,-1.00247445965898,-1.21490753539022,0.203292383289919,-0.0285037600763537
"136",238,"SIDOBO","Sideroxylon obovatum",788,1284,905,1133,345,0.0275460446677071,NA,0.0271622021158041,NA,NA,1.982279055203,1600.38356566947,1686.29611012654,1490.73923249821,1603.26486433667,1.57605281660487,0.424005372627647,-0.10886296549524,-0.90898454330871,-0.740274471784717,0.241085345617525,-0.713674391785125
"137",239,"SIDSAL","Sideroxylon salicifolium",3347,5344,4406,5073,1726,0.137730223338536,NA,1.542855114444,NA,1.37761464107983,1.497747070144,1554.46905773174,1517.30551691768,1502.10581638191,1524.71999576478,0.892503715260968,-0.430778779012681,-0.105630186480346,-0.534870770723964,1.15825778263731,-0.178410741642236,0.188370780278776
"138",240,"SLOAMY","Sloanea amygdalina",2855,4457,3816,4277,1422,NA,NA,0.0271622021158041,NA,0.0272548719243315,0.0296615737937593,1260.95096180984,1412.14164401362,1440.98959879484,1492.40377842896,0.566801889752955,-1.14328864013922,-0.0864152382570715,-0.089496241947701,-0.384299674080587,0.0124826166982477,-0.933356923283489
"139",241,"SLOBER","Sloanea berteriana",1793,3087,4914,4423,2630,2.27760391699397,NA,2.89557481407737,NA,1.57530176360495,1.00549854951462,1191.56211429337,1088.80327615758,1099.55150458088,1297.96734250877,0.652349603643097,-0.582122640965297,-0.0633585009388376,-0.364544514152045,0.920941250834555,-0.130132915542979,0.0623480965474234
"140",243,"SPACAM","Spathodea campanulata",4140,8869,13796,13545,9405,97.5505936777076,NA,83.2630441898428,NA,74.6073718260023,53.6618776649752,1293.43107198034,1124.95349076635,1105.31140690112,1207.12068149113,-1.97472827741092,-0.530184992000293,0.0166522135957885,1.29983783715545,-1.21490753539022,-0.186399336842061,-0.306565167440681
"141",246,"SWIMAC","Swietenia macrophylla",6473,13079,18105,18149,11676,0.0826381340031214,NA,0.588728263552105,NA,0.541738568335562,0.489770565190825,1276.59219883041,1163.93828971052,1111.0240998684,1181.21222752328,-0.933679823821986,-1.17140536817062,0.0484053424071112,1.38036849716768,0.327649921327672,-0.117024694317259,-0.176070907537859
"142",247,"SYMMAR","Symplocos martinicensis",4207,7063,7301,7794,3587,0.590786995284749,NA,0.0814866063474123,NA,0.109019487697326,0.118646295175037,1481.31346497899,1322.92007694496,1325.48668082997,1394.57160161429,-0.119743513592628,-0.797666485811461,-0.0743233403468907,0.098142306038021,-0.0283248763764576,0.11077029879042,-0.411959117897208
"143",248,"SYZJAM","Syzygium jambos",2821,7120,12345,11769,8948,33.8721600116127,NA,23.1711287313088,NA,24.3609394533451,18.2880741939798,1354.05998569035,1113.79025855529,1079.18392613282,1226.52034507236,-0.265402619129241,0.165274696685393,-0.101824739900542,-0.711079634237825,0.327649921327672,-0.0213099468766226,0.406996935244015
"144",252,"TABHET","Tabebuia heterophylla",2134,4637,4728,4768,2634,35.501274416541,159.737720769231,40.6210952527908,156.890034394315,41.9616303738903,44.6881790712833,1468.57396960623,1219.91184709085,1234.40588161258,1273.81619941313,0.572690866202536,0.864730033644066,-0.080010237911609,-0.317196864095366,-0.384299674080587,-0.185781024520093,0.071924988280025
"145",254,"TABSCH","Tabebuia schumanniana",1505,2909,5026,4534,3029,NA,NA,0.338179924908343,NA,0.67863139410515,0.738544385370785,1318.62748055858,1173.460347516,1143.10863556347,1354.55554824681,0.319866970510729,1.65534918667512,-0.0860529449130063,-0.920780877260701,0.564966453130425,-0.185196101063512,1.0934776823421
"146",255,"TAMIND","Tamarindus indica",1449,3498,4638,5171,3722,0.88318422875307,NA,0.0271622021158041,NA,0.0817646157729944,0.0985603391442258,1511.22320060532,1229.16389394135,1223.34521816174,1288.11548733559,0.721622144725554,-0.777830779241495,-0.106707424044087,0.68625174474449,-0.502957939981964,-0.107131697165772,-0.975969052107625
"147",259,"TETBAL","Tetragastris balsamifera",3787,8250,12819,12654,8867,0.0664773939922465,NA,4.31754762053946,NA,4.31110953089616,0.827529106752063,1344.06399677668,1218.33721000948,1178.50875648037,1228.01604721536,-0.753464063415075,-0.7842787503028,0.0153473421533201,-0.186571725409219,-0.265641408179211,0.335795124746136,-0.287759306067573
"148",260,"TETELA","Tetrazygia elaeagnoides",2627,5918,5827,6055,3428,10.1734315402977,NA,9.30722327431924,NA,11.8043747447308,11.3098765819266,1547.29238551512,1194.99064928971,1209.60548507162,1209.69318675155,0.394137431262519,0.785820311977354,-0.107319211616781,-0.423018084714068,-0.146983142277834,-0.160104907486825,0.212743081825533
"149",263,"THOSTR","Thouinia striata",2499,3998,3334,3780,1281,14.5317517359702,NA,8.47837997570337,NA,10.1366632320915,10.0644938997446,1214.34122706096,1310.11903299971,1319.64823369622,1375.72704296191,1.36709073999137,-0.563472185383056,-0.0864484374863734,-0.0511558121694823,0.802282984933178,-0.185863581581323,-0.279168818260587
"150",265,"TRIPAL","Trichilia pallida",3636,8035,11903,11370,7734,11.1960526719891,NA,7.49428275221515,NA,6.13493741887068,3.01350068907066,1299.29084748672,1127.05321878591,1080.26006077346,1236.91211562666,0.0706168038172865,-0.408438564370246,-0.0895617903560708,0.541232011375908,-0.740274471784717,-0.181697343690917,-0.652586146032239
"151",266,"TUROCC","Turpinia occidentalis",2826,6054,10058,9451,6625,0.204207617330782,NA,0.398177130416651,NA,0.370375979733696,0.339267410038192,1274.63119560036,1143.22725791863,1091.88403335355,1243.30719093493,-0.994668338799728,-0.319533070994009,-0.0674685363718137,-0.206804393684047,1.39557431444006,-0.182071150588286,0.979878275422046
"152",267,"UREBAC","Urera baccifera",3803,6355,10915,10900,7097,4.80021630585539,NA,1.35271969963337,NA,1.79719675975648,3.48655144429978,1207.98933860334,1194.25538510219,1141.8197145736,1243.78533453883,-1.76913504874441,-0.840561883498458,-0.0791081032834114,6.6369381747514,-1.3335658012916,-1.05982877532461,-1.18004881197806
"153",268,"VITDIV","Vitex divaricata",2797,6700,11602,11205,8408,0.110184178670829,NA,0.419666531255755,NA,0.421080312825569,0.458256914066671,1337.9177975783,1127.72578843623,1087.74486641191,1215.85196407763,-0.187222647390024,-0.686466314017063,-0.086464115956085,-0.103068933371254,1.63289084624281,-0.224987338830317,0.646340205712184
"154",270,"ZANMAR","Zanthoxylum martinicense",3302,8109,10571,10704,7402,4.59716576295554,NA,4.75040997524841,NA,5.38157020196865,4.33057881902308,1365.67663732679,1142.19218481725,1097.32651140944,1168.61980930424,-0.670906614640815,-0.367346412377395,-0.0331270857871896,1.37833688689145,2.10752390984832,-0.185119380870602,0.988807099224287
"155",271,"ZANMON","Zanthoxylum monophyllum",911,3644,5290,5633,4722,3.53903727863088,NA,3.50597939343427,NA,3.85255800479582,3.1953422674389,1616.63761688081,1266.07288154736,1216.61937356892,1379.07070334551,0.617587038963736,-0.408438564370246,-0.105576731567325,0.0131129105167077,-1.09624926948885,0.446061702830052,-1.14881118730189
