"","X","SCIENTIFIC_NAME","CODE","tpa_2004","tpa_2008","tpa_2009","tpa_2013","tpa_2014","tpa_2019","fcover_51","fcover_77","fcover_91","fcover_00","tot_change","AI_51","AI_77","AI_91","AI_00","WD","THK","LA.wp","SLA.wp","MAXHT","seed_mass","PC1","PC2"
"1",1,"Adenanthera pavonina","ADEPAV",6.57343269140286,NA,5.42580750113059,NA,6.37425858513594,6.67707804616547,2338,3974,3399,3764,1426,95.5617760651048,94.4168197356896,94.9469690119951,94.6179654840461,-0.463149552436991,-0.954221027141051,0.146089311664512,0.134589106710896,-1.03692013653816,-0.156938032511044,-0.520374838840706,-0.673224628474352
"2",2,"Adelia ricinella","ADERIC",0.109412124750511,NA,2.86913647002438,NA,3.68917000291826,4.58579283232383,1717,4397,3878,4561,2844,95.8690029632839,91.7284330947312,92.1229843233555,91.2524556299832,0.749580749079947,-1.10940947190655,-0.10518610525933,-0.0350384673630577,-1.3335658012916,0.428092784718839,0.355990210035774,-1.61254272017852
"3",5,"Alchornea latifolia","ALCLAT",7.15182027651186,NA,3.44771554647551,NA,4.25381405060263,4.25273591246169,2783,6350,9999,9313,6530,94.2866438193901,91.3527334169915,89.1989973832486,88.7460336098636,-1.43900502618608,-0.690046426538957,-0.0729148393198146,0.310973142303816,1.39557431444006,-0.181806134457923,-1.65781769660926,0.870195571973562
"4",6,"Allophylus crassinervis","ALLCRA",NA,NA,NA,NA,NA,1.47708877074157,3915,7540,11343,11617,7702,91.7110920460824,89.2898224858024,87.8431739680532,86.2726197644923,1.11226257560247,-0.415159753760782,-0.106800214812163,-0.307332043078405,-0.858932737686093,0.117423084763963,0.812591684259838,-1.02494255490432
"5",7,"Allophylus racemosus","ALLRAC",NA,NA,NA,NA,0.0272548719243315,0.0593231475875186,2513,4023,3363,3813,1300,95.5333650662174,94.857864814463,95.6016424354278,95.032810412948,0.00915802787092177,-0.444284909097889,-0.0613399274067978,1.3791432568089,-0.858932737686093,-0.18372719533332,-0.887387054640819,-0.813629372215453
"6",9,"Amyris elemifera","AMYELE",7.54319705205847,17.5311437692308,9.4690378974336,17.5610360296756,10.6173497033184,14.486922872619,2757,4467,3824,4337,1580,95.1162249317918,94.199537835335,94.9101204375579,94.1847731001806,1.27995620127449,-0.234412904127052,-0.10445269621607,-0.897087386356494,-0.858932737686093,-0.178179171525175,1.25963483332223,-0.798465911844609
"7",11,"Andira inermis","ANDINE",22.0621297567852,NA,21.6664524893442,NA,18.517430133411,17.5742380644596,3049,7268,10933,10904,7855,91.8574403527356,87.0367908762098,84.7998979570302,83.8211091293486,0.305907226034734,-0.861189924895294,-0.0301272095117994,0.664931151664166,1.51423258034144,-0.0875560280792507,-1.08123277275275,0.216264197244739
"8",12,"Ardisia obovata","ARDOBO",12.0816224317576,NA,16.113078199024,NA,17.8417313469806,21.5674816872549,2958,4803,4070,4570,1612,94.6478897780258,93.201628942614,93.9030998968506,93.42227655059,0.680709208702292,1.44075198107366,-0.0995723100972377,-0.942377771740248,-0.384299674080587,-0.0738968080568306,1.66975852100192,0.36240960291099
"9",13,"Artocarpus altilis","ARTALT",0.723724247637549,NA,1.12080170922238,NA,1.66200009343863,2.16978684106696,991,3550,6452,6533,5542,96.1731915551874,92.2623797757693,90.1124943410518,89.4524341313893,-1.34463012473925,0.379088153206095,0.0380870180059945,0.759889727991123,0.0903333895249189,0.547326614624578,-0.828512603689026,0.378627672094229
"10",15,"Bourreria virgata","BOUVIR",1.02861777982615,NA,0.676359849816685,NA,1.01794709115772,1.87602253722072,2866,4675,3938,4533,1667,94.8813581531316,93.5016159519971,94.1472833945049,93.3152329712411,0.674486615176817,0.404224310313679,-0.107905463893546,-0.821838286702707,-0.0283248763764576,-0.183415946169353,0.985023037504703,0.0988542076173913
"11",16,"Bucida buceras","BUCBUC",12.2881433502025,NA,2.5041914380205,NA,2.28472492158511,3.36510234465691,4408,9358,11981,12715,8307,90.8030431425447,86.0293690476007,85.5299475143194,84.0556030876247,1.41603783835521,-0.0147571714742802,-0.107872283528741,-0.669445231923314,1.15825778263731,-0.181308772418986,0.757581118696364,0.251575901897908
"12",17,"Bursera simaruba","BURSIM",7.90919291419177,54.4395300769231,11.7070276575133,47.2589134512543,9.86501932595323,9.3485486020213,2401,4125,3123,3803,1402,94.858730157727,92.5295042824624,93.6461210148585,92.6627120198496,-1.5593631759034,-0.409113296409503,-0.0893161836864425,-0.0640816482551542,0.683624719031802,-0.171485872149968,-1.1662907932378,0.717493640134831
"13",19,"Byrsonima spicata","BYRSPI",1.01629772256326,NA,1.19691826521581,NA,0.865189585973567,0.695549504416745,897,2727,3543,3115,2218,97.413673160707,94.2212205019727,93.4107876454627,93.5021690122411,-0.0444035631259605,-0.837829692337445,-0.105795544268656,1.05645224452962,1.51423258034144,-0.172604936737578,-1.51930072757728,0.267161784517615
"14",20,"Byrsonima wadsworthii","BYRWAD",0.397964682610799,NA,0.365342127024147,NA,0.366570568976906,0.398933766479152,1519,2349,3494,3160,1641,97.0958886778267,96.7998934512075,95.9654047947517,95.7297984230707,-0.550101175775005,0.362148569581551,-0.104390379991342,-0.725415605125239,0.446308187229049,0.169992788869947,0.270503163085057,0.585535839122212
"15",21,"Calophyllum antillanum","CALANT",5.09659539226568,NA,9.89653826266934,NA,4.57221003863783,7.36921077798143,3321,6747,7187,7131,3810,93.7219942449718,90.1717448719947,89.5840178463029,89.3468346491013,-0.0835516370638912,0.339198165009342,-0.094901898619425,-0.0993970008816585,2.34484044165107,-0.0616932020544962,-0.460697346901767,1.38283313821442
"16",23,"Canella winterana","CANWIN",1.85670991924381,11.9960469230769,1.40865604826766,9.36016295122047,1.01794709115772,1.50427238909678,1133,2916,2889,3478,2345,97.1507174725655,94.7722571579187,94.7660752689426,93.9615020028481,1.37835643373696,0.579958831075599,-0.105370755343822,-0.578903337434923,-0.97759100358747,0.215565911957855,1.63623759576063,-0.719101333206022
"17",25,"Casearia arborea","CASARB",8.43852067001015,NA,9.3937731806635,NA,7.3385682514542,5.98574970044416,2340,5009,8489,7719,5379,94.6872570178641,92.4409462057134,90.4019613357342,89.9179112857513,-0.111540160179111,-0.66654615848512,-0.106205532103584,0.494930648347592,1.51423258034144,-0.185828549947831,-1.12902482490043,0.459922355615226
"18",26,"Casearia decandra","CASDEC",3.18713481294596,NA,2.73260160138255,NA,2.47377297405656,2.4430930640387,3133,7242,7805,7809,4676,93.4701496003272,89.4851308350426,88.5195215079397,88.4652929944626,0.536747926425505,-1.24481685534166,-0.107160140759521,1.59506397964658,-0.62161620588334,-0.175079312881292,-1.19031005797143,-1.28561890807802
"19",27,"Castilla elastica","CASELA",NA,NA,0.0543244042316082,NA,0.0817646157729944,0.0593231475875186,6488,13158,18218,18296,11808,87.5756599686912,82.8600688994568,82.1306241847266,80.0920139805771,-2.22461575384281,-0.574992923893435,-0.0237121265269851,1.67246679114905,-1.57088233309435,-0.115385920968003,-2.04215050781512,-0.554967126153071
"20",28,"Casearia guianensis","CASGUI",54.3141454461815,NA,52.8020587484159,NA,44.3280959441179,43.7276751693671,3228,7626,8512,8584,5356,92.9695291033949,88.7239334833488,87.4988794422475,87.3729082522237,0.695809110633169,-0.997717506726097,-0.100980765502226,0.680883294256515,-0.0283248763764576,0.0318643119636612,-0.522907917872925,-0.847364536089933
"21",29,"Casearia sylvestris","CASSYL",43.5235172305948,NA,51.4127955894395,NA,42.8959157877149,33.997881799325,4694,9975,15658,15136,10442,90.0070978292242,86.2041728556669,84.0120427839124,82.8813172288227,-0.062287831668687,-0.808868468784747,-0.0977451652623892,0.114122028292026,-0.384299674080587,-0.18566069025969,-0.434702274667197,-0.527177871161802
"22",30,"Cecropia schreberiana","CECSCH",14.5279955470865,NA,10.0260154021285,NA,11.766581216735,9.33493877430232,3153,6757,12570,11881,8728,92.8822612189354,90.4992626661461,88.2445261429732,87.1552777963463,-2.17912975246746,0.173384533379049,0.253034959686771,0.0850548566397207,1.15825778263731,-0.185959107483052,-1.40673855977611,1.59551488205257
"23",32,"Ceiba pentandra","CEIPEN",NA,NA,0.421278475658432,NA,0.400109993808109,0.42611738483436,3298,6479,7723,8358,5060,92.6972124196189,88.5769243795469,88.3289419907471,87.0251365484371,-2.15738165090939,-2.37026516268531,-0.0344682484334654,2.75156249563676,2.34484044165107,-0.178697621714563,-4.55808622727901,0.471594567683945
"24",34,"Chionanthus domingensis","CHIDOM",0.370418637943092,NA,0.419666531255755,NA,0.733141137953813,1.50675034453533,4239,8077,10145,9935,5696,92.2063861151505,89.2446956703233,88.0352263598988,87.2725299868995,1.00179083253732,-0.358056962626666,-0.0931732528450739,-0.020545857092441,0.920941250834555,-0.129129149213144,0.0663469822676666,-0.00174073287977326
"25",35,"Chrysophyllum argenteum","CHRARG",NA,NA,1.07047612335931,NA,1.01794709115772,0.912915603971226,3399,7116,7767,7667,4268,93.3836109534342,89.7677816621278,88.9235877171868,88.8300357237333,0.593375537541594,-0.453059145231096,-0.099849890040677,0.554193232508444,1.03959951673593,-0.156627181236708,-0.579198344099067,0.0646904393818318
"26",39,"Cinnamomum elongatum","CINELO",5.34420991825536,NA,3.3572757897304,NA,3.6186720986814,2.97067960329782,4070,9205,14452,14087,10017,90.4511767349718,85.8166432972008,83.6598602698666,82.3348417260208,-0.57423748179279,-1.11460362593108,-0.104208034102716,0.601536130870474,2.10752390984832,-0.224955890938927,-1.80245097237732,0.713427408453992
"27",40,"Cinnamomum montanum","CINMON",0.425510727278506,NA,0.0904397567451089,NA,0.456366507108594,0.555901700985842,3404,7821,10104,9897,6493,92.6304730145846,88.8820718107166,86.684099460696,86.5242558058053,-1.01836476046342,-0.880087578950256,-0.105100687528772,0.20183309390077,0.802282984933178,-0.101443975899921,-1.28953199798115,0.314387171495181
"28",42,"Citharexylum spinosum","CITSPI",NA,NA,NA,NA,0.089795938131688,0.127306360712931,3078,7643,9360,9652,6574,92.2510884841615,87.1054751428964,85.5798002603282,84.7993702603983,-0.0473913807029354,0.758134109589439,-0.10158989580015,0.365531522951682,0.446308187229049,-0.1769449551915,-0.0727038010232875,0.548201157857878
"29",43,"Clusia rosea","CLUROS",2.92724433144926,NA,4.09858159889471,NA,4.0888446438996,4.47041789464509,2892,4496,4029,4495,1603,94.7513565691784,93.9651403801428,93.9727036423841,93.6638415438476,0.422316947200249,5.89866029544824,-0.0872495934674086,-1.56483757403564,1.15825778263731,-0.184618617315708,3.55583909570398,3.37483062875398
"30",45,"Coccoloba krugii","COCKRU",3.77159852602923,NA,5.07269887362514,NA,4.75041975873605,5.53908289028089,654,1071,806,979,325,98.5550774948934,97.8533285152638,98.2394341652691,97.8566733948218,0.673812462346915,1.28326120883541,-0.107572654710907,-1.12636515532066,-1.27423666834091,-0.183179699200857,1.90847383729225,-0.0978984931741211
"31",46,"Coccoloba microstachya","COCMIC",5.49895628129799,441.373315076923,10.7015373447878,560.541948423515,11.1956132142913,14.6477286139294,952,1734,1613,1856,904,98.0694241749054,96.9028761863591,97.0727689204685,96.4983478486905,0.747497622148913,0.791758273589159,-0.108340160063609,-0.979343223008479,-0.740274471784717,-0.18143311292872,1.48661908901641,-0.0925508427345549
"32",47,"Coccoloba pyrifolia","COCPYR",NA,NA,NA,NA,0.400109993808109,0.42611738483436,1841,2623,3469,3251,1410,97.146116722693,97.0640035374105,96.7514623373724,96.4350829639468,-0.0619562551506343,0.370071922768185,-0.101145132831761,-0.76971393596539,-0.97759100358747,-0.180612465564473,0.817606880453612,-0.167031306296998
"33",48,"Coccoloba rugosa","COCRUG",NA,NA,4.72939528251154,NA,4.47426146260533,5.55038135456841,1571,4510,6006,5501,3930,96.639046159745,93.0533481927926,91.2135386078513,91.4140630879023,0.435469597350807,1.2963392968387,0.174987927381609,-1.41095341139379,-0.0283248763764576,-0.225769169343568,1.65006829492205,0.842077726706865
"34",49,"Coccoloba sintenisii","COCSIN",0.342872593275385,NA,0.0271622021158041,NA,1.72383335718721,1.84636096342696,332,420,433,445,113,99.1414251454246,99.0908369204642,99.1425817360076,99.0957772087742,0.102157689424934,1.37681142659522,-0.0796419242548518,-1.18957544753242,-0.97759100358747,-0.178833152870174,1.62920221539403,0.30735346366424
"35",50,"Coccoloba uvifera","COCUVI",NA,NA,0.0879838142030917,NA,0.0987706338156028,0.104231284753209,5936,11782,15656,15872,9936,88.4017635020437,83.9038703202839,82.8933716330125,81.1090809929722,0.303796995295243,2.08911182069666,-0.0642147553123307,-1.01352047806875,-0.97759100358747,-0.107450509636754,1.97341508022953,0.514515663059614
"36",52,"Coffea arabica","COFARA",11.0690860390294,NA,12.3422863426032,NA,5.08973545578862,2.58490534879775,2524,6206,11495,11229,8705,93.2226837439434,90.1653397420081,88.5619609602316,87.0269006983841,-0.101649406743054,-0.279042000899207,-0.0967519797659374,0.449944134108374,-0.97759100358747,-0.162620393805906,-0.254626933995722,-0.642930608211376
"37",53,"Cojoba arborea","COJARB",1.26598474124021,NA,0.365342127024147,NA,0.366570568976906,0.398933766479152,3669,5750,4820,5505,1836,93.7412422057799,92.0898963479821,92.9378579971477,92.1332712892261,-0.646603519868885,-1.04165113642478,-0.0761536736617918,-0.875967165909394,-1.27423666834091,-0.0803442785146557,0.0446610689672759,-0.762879596452159
"38",54,"Colubrina arborescens","COLARB",1.71436296637692,NA,1.57646509417051,NA,0.745710243767556,0.792911622081201,2250,3615,3189,3656,1406,95.8560830495501,94.8480121525971,95.1105217950747,94.3566785849079,1.04822033472521,-0.0198117248270789,-0.097810264247555,-0.747587163144072,-0.265641408179211,-0.184159278604647,0.992810159034689,-0.34069194027317
"39",55,"Comocladia dodonaea","COMDOD",0.866563438508563,20.1829605384615,0.676359849816685,25.9937670826838,0.67863139410515,0.738544385370785,857,1519,1107,1397,540,98.2260312659928,97.0107035526428,97.6662051253809,97.0195956532857,0.864979766684486,-0.424613134312331,-0.102291023032675,-0.957403001067079,-1.03692013653816,1.33440994976329,1.49330272209129,-1.36567098366885
"40",56,"Comocladia glabra","COMGLA",0.342872593275385,NA,0.338179924908343,NA,1.01794709115772,1.47708877074157,1822,2864,2457,2753,931,96.5694358627323,96.5324767775453,96.9162448629392,96.6339038055444,0.434476269620318,-1.20929837319925,-0.106568623360607,1.00951896995783,-0.858932737686093,0.997248754091825,-0.453821653802787,-1.6807998996597
"41",58,"Cordia alliodora","CORALL",2.81456407554947,NA,5.23113434933842,NA,4.48707237991469,3.16185681331308,2338,6106,11167,10795,8457,93.561052620954,90.0762514011926,88.4446899953485,87.0801063000436,-0.615072548772193,-0.335215846566455,-0.100954615703938,-0.0130327785343078,-1.21490753539022,-0.181930474967658,-0.194768170929475,-0.542807065525168
"42",59,"Cordia borinquensis","CORBOR",3.30622169682012,NA,1.74522402877332,NA,1.07245683500639,1.1671397256437,2363,5732,8701,7929,5566,95.229557728868,92.1596186071183,89.9240663038534,89.6908325547932,-0.0821837341352817,0.564877137401201,-0.0825457901916283,0.327175676654715,-0.502957939981964,-0.178379310009643,0.0941670185411631,0.00404314157751989
"43",61,"Cordia laevigata","CORLAE",2.32769667679263,NA,NA,NA,NA,0.148307868968796,4401,9126,11534,12164,7763,90.7179176991775,85.8198903850191,84.8069401055259,83.6800088419583,-1.15559848745776,-0.601221957268707,-0.10008077234959,-0.0759015606919601,-1.27423666834091,-0.180107543622544,-0.534303717163724,-0.504986637943533
"44",63,"Cordia sulcata","CORSUL",2.75534065850853,NA,6.3132635276409,NA,6.5182576728215,6.25919891374142,1960,4609,9058,8327,6367,94.6303768853106,92.2146162917679,89.6798002659513,89.0415350840569,-0.707327214528339,1.40311331832276,-0.00183338947496491,-0.547784340428079,1.15825778263731,-0.17590060681619,0.281556658348805,1.61850814900298
"45",66,"Croton poecilanthus","CROPOE",1.2214400925001,NA,1.09602638107244,NA,0.705886266029481,0.0296615737937593,587,788,840,797,210,99.2514497427933,99.1577160981986,99.1710441231432,99.1386737714052,-0.579397425146293,3.21641380343751,-0.0849230145914054,0.0184332001750329,-0.265641408179211,0.19010586688528,1.31137598629174,1.39018059149984
"46",67,"Crossopetalum rhacoma","CRORHA",3.77159852602923,NA,4.39633902380845,14.4409817126021,4.41110406168347,6.27762727565168,637,1120,781,960,323,98.5499499469221,97.7899902738256,98.3433673835409,98.0045033276027,1.43905555691458,1.75053871834467,-0.109479204351559,-1.19806412955548,-1.3335658012916,-0.183562518762227,2.56919178776017,-0.15983994714353
"47",68,"Cupania americana","CUPAME",3.72596041885737,NA,4.98339888264224,NA,4.00913866943157,4.49292827137791,3876,8075,11797,11862,7986,91.5309856548333,87.9653270373072,86.2115831991357,85.5899616588037,-1.02998322765755,0.28587194134585,-0.0446420322592983,-0.0783990435211678,0.208991655426295,-0.161459053444987,-0.43890729326117,0.634764426915638
"48",70,"Cyrilla racemiflora","CYRRAC",0.137730223338536,NA,0.0271622021158041,NA,0.0272548719243315,0.0296615737937593,719,799,836,815,96,99.0045685289945,98.983543890735,98.9944991558966,98.9919326555696,-0.587175551176585,0.671541871356851,-0.105789860457291,-0.858370791890738,-0.265641408179211,0.0940078458862861,0.642314133465406,0.418571485420662
"49",71,"Dacryodes excelsa","DACEXC",0.673425129287871,NA,1.14420580538688,NA,1.15092587717855,1.09417033184182,2053,4248,6844,6184,4131,95.7515743606884,93.5044572447458,91.4924733606589,91.2696463591526,-0.998952148012052,-0.304211784938611,-0.000249148982020566,-0.155202246310007,1.51423258034144,0.0611639253987689,-0.923473945862877,0.987600771807769
"50",74,"Dendropanax arboreus","DENARB",8.20034259055233,NA,9.04711781541694,NA,9.9497478359282,8.42294278858191,4433,8581,13941,13392,8959,90.5909475262055,88.0534583779962,85.8101369065165,84.7180180096109,-1.24376489840353,-0.314211803784312,-0.0955574860222728,1.00142876833544,1.75154911214419,-0.185038987711018,-1.91001322342746,1.03472236166282
"51",75,"Drypetes glauca","DRYGLA",0.425510727278506,NA,0.338179924908343,NA,0.0272548719243315,0.0296615737937593,1500,2149,2580,2400,900,97.7794315210979,97.515340134877,97.2449193576922,97.2264364835879,0.0579131272646219,-0.316199797934946,-0.0983591726558422,-0.0169393194948229,0.208991655426295,0.203117319329382,-0.105871418789183,-0.160097161509131
"52",76,"Erithalis fruticosa","ERIFRU",1.37149037310154,NA,0.676359849816685,NA,0.708563373482379,0.0318265901782327,1723,2890,2311,2749,1026,96.2399026246324,94.5179256074003,95.1030477826867,94.3388820736261,1.91570224498709,2.49063460137885,-0.107276358062764,-1.25421345309933,-1.39289493424229,0.152070619548246,3.3011252311874,-0.124999695865367
"53",77,"Erythroxylum areolatum","ERYARE",NA,0.462926615384615,0.788232547085257,NA,2.23352328584869,2.41520442824486,676,1129,719,952,276,98.5226246092747,97.623730226452,98.2562039329739,97.7185473378811,1.38954818128396,-0.354110465266568,-0.107193709705539,-0.336048627146725,-0.858932737686093,0.780221901549103,1.19331321396963,-1.31988207780149
"54",78,"Erythrina poeppigiana","ERYPOE",1.89486522178798,NA,2.93960639121031,NA,2.66281376957495,1.46135664747321,3736,7137,11951,11916,8180,91.1362555280058,88.6597056148964,87.6015715761233,86.2234932701169,-2.03336277999096,-1.23181162667423,-0.00586306697105447,3.23733007081568,1.03959951673593,-0.155570286903966,-3.91810862284497,0.200690312832491
"55",80,"Erythroxylum rufum","ERYRUF",0.414046069708828,NA,0.394116273542628,NA,0.712170818936353,1.1893674331218,1156,1727,1457,1692,536,96.7662855981956,95.3256928368927,95.8805607597857,95.3210410669325,1.50416359641456,-0.538490853011744,-0.101727613447161,0.352790682374181,-1.45222406719298,0.756027411660081,0.886900486459644,-1.84232111243172
"56",81,"Eugenia biflora","EUGBIF",8.31081099693297,NA,8.88967512975916,NA,9.90642069030774,11.7475286084209,3606,8426,9539,9872,6266,92.1579362440559,87.3275450880142,86.2459110949574,85.6720078107481,0.681821425776528,0.0116631148298126,-0.108647001515071,-0.548547097450041,0.327649921327672,-0.173858289075701,0.546393359376768,0.0559957883955568
"57",82,"Eugenia borinquensis","EUGBOR",1.79700110038005,NA,1.37988190174918,NA,1.04520196308206,1.47708877074157,1366,2827,3546,3170,1804,97.5931782425863,95.9633503438424,95.103918070966,95.1906567977147,-1.23347376038679,2.71863525722817,-0.088647282283914,-1.15899526335736,-0.0801137818786226,-0.303456875829009,1.28850879457639,1.83892655062182
"58",84,"Eugenia domingensis","EUGDOM",NA,NA,NA,NA,NA,1.10781657805618,3463,7306,7923,7712,4249,93.5283245953714,89.84168657867,89.1731183972298,89.0578519238608,-0.679829273172442,-0.0200849431563093,-0.101396015208593,-0.619668411779636,0.564966453130425,-0.182817022802064,-0.172429826487726,0.628324304325962
"59",85,"Eugenia ligustrina","EUGLIG",NA,NA,2.9004106472854,NA,1.79719675975648,3.09009563325918,1940,3379,2872,3467,1527,95.6673872598593,93.4457285439133,94.0103714253125,92.9427198605493,1.88299262280974,0.116579247347315,-0.109231219476461,-0.783956965987571,-1.45222406719298,0.180487860153851,1.91617210299561,-1.29163472284026
"60",86,"Eugenia monticola","EUGMON",12.4684208613633,NA,23.3921089548511,NA,23.5925846721111,20.2899086281652,4300,9811,10679,11178,6878,91.2735417816767,86.3983433052296,85.7530963465203,84.9202103662699,0.980780112839683,-0.479859368259043,-0.109554255417641,-0.46223224355285,0.446308187229049,-0.123106272646386,0.398837544061803,-0.233124185885584
"61",87,"Eugenia pseudopsidium","EUGPSE",0.0550920893354143,NA,3.82929003815771,NA,1.76365733492528,1.90072820013738,2925,6105,6138,6286,3361,93.9739732057585,90.3233919273881,90.2011256883593,89.8405085620752,1.2825607557381,-0.334162711218189,-0.104476068901637,-0.479353274502585,-0.740274471784717,0.0331078623147722,0.98655247865692,-0.925000601327549
"62",88,"Eugenia rhombea","EUGRHO",5.24640767912475,NA,4.10832557346845,NA,7.3776925091827,6.85886467098648,1802,4564,6465,6991,5189,95.3183401551348,92.1289367739173,91.4632325491255,90.2371859726073,1.43985735483365,0.44586289994858,-0.108415755148167,-1.04473261005665,-1.09624926948885,0.117959185393642,1.89627492143264,-0.752489352927216
"63",89,"Eugenia stahlii","EUGSTA",0.101281473467492,NA,0.13775168299905,NA,0.0272548719243315,0.0296615737937593,1976,3500,5775,5184,3208,96.4619824008201,95.554167177499,94.4558188121311,93.9629539387945,0.249146147739234,1.33218564156635,-0.0998282556472332,-0.749657203192261,0.920941250834555,-0.318982024250715,0.868048918543918,1.18043028821128
"64",90,"Exostema caribaeum","EXOCAR",10.6565964362046,14.4164003846154,6.987343892704,17.5610360296756,8.77217814398146,11.5858340204618,913,1877,1354,1823,910,97.9360117986045,96.2956215437909,97.0847386547658,96.2639510970055,1.40797692266209,-0.185034761582461,-0.108865899393488,-0.742073060310249,-0.502957939981964,0.139490563387363,1.25046724994733,-0.776148791921195
"65",91,"Exothea paniculata","EXOPAN",NA,NA,2.02907954945006,NA,2.03589418231545,2.21563315611236,2491,4613,4062,4378,1887,95.2276013656862,93.3154150443979,93.6798513521238,93.4168048911551,0.297352218370601,-1.15708620363352,-0.0981160953284561,0.291946153380628,-0.146983142277834,-0.00134863612724822,-0.533910999837159,-0.7731872404072
"66",92,"Faramea occidentalis","FAROCC",2.05723555965231,NA,1.40801444007499,NA,3.79749633743566,4.80053850491011,3376,7334,8130,8090,4714,93.1386142314876,89.2604165045218,88.2743171541978,88.1270118098945,0.302080400033772,-0.670000310665885,-0.0989555303352293,0.783041647010663,-0.740274471784717,-0.148731558868574,-0.498238496947987,-0.887720285400408
"67",93,"Ficus americana","FICAME",0.0275460446677071,NA,0.0271622021158041,NA,0.0272548719243315,0.0296615737937593,3164,6874,9477,8862,5698,93.7457111436941,90.6590410048795,88.8703022063488,88.4255009827176,-1.12031151071801,-0.338385187841109,-0.0989837349470513,-0.200305024926979,0.208991655426295,0.0039470038216346,-0.652746009943823,0.315979153865029
"68",94,"Ficus citrifolia","FICCIT",1.98016599763923,3.11474338461538,1.35437224563416,3.35191229162656,1.41245500825733,2.67353340311813,4613,10101,12431,12916,8303,90.2425943484545,85.1353193754684,83.8111941721164,82.4073628045557,-1.0997283472397,0.107447658671296,-0.101453410306786,-0.194439589017453,1.51423258034144,-0.185959107483052,-0.838323480959319,1.24248747129698
"69",96,"Guapira fragrans","GUAFRA",4.42317144296963,NA,11.9728424978417,NA,14.3916142037612,17.1695492548397,3666,8668,9397,9577,5911,92.2187619724199,87.4896586743078,86.6874711910571,86.1906308060233,-0.320353163019841,0.668544267626841,-0.104895931174768,-0.22135452146606,0.861612117883866,-0.179568005282704,0.00289800427599165,0.903379093719992
"70",97,"Guarea glabra","GUAGLA",1.96689409791464,NA,1.69089962454171,NA,2.37520987936802,2.21563315611236,1915,3213,5205,4663,2748,96.5893308372642,95.9192886434704,94.7443543612969,94.3495201496389,-0.646381426909956,-0.417327292199883,-0.0338002536359647,0.174306195343952,-0.384299674080587,-0.112051108496927,-0.55800808611337,-0.161092379864827
"71",98,"Guarea guidonia","GUAGUI",66.6500714491701,NA,71.3776914540335,NA,78.8643738905235,76.298825691329,4166,9471,15318,14928,10762,90.5498621923234,86.3252973625047,84.0706299055186,82.7081239300757,-0.457689132701852,-0.598723953668572,0.0212445703397126,1.09797027977109,0.564966453130425,-0.123863456921694,-1.36983851265525,0.0695836000758905
"72",99,"Guapira obtusata","GUAOBT",NA,NA,0.788232547085257,NA,0.745710243767556,1.1893674331218,2851,4456,3819,4278,1427,95.1811425214872,94.4190971300863,95.1770829818039,94.5695526448515,-0.143308423847023,-0.0369334543323057,-0.0930072983927993,-0.218046340846571,-1.27423666834091,-0.0752633853710511,0.355182428485798,-0.595334798519456
"73",100,"Guaiacum officinale","GUAOFF",0.7465299282146,NA,0.208858843653593,NA,0.206726822280615,0.118640186110336,774,1496,1068,1353,579,98.2376190163242,96.9139878151331,97.5737805644132,96.9439071558889,1.90267635248087,0.053738855561941,-0.102532745763742,-1.03477755981907,-0.97759100358747,0.466054930749314,2.01256569795906,-1.1406743197854
"74",101,"Guazuma ulmifolia","GUAULM",1.84752043501635,NA,2.07754854810787,NA,3.37540282808737,4.28958637509582,1376,4313,7595,7646,6270,95.2704348923773,91.8064720196347,90.1454031630905,88.9632940199632,-0.89756562980412,-2.39566355367259,-0.101289527665202,2.46086419516165,0.208991655426295,-0.180189707831376,-3.20066002967918,-1.03729869400133
"75",102,"Guettarda ovalifolia","GUEOVA",NA,NA,0.338179924908343,NA,0.0272548719243315,0.430760356657385,2904,5932,9121,8671,5767,94.2452104384132,92.0801285933384,90.2549943610892,89.7024457789192,0.164930352868498,-0.734552874713269,-0.100334072107192,0.838726994332501,-0.62161620588334,-0.169967600119397,-0.669106235144399,-0.81291370118024
"76",104,"Guettarda scabra","GUESCA",23.4166619179495,NA,27.5549000392642,NA,28.45336089204,34.4341458176583,3302,5571,5379,5877,2575,93.9609756751798,92.1108217854888,92.1066158507813,91.5786991587232,0.820321316085631,1.47246129254857,-0.104716784388639,-0.520925330725425,-0.146983142277834,-0.127049050525459,1.41465473584187,0.401098995012643
"77",105,"Guettarda valenzuelana","GUEVAL",NA,NA,NA,NA,0.0272548719243315,0.0296615737937593,1637,4579,6322,5980,4343,96.1009821063453,92.8305903840884,90.9872174979077,90.966886863192,-0.455067371983198,1.69327199640973,-0.0922646778378312,-0.688712919175136,0.802282984933178,-0.28807001308906,0.684750543821645,1.49522909463341
"78",106,"Gyminda latifolia","GYMLAT",NA,14.4164003846154,1.97058136771314,11.5527853700817,1.49142048753511,3.40747854467271,3271,5298,4326,5048,1777,94.0280495170971,92.3486170971676,93.3342016797952,92.3540278551316,1.00754897587939,0.994596128937218,-0.108843858013588,-0.823509831136109,-0.384299674080587,-0.181281977039138,1.52103124985029,0.0699987786337943
"79",107,"Gymnanthes lucida","GYMLUC",13.8203654916831,NA,11.2475126479242,NA,11.2273499821122,17.0952553369489,2481,4099,3322,3879,1398,95.3440419147081,93.8996747065305,94.8805045957921,93.8780583189498,1.35009858524915,-0.120213801741435,-0.107167201512972,-0.631419799970844,-0.146983142277834,0.521049182930417,1.20187293129143,-0.698233074614207
"80",108,"Helicteres jamaicensis","HELJAM",NA,NA,NA,NA,0.67863139410515,1.12199122183278,2368,4067,3897,4467,2099,94.9769747841346,92.7194721864244,92.9678706311641,92.0049360024698,0.695134873015545,0.264492259319989,-0.0897876538115483,-0.295407692522742,-1.15557840243953,-0.0196710833846595,0.949380877178952,-0.680307911487869
"81",111,"Homalium racemosum","HOMRAC",5.4012625531867,NA,3.28807914321732,NA,4.5078663154202,4.47725615265195,1732,4842,6542,5979,4247,96.0962705727955,92.2734661695037,90.2838653806006,90.4784717348528,0.596248224697162,-0.60493773618541,-0.102815248732214,1.15613318350452,1.75154911214419,-0.249445821685713,-1.23629390326747,0.295869728221422
"82",114,"Ilex nitida","ILENIT",0.68574518655077,NA,0.676359849816685,NA,1.3572627882103,1.47708877074157,1439,1781,3411,3327,1888,96.8916265400853,97.3056099679697,96.6342528711818,96.2886802016686,-0.165068610481732,0.0965015474562347,-0.100119849915579,-0.202713786363201,0.208991655426295,-0.0760864780464262,0.00634807697768874,0.225368352782197
"83",115,"Inga laurina","INGLAU",6.92131014670499,NA,6.12766672653461,NA,7.13474393132493,6.01321598805409,2429,6008,10934,10366,7937,93.8842328681469,90.4299243355502,87.7188818303424,86.8578227580378,-0.0288577625652404,-0.284724958278055,-0.0673314527355685,0.0108741817766014,1.51423258034144,-0.0750150442674394,-0.574886534582469,0.662955979230546
"84",116,"Inga vera","INGVER",12.9047453054485,11.5331203076923,13.1532681288826,NA,9.51133930086568,9.00215453958993,2816,7237,12906,12478,9662,92.5652223125568,88.6273006123942,86.3091201101148,85.150890150475,-0.450553460198477,-0.747199015787354,-0.0014517650484646,1.38348195746996,-0.740274471784717,0.00624989853491322,-1.23260972322707,-0.772457983035657
"85",117,"Ixora ferrea","IXOFER",1.08370986916157,NA,0.0543244042316082,NA,0.421080312825569,0.886852254339582,3189,6526,7110,6928,3739,94.0998275477585,90.6440072929938,90.1758259276895,89.9344399337886,0.0698032599724644,-0.190664731068746,-0.0959406530503036,-0.0523718860229695,-0.740274471784717,-0.0972938252903145,0.141187358972029,-0.480520289238053
"86",118,"Krugiodendron ferreum","KRUFER",1.37555569874305,9.11276684615385,5.13832725173371,3.35191229162656,5.62682069837974,7.99665959666309,2241,4135,3218,3973,1732,95.097812673853,92.5935611737753,93.495635478778,92.2805399346399,1.54107443891052,-0.78054871525091,-0.107318145276284,-0.313085099643538,0.208991655426295,-0.174831875266921,0.495458605278286,-0.676923641658723
"87",119,"Laetia procera","LAEPRO",0.447284766704951,NA,NA,NA,NA,0.0296615737937593,3121,7741,13709,13067,9946,92.7544083011114,88.352491985742,85.9923921108673,84.8423510296,-0.100152575604416,-2.39840108645872,-0.0835569007922251,2.19380211164105,1.75154911214419,-0.185536349749955,-3.04129931426922,-0.454986723737957
"88",121,"Leucaena leucocephala","LEULEU",69.8821328801595,NA,81.0881032943007,NA,74.3569824473324,55.7866617685086,1800,3656,4205,4851,3051,95.4146095096802,92.5901632917425,92.683982048903,91.5916185964669,0.0154135190325222,-1.0027447379509,-0.0978936312440627,-0.423188173104718,-0.740274471784717,-0.180653497932685,-0.0571115142649076,-0.737648694385019
"89",123,"Licaria parvifolia","LICPAR",1.85209318971546,NA,2.5046824293401,NA,4.32125010455991,3.9201026954498,3202,5767,5435,6006,2804,93.6469662661108,90.8159593268098,90.9145378940601,90.1811238914298,0.541131982987772,0.0258705082769311,-0.106785704836212,-0.824159332779407,0.446308187229049,0.213669825649158,0.736590686821419,0.0765458902986513
"90",124,"Lonchocarpus glaucifolius","LONGLA",1.74190901104463,NA,0.0271622021158041,NA,0.705886266029481,0.768205959164545,1393,2140,1774,2040,647,96.8626432445016,96.6194655884779,97.0989971413956,96.8307382529402,0.67508197760295,-0.144231496487457,-0.0925990800048707,-0.635463600654264,0.327649921327672,-0.121821242690094,0.541072430509295,-0.00713894522720467
"91",125,"Lonchocarpus heptaphyllus","LONHEP",NA,NA,NA,NA,0.299803591167646,0.266954164143834,5444,10895,15065,15070,9626,89.4195075025012,85.0496435383096,83.3486884239584,81.8194564494055,0.00230938441647575,-0.233650913030866,-0.0701284200794231,0.0424988477979199,-0.62161620588334,-0.174718725403063,-0.023824275450524,-0.39009349430138
"92",126,"Magnolia portoricensis","MAGPOR",0.0550920893354143,NA,0.113125383662065,NA,0.111696595150224,0.120811311559511,1143,1459,1998,1837,694,97.8262003991601,97.9845944264889,97.5654661738366,97.4898934719196,-0.336979311776365,0.0923173914505975,-0.093603119179721,-0.549075710575002,-0.0283248763764576,-0.16918184250459,0.168363517087743,0.250327908467309
"93",127,"Mammea americana","MAMAME",0.45874942427463,NA,0.730684254048294,NA,0.421080312825569,0.458256914066671,2823,5797,6239,6126,3303,94.3435754813951,91.0428907251813,90.5332827092296,90.4358166425572,0.59109590658612,1.2697824008782,-0.0892139205627224,-0.880770428400116,0.208991655426295,8.92812565174237,4.00582113011532,-2.58585572982089
"94",128,"Manilkara bidentata","MANBID",0.0275460446677071,NA,0.788232547085257,NA,0.745710243767556,1.16218381476659,1507,2837,3375,3188,1681,96.5401827562406,94.4637149001892,94.1378327198244,94.0221081284399,0.874725487895853,0.183165224722546,-0.0789095298627023,-0.648736880027865,-0.384299674080587,0.000477052812702056,1.02524628242477,-0.324914366934582
"95",129,"Mangifera indica","MANIND",2.22119328055719,NA,3.35726255524111,NA,4.20460791165967,3.23493735268272,1254,4400,8318,8117,6863,95.4859956715981,91.0760774931098,88.2470892438707,87.7336811255204,-0.614293310039681,-0.671821770456305,-0.0512712625925693,-0.205971222470014,0.327649921327672,1.86135712149768,-0.0302171538816415,-0.57114505755119
"96",130,"Margaritaria nobilis","MARNOB",0.132954787984493,NA,0.12655510925861,NA,0.205457076613793,0.220180111471621,3120,6431,7003,6822,3702,94.1535620863054,90.7567419670769,90.1823648896179,90.0070022250399,-0.856471327191048,0.13649429516415,-0.0942930607025054,0.207626349693968,-0.265641408179211,-0.184665966181814,-0.483960186691066,0.202893860286393
"97",131,"Matayba domingensis","MATDOM",0.453056771946213,NA,0.473990935487363,NA,0.163529231545989,0.148307868968796,1944,3408,5620,5023,3079,96.5337201417245,95.6933514342836,94.5839846245993,94.1537700419645,0.28877965964802,0.112426317333383,-0.103149724753695,-0.939163511530593,1.51423258034144,-0.070585071120457,0.357345690617964,0.866664480806984
"98",136,"Meliosma herbertii","MELHER",0.19282231267395,NA,0.190135414810629,NA,0.19078410347032,0.576903209241708,2733,6013,10079,9396,6663,94.5985153337392,92.4142552617535,90.7153404304258,89.9612039157115,-1.12433381198572,-0.0271886393880743,-0.0664403451347492,0.233367234569556,0.564966453130425,-0.21237225090465,-0.934819594733675,0.664412583608757
"99",137,"Micropholis garciniifolia","MICGAR",2.71834063167728,NA,1.44913500857789,NA,0.136274359621657,0.0296615737937593,1003,2529,3379,2873,1870,98.286519024347,96.0111787421925,95.0924517059037,95.2608966119263,-0.88809250858124,2.45096318823892,-0.101614946428898,-1.01859029555105,0.208991655426295,0.293295772386255,1.34986490355889,1.51243180919343
"100",138,"Micropholis guyanensis","MICGUY",3.66722620764222,NA,3.006918825619,NA,2.17490894594024,2.24828968937931,2000,3548,5879,5288,3288,96.4418671733937,95.5365902599749,94.5786370443717,93.9881785502709,0.450244604036122,0.80769241116546,-0.103329251974534,-0.970997496357412,1.15825778263731,-0.0439299168338403,0.88180843966001,0.937438706116459
"101",139,"Miconia impetiolaris","MICIMP",1.71436296637692,NA,2.47913217162697,NA,4.17240663912451,1.10781657805618,1877,5375,7116,6854,4977,94.567222181529,89.9671273560023,88.2646242722197,88.0744964164662,0.417703065038809,-0.352865800601046,-0.0664727747457614,0.746307959716898,-1.27423666834091,-0.094314819877475,-0.111986702849541,-1.05300599089522
"102",140,"Miconia laevigata","MICLAE",1.85209318971546,NA,2.61171929340064,NA,0.372855121883778,0.792911622081201,5552,11600,16792,16598,11046,88.4767151815667,84.5445144797096,83.157113704772,81.6644727958984,-1.13790975635944,0.109178718739659,-0.104677327056777,0.65109973875319,-1.45222406719298,-0.231372583966984,-0.616004435538694,-0.385161453769365
"103",141,"Miconia prasina","MICPRA",6.92862534194114,NA,22.728766184765,NA,20.7107346837688,19.3296208236644,2781,6985,10505,10158,7377,92.8538424724481,88.479443447537,86.0035838599112,85.4207928526834,-0.129500353300604,-0.794661075337628,-0.0980568483752002,0.209947784817366,-0.740274471784717,-0.185322881962843,-0.427773630704201,-0.696827398955872
"104",142,"Miconia racemosa","MICRAC",NA,NA,1.04170197684083,NA,1.3572627882103,0.768205959164545,2389,5843,9090,8392,6003,95.0619415353942,92.0563232932699,89.9627477784307,89.5367017428021,-1.39901012074368,-0.791084389638902,-0.0892932697828593,1.16227413484113,-0.62161620588334,-0.185785030769424,-1.68540249277746,-0.365506504405211
"105",144,"Miconia sintenisii","MICSIN",NA,NA,NA,NA,NA,0.369272192685393,1584,2459,3833,3450,1866,97.1189765941638,96.8974186283029,96.1145478731825,95.8151601835413,-1.40069398794447,1.36991345432094,-0.0948943206626255,-0.599391978875671,-0.962842468081312,-0.186027743444425,0.49805902918571,0.704178022517857
"106",145,"Miconia tetrandra","MICTET",0.756918662984213,NA,2.33717618113078,NA,2.56898296214439,5.35998715200844,2658,6435,10501,9766,7108,94.3313980314871,91.0628873256174,88.7370435800211,88.1675913081669,-0.13580268119982,-0.368936051121444,-0.0876328985207426,-0.117776966024959,0.683624719031802,-0.239821001836339,-0.419534889072213,0.302648947139487
"107",147,"Myrsine coriacea","MYRCOR",2.86455022953074,NA,5.27501132763882,NA,3.73247266757832,2.29966196661653,2046,4430,7604,6976,4930,95.6162773480796,94.1146355537229,92.6441004777342,92.0670641607783,-0.180008427541014,0.148491237117846,-0.106583297423614,-0.419967883893815,0.208991655426295,-0.184872371427973,0.125298511110846,0.32331551899433
"108",148,"Myrcia deflexa","MYRDEF",1.02861777982615,NA,1.35271969963337,NA,2.06943360714665,4.11636135624973,2191,5259,7959,7274,5083,95.6663998084135,92.8253923013417,91.0830373733035,90.6898197211444,0.691926488658637,-0.00784472817133543,-0.0965521534078158,-0.379901422089299,0.327649921327672,-0.144188317970125,0.447284717349798,0.0131760892169475
"109",150,"Nectandra coriacea","NECCOR",1.1444946108254,NA,5.26605817724113,NA,5.55269838765724,5.02572398732214,4042,8739,9854,10153,6111,91.5910693180864,87.6564535427057,86.5226858024714,85.8812884926134,0.187863176308118,-0.391141311487317,-0.103816323981405,-0.625008505870962,2.2261821757497,-0.0390513667116186,-0.299468267896153,0.977808025927214
"110",151,"Neolaugeria resinosa","NEORES",6.49831721706999,NA,7.27067072765379,NA,5.6351447661284,6.88160522917508,2929,4807,4836,5088,2159,94.6027913862345,93.5100326584489,93.1499589045487,93.0177945574626,0.2272274306745,-0.697922673693689,-0.106341983187208,-0.358276825148439,0.683624719031802,-0.132304179349106,-0.209991897249781,0.026503945409569
"111",152,"Ochroma pyramidale","OCHPYR",0.0275460446677071,NA,NA,NA,0.0817646157729944,0.0296615737937593,3121,7741,13709,13067,9946,92.7544083011114,88.352491985742,85.9923921108673,84.8423510296,-2.932474772544,-0.267603856216497,-0.0749286680217465,1.14959751549518,1.39557431444006,-0.184765438589602,-2.73344576332363,1.41432385932796
"112",153,"Ocotea floribunda","OCOFLO",0.851021454557013,NA,1.23506128045682,NA,0.138951467074555,0.460108991397066,5972,12197,17528,17345,11373,88.7039922854111,84.0669705682419,82.6318093620389,81.0084349986053,-1.47042159603577,-0.0462185831564109,-0.0866566991617191,0.219263338187595,0.564966453130425,0.0182975346678358,-1.04198909085487,0.678350802637466
"113",154,"Ocotea leucoxylon","OCOLEU",21.9434052805832,NA,17.12147847848,NA,19.5200367162208,15.8332661003876,3426,7126,12915,11989,8563,93.0016365684928,90.1835193189026,87.651521498728,86.9588347369225,-1.04565484754516,-0.302386906193732,-0.0756494979498441,-0.241518283376449,1.75154911214419,-0.173599660815453,-1.02893578561682,1.18074400353688
"114",156,"Ormosia krugii","ORMKRU",1.36285229276092,NA,0.836052713390513,NA,1.48663412877716,0.538238361056614,2545,5957,9387,8651,6106,94.8166714786455,91.6767555424386,89.3531148786556,89.0447067277562,-0.950330611890515,-0.681876233889492,0.181126992724018,0.359384196628506,1.51423258034144,-0.0965085447801272,-1.42820892007547,0.877481647727429
"115",160,"Petitia domingensis","PETDOM",3.14663808114229,NA,2.57560398765796,NA,0.93998788614152,0.952357512026442,3132,6057,8756,9289,6157,93.0065071134411,90.8437676418116,89.8435818010576,89.0036804114179,-0.452481069489873,2.09381118835264,-0.0957512090572703,-0.72705755103804,1.15825778263731,-0.184483185632505,0.832337745204668,1.82309244470188
"116",161,"Pictetia aculeata","PICACU",11.7096736624923,NA,9.71994549408654,NA,10.7074540518033,12.7529737461055,1414,3569,4568,5091,3677,96.4871881077321,93.8013630559876,93.1812170425167,92.2771246589765,1.72705344122784,0.0400232574680502,-0.106031382309094,-0.557131947089465,-0.62161620588334,0.253982406576462,1.46532894483658,-0.909700845939796
"117",162,"Picramnia pentandra","PICPEN",0.342872593275385,NA,0.676359849816685,NA,1.3572627882103,1.02916308303819,3660,8126,9380,9847,6187,92.0757395338302,87.6539682683365,86.4376072448555,85.5787728887725,1.67309909089273,-0.619254417160939,-0.0765125842538919,-0.22349829102535,-0.858932737686093,-0.17286605180802,0.863968430380169,-1.19330237384318
"118",163,"Pimenta racemosa","PIMRAC",5.41277734056658,NA,1.88712355895387,NA,2.54770077127378,3.89756204891761,2727,4566,4947,5246,2519,94.8188499475852,93.3800335517659,92.5238324727587,92.2737568842722,1.54631325745551,1.03007818190349,-0.105531111487721,-1.16472651673491,-0.858932737686093,-0.182550934111232,2.1442932977474,-0.277131678056659
"119",165,"Piper aduncum","PIPADU",2.21983838382816,NA,1.35271969963337,NA,5.57905474424261,1.57990066606444,4745,9394,14697,14121,9376,90.7374655909184,87.4762129060551,85.0552254917999,83.9361690088842,-0.77187646902544,-0.100849955618578,-0.102149182626978,0.598710652062118,-0.97759100358747,-0.0739333209252309,-0.575120832789615,-0.401954484804255
"120",166,"Piper blattarum","PIPBLA",NA,NA,NA,NA,NA,0.369272192685393,3207,6820,12697,11765,8558,93.3604917141294,90.4144678381301,88.0221864753642,87.1328859722667,-1.28231278832021,-0.651949635693791,-0.100387447318649,1.76625034185263,-1.57088233309435,-0.213924639303309,-1.6968824568629,-0.920744294251816
"121",167,"Pisonia albida","PISALB",0.812910433662307,NA,2.08340395368166,NA,1.75108822911154,1.90568411101448,954,1892,1694,2108,1154,97.7234933703844,96.2473042264086,96.4987913390973,95.7575000657812,-0.503133339382781,0.208599438725794,-0.104715236093694,-0.426099473115071,-1.45222406719298,-0.184765438589602,0.431147991922153,-0.393214512180128
"122",169,"Pisonia subcordata","PISSUB",NA,NA,1.23404006028656,15.1365556362613,0.693145234673531,0.865507537230275,5972,12197,17528,17345,11373,88.7039922854111,84.0669705682419,82.6318093620389,81.0084349986053,-0.923942965753822,-0.0607119842195244,-0.0799677859395641,-0.0341150968132774,0.208991655426295,-0.184292944652611,-0.582828455302282,0.426596332439218
"123",172,"Plumeria alba","PLUALB",0.0694484064247685,NA,0.0784572991021371,NA,0.078067512129856,0.424253089374562,2059,4867,6718,7312,5253,94.7200248580571,91.2106746277143,90.8904808718413,89.7171589517479,-1.07014682109907,2.17708836860603,-0.0954662845994658,-1.227628195888,-0.740274471784717,-0.182800858535798,1.37059116248307,1.16944385345872
"124",173,"Plumeria obtusa","PLUOBT",0.740837275886184,69.1987218461539,0.555477541834775,63.5403195354492,0.61186441629589,1.03516012330838,836,1182,1224,1260,424,98.2764691615791,98.2215005476701,98.1184345066147,98.0509577966105,-0.858715748631844,-0.105056081575435,-0.0997779545781183,1.16922701196459,-1.39289493424229,-0.367898459554237,-0.952207087656767,-0.573533395283214
"125",174,"Poitea florida","POIFLO",0.0550920893354143,NA,2.87825928428523,NA,3.17508601589983,3.51184522320658,3611,6757,7596,8287,4676,92.4620714863251,88.8139028777379,88.9565665969509,87.7140967313209,1.07823643750854,-0.462973095144168,-0.108617277747118,-0.200155869530769,-0.146983142277834,-0.183919923123408,0.430891681107188,-0.581298736433519
"126",175,"Pouteria multiflora","POUMUL",2.51029233159852,NA,0.83933306251151,NA,0.163529231545989,0.148307868968796,6268,12202,16089,16317,10049,88.1005842962496,83.582518196969,82.632692672862,80.8211076000477,0.769207354436534,-0.565521328262022,-0.0745666977960585,-0.478809316854249,-0.146983142277834,1.80341444396145,0.98918175438026,-1.16907745698936
"127",177,"Prunus myrtifolia","PRUMYR",0.342872593275385,NA,NA,NA,NA,0.369272192685393,2148,3315,2928,3254,1106,96.1670211715566,95.9775476654323,96.3399322757603,95.993788176275,1.30400161485432,-0.868157012454238,-0.105537264188385,0.0288402319337204,-0.799603604735405,0.198383437352781,0.498604498473895,-1.34158741770374
"128",178,"Pseudolmedia spuria","PSESPU",0.0275460446677071,NA,1.46136850809659,NA,3.21737050501916,2.73321321776655,1501,2298,1921,2200,699,96.7961705181169,96.5780330029933,97.1132700996395,96.8414615739734,0.0332938703824934,-0.988464486151504,-0.101592611479667,0.403512479830104,0.446308187229049,0.0254496007877582,-0.805730473414643,-0.336571495868052
"129",181,"Psychotria grandis","PSYGRA",NA,NA,NA,NA,0.339315697052575,0.369272192685393,2925,6859,11679,11237,8312,93.2478989911516,89.3204396952166,86.8899546039116,85.7924793036594,-2.02895520896713,-1.206238319453,-0.0694493272374619,0.749774079168161,0.208991655426295,-0.365651986134465,-2.20802638212191,0.222067855335194
"130",182,"Quararibea turbinata","QUATUR",3.11339938414617,NA,3.04361932417508,NA,3.39315697052575,4.43126631222471,3481,6794,7796,7921,4440,93.2798503079924,90.0105464116613,88.9118776182975,88.4735549113242,-0.529004085651254,-0.953128150873363,-0.089115390270495,0.562752295171011,-0.62161620588334,0.390752777194593,-0.781575608462297,-0.832155351977654
"131",183,"Randia aculeata","RANACU",4.46956687524379,NA,5.5807977718796,NA,4.28201314239882,6.05851151528462,3039,5859,5091,5732,2693,93.8511616853308,90.1835580164434,91.0307281682867,90.0472373121488,1.68013969940223,-0.496383887271498,-0.109147320162159,-0.0897131585743895,-1.03692013653816,0.0659151464817118,0.95644026408036,-1.35634830598029
"132",186,"Roystonea borinquena","ROYBOR",0.849151949344879,NA,1.07245285719019,NA,1.71228392568539,2.31091324317545,3007,7764,11357,11394,8387,91.8992423622277,86.5263191881528,84.1485445733768,83.3702419604334,0.312303018266136,1.66058645076532,12.4322568603075,-0.268539277235824,0.208991655426295,-0.144587289679126,1.80568856908625,7.76220430500651
"133",187,"Samyda dodecandra","SAMDOD",NA,NA,NA,NA,NA,1.50427238909678,3299,5631,6118,6843,3544,93.4302729672987,91.2113801444238,91.7340296835405,90.2517524736904,0.654407396002807,-0.321081312455199,-0.103939308876095,-0.238200517863464,-1.03692013653816,0.266375589668943,0.674222653646769,-0.986477592963145
"134",189,"Sapium laurocerasus","SAPLAU",1.85209318971546,NA,0.135811010579021,NA,0.109019487697326,0.148307868968796,3859,8048,11635,11019,7160,92.4294449349352,89.4626090367373,87.8239667236448,87.0440779312466,-1.21534528624724,0.220464953613363,-0.0947457862395112,1.85343886368224,1.03959951673593,-0.2457898902047,-2.00758079812978,0.78529625772964
"135",190,"Schaefferia frutescens","SCHFRU",NA,NA,0.965139733248886,NA,1.35744458349776,2.46729424642113,4188,8202,10155,10924,6736,91.3055338429744,87.8837348806621,87.4384765536906,85.8299936050299,1.45552145122407,-0.108434063660641,-0.108448858954107,-0.364663632535077,-0.97759100358747,-0.181271868155696,1.10572891497516,-0.946766051991997
"136",192,"Schoepfia obovata","SCHOBO",0.0275460446677071,NA,0.338179924908343,NA,0.339315697052575,0.369272192685393,2851,4456,3819,4278,1427,95.1811425214872,94.4190971300863,95.1770829818039,94.5695526448515,-0.592405116554856,0.776895153987992,-0.109251011748689,-1.00247445965898,-1.21490753539022,0.198291974416468,1.05778681293961,-0.0350630053882929
"137",196,"Sideroxylon obovatum","SIDOBO",0.0275460446677071,NA,0.0271622021158041,NA,NA,1.982279055203,784,1284,905,1133,349,98.3943475583283,97.4845510153011,98.15672558412,97.6618211358326,1.57605281660487,0.424005372627647,-0.10886296549524,-0.90898454330871,-0.740274471784717,0.249191199301234,1.81544676986914,-0.693094796279739
"138",197,"Sideroxylon salicifolium","SIDSAL",0.137730223338536,NA,1.542855114444,NA,1.37761464107983,1.497747070144,3343,5343,4410,5080,1737,94.0393091433164,92.4148067913777,93.1978203626453,92.4369644335902,0.892503715260968,-0.430778779012681,-0.105630186480346,-0.534870770723965,1.15825778263731,-0.177379612311379,0.219621203201707,0.215660365492546
"139",198,"Sloanea amygdalina","SLOAMY",NA,NA,0.0271622021158041,NA,0.0272548719243315,0.0296615737937593,2851,4456,3819,4278,1427,95.1811425214872,94.4190971300863,95.1770829818039,94.5695526448515,0.566801889752955,-1.14328864013922,-0.0864152382570715,-0.0894962419477011,-0.384299674080587,0.0281072371566472,-0.0836947107899947,-0.919956400479592
"140",199,"Sloanea berteriana","SLOBER",2.27760391699397,NA,2.89557481407737,NA,1.57530176360495,1.00549854951462,1790,3084,4917,4422,2632,96.6297702393883,95.7920064308853,94.3940028045805,94.0782442364047,0.652349603643097,-0.582122640965297,-0.0633585009388377,-0.364544514152046,0.920941250834555,-0.12883707731107,0.00253931986581272,0.0841410193302003
"141",200,"Spathodea campanulata","SPACAM",97.5505936777076,NA,83.2630441898428,NA,74.6073718260023,53.6618776649752,4136,8871,13808,13544,9408,90.504200543524,86.7116378920785,84.4097656477266,83.5465481448538,-1.97472827741092,-0.530184992000293,0.0166522135957885,1.29983783715545,-1.21490753539022,-0.185412009240221,-1.77613335344292,-0.327557915242287
"142",203,"Swietenia macrophylla","SWIMAC",0.0826381340031214,NA,0.588728263552105,NA,0.541738568335562,0.489770565190825,6464,13084,18119,18147,11683,87.6158726768754,82.957832269522,82.1291430548872,80.1813331219332,-0.933679823821986,-1.17140536817062,0.0484053424071112,1.38036849716768,0.327649921327672,-0.115656983279224,-1.98308678072003,-0.184825765147084
"143",204,"Swietenia mahagoni","SWIMAH",2.30514996166167,NA,4.77660985342971,NA,4.81992714054845,6.53557816540417,1041,1660,2294,2533,1492,97.4676649690355,96.4248713783072,96.2296185619578,95.3847418009631,-0.282416914771917,-0.412154344270537,-0.0993847403943515,-0.383703321170466,0.564966453130425,-0.1744203081797,-0.298461186786214,0.283318640835293
"144",205,"Symplocos martinicensis","SYMMAR",0.590786995284749,NA,0.0814866063474123,NA,0.109019487697326,0.118646295175037,4203,7065,7306,7800,3597,92.4785120946108,89.9637521644121,89.4521414590116,88.7603892432479,-0.119743513592628,-0.797666485811461,-0.0743233403468907,0.0981423060380209,-0.0283248763764576,0.0949292932903685,-0.457696637459484,-0.405143159814173
"145",206,"Syzygium jambos","SYZJAM",33.8721600116127,NA,23.1711287313088,NA,24.3609394533451,18.2880741939798,2815,7123,12356,11762,8947,93.173388535819,89.1471090339345,86.2388009934331,85.3628030179432,-0.265402619129241,0.165274696685393,-0.101824739900542,-0.711079634237825,0.327649921327672,-0.0194174287448014,0.288799904262161,0.409949441306221
"146",208,"Tabebuia heterophylla","TABHET",35.501274416541,159.737720769231,40.6210952527908,156.890034394315,41.9616303738903,44.6881790712833,2132,4638,4737,4770,2638,95.0055069079339,91.9621225869154,91.8638110650809,91.5897743629454,0.572690866202536,0.864730033644066,-0.080010237911609,-0.317196864095366,-0.384299674080587,-0.184790306691549,0.929057445080205,0.0908439753306668
"147",209,"Tabebuia schumanniana","TABSCH",NA,NA,0.338179924908343,NA,0.67863139410515,0.738544385370785,1503,2907,5025,4529,3026,96.627732182537,95.8728600831192,94.8595828191194,94.4257320417352,0.319866970510729,1.65534918667512,-0.0860529449130063,-0.920780877260701,0.564966453130425,-0.184202176080505,1.29368911702516,1.10627978311475
"148",210,"Tamarindus indica","TAMIND",0.88318422875307,NA,0.0271622021158041,NA,0.0817646157729944,0.0985603391442258,1449,3499,4641,5168,3719,96.1408444577733,92.9951397611282,92.6238971233091,91.5748272316656,0.721622144725554,-0.777830779241495,-0.106707424044087,0.686251744744489,-0.502957939981964,-0.105709742500473,-0.327624150361376,-0.95593033775366
"149",214,"Tetragastris balsamifera","TETBAL",0.0664773939922465,NA,4.31754762053946,NA,4.31110953089616,0.827529106752063,3779,8253,12825,12653,8874,90.9325240885788,86.2389917347058,85.046279656937,83.221977378301,-0.753464063415075,-0.7842787503028,0.0153473421533201,-0.186571725409219,-0.265641408179211,0.414924211732395,-0.43052093051566,-0.331536577588843
"150",215,"Tetrazygia elaeagnoides","TETELA",10.1734315402977,NA,9.30722327431924,NA,11.8043747447308,11.3098765819266,2626,5920,5835,6056,3430,94.4044475974951,90.5399245332096,90.4321883372239,90.2182497197984,0.394137431262519,0.785820311977354,-0.107319211616781,-0.423018084714068,-0.146983142277834,-0.180576230861311,0.805639866855372,0.235979903632835
"151",218,"Thouinia striata","THOSTR",14.5317517359702,NA,8.47837997570337,NA,10.1366632320915,10.0644938997446,2496,3997,3338,3781,1285,95.5571721154712,94.9025287790454,95.6368674238889,95.0706329724569,1.36709073999137,-0.563472185383056,-0.0864484374863734,-0.0511558121694825,0.802282984933178,-0.184873316415847,0.188727932726861,-0.245600562387586
"152",220,"Trichilia pallida","TRIPAL",11.1960526719891,NA,7.49428275221515,NA,6.13493741887068,3.01350068907066,3631,8040,11908,11368,7737,92.7362794037931,89.513221807428,87.3178574456741,86.7621735082629,0.0706168038172864,-0.408438564370246,-0.0895617903560708,0.541232011375907,-0.740274471784717,-0.180684234906692,-0.351948472163802,-0.639767768470983
"153",221,"Turpinia occidentalis","TUROCC",0.204207617330782,NA,0.398177130416651,NA,0.370375979733696,0.339267410038192,2822,6053,10061,9449,6627,93.8123867484376,91.895531724515,89.9295299100742,89.367368259853,-0.994668338799728,-0.319533070994009,-0.0674685363718137,-0.206804393684047,1.39557431444006,-0.181060091399517,-0.9410048903169,0.975602671742174
"154",222,"Urera baccifera","UREBAC",4.80021630585539,NA,1.35271969963337,NA,1.79719675975648,3.48655144429978,3798,6357,10918,10898,7100,91.8405886576406,91.2301458011542,90.8368567615289,89.3031395546866,-1.76913504874441,-0.840561883498458,-0.0791081032834115,6.6369381747514,-1.3335658012916,-0.921643825216138,-5.32139387298496,-1.23892564325612
"155",223,"Vitex divaricata","VITDIV",0.110184178670829,NA,0.419666531255755,NA,0.421080312825569,0.458256914066671,2791,6703,11609,11198,8407,93.4207157564571,89.4519692374359,87.174862154149,85.8974243388781,-0.187222647390024,-0.686466314017063,-0.086464115956085,-0.103068933371254,1.63289084624281,-0.218715975293551,-0.84468300303762,0.654885166525259
"156",224,"Zanthoxylum martinicense","ZANMAR",4.59716576295554,NA,4.75040997524841,NA,5.38157020196865,4.33057881902308,3301,8112,10587,10700,7399,92.2500231770981,86.9861744148426,84.7804864988119,84.0433836906464,-0.670906614640815,-0.367346412377395,-0.0331270857871896,1.37833688689145,2.10752390984832,-0.184125035228266,-1.9700812562884,0.979726005612311
"157",225,"Zanthoxylum monophyllum","ZANMON",3.53903727863088,NA,3.50597939343427,NA,3.85255800479582,3.1953422674389,909,3646,5292,5632,4723,96.742335547781,92.8293174638257,91.4530638996178,90.8963094917559,0.617587038963736,-0.408438564370246,-0.105576731567325,0.0131129105167076,-1.09624926948885,0.358652530861507,0.501935790613126,-1.11773423897506
