"","X","CODE","Species","fcover_51","fcover_77","fcover_91","fcover_00","tot_change","tpa_2014","tpa_2004","tpa_2008","tpa_2009","tpa_2013","tpa_2019","D_51","D_77","D_91","D_00","WD","THK","LA.wp","SLA.wp","MAXHT","seed_mass","PC1"
"1",1,"ADEPAV","Adenanthera pavonina",2339,3973,3393,3761,1422,6.37425858513594,6.57343269140286,NA,5.42580750113059,NA,6.67707804616547,1422.8389451082,1227.02224141473,1331.14032939834,1268.43115250261,-0.46314955243699,-0.954221027141051,0.146089311664512,0.134589106710896,-1.03692013653816,-0.15808063249593,-0.681972050502569
"2",2,"ADERIC","Adelia ricinella",1721,4398,3874,4558,2837,3.68917000291826,0.109412124750511,NA,2.86913647002438,NA,4.58579283232383,1578.91017180404,1310.28224926506,1271.76123721446,1232.3820869984,0.749580749079947,-1.10940947190655,-0.10518610525933,-0.0350384673630576,-1.3335658012916,0.41546604111846,-1.61517905638133
"3",3,"ALBLEB","Albizia lebbeck",604,2014,3599,3622,3018,NA,1.57783199358054,NA,0.0543244042316082,NA,0.0614881639719919,1801.73411049339,1361.51580572987,1241.58844401234,1291.01594242708,NA,NA,NA,NA,NA,NA,NA
"4",4,"ALBPRO","Albizia procera",1189,2580,4732,4792,3603,4.12588288519281,2.81612540017236,NA,5.63356686838758,NA,3.65793502851083,1496.57233255818,1267.95618782184,1283.83712007661,1258.96982823889,NA,NA,NA,NA,NA,NA,NA
"5",5,"ALCLAT","Alchornea latifolia",2789,6347,9995,9318,6529,4.25381405060263,7.15182027651186,NA,3.44771554647551,NA,4.25273591246169,1364.99190697605,1246.566534017,1094.56033999719,1047.77109819712,-1.43900502618608,-0.690046426538957,-0.0729148393198146,0.310973142303816,1.39557431444006,-0.182813125374647,0.882404436827713
"6",6,"ALLCRA","Allophylus crassinervis",3924,7543,11343,11624,7700,NA,NA,NA,NA,NA,1.47708877074157,1245.79243594693,1219.24401006806,1150.75366367117,1112.79516308388,1.11226257560247,-0.415159753760782,-0.106800214812163,-0.307332043078405,-0.858932737686093,0.162763057182432,-1.06128512629863
"7",7,"ALLRAC","Allophylus racemosus",2516,4024,3359,3812,1296,0.0272548719243315,NA,NA,NA,NA,0.0593231475875186,1212.80089025195,1391.5422059511,1286.78588424887,1294.96738831609,0.00915802787092193,-0.444284909097889,-0.0613399274067978,1.3791432568089,-0.858932737686093,-0.184723710449528,-0.821470274248161
"8",8,"ALSPOR","Alsophila portoricensis",2147,5302,10017,9370,7223,0.800219987616218,0.342872593275385,NA,1.20951102274369,NA,1.5907791550395,1379.89643504792,1298.16091698858,1175.01861915377,1085.87877117797,NA,NA,NA,NA,NA,NA,NA
"9",9,"AMYELE","Amyris elemifera",2760,4466,3822,4335,1575,10.6173497033184,7.54319705205847,17.5311437692308,9.4690378974336,17.5610360296756,14.486922872619,1263.33177526195,1330.07500931781,1424.41611193558,1365.38801249585,1.27995620127449,-0.234412904127052,-0.10445269621607,-0.897087386356494,-0.858932737686093,-0.179205940753272,-0.837004434252991
"10",10,"ANAPER","Anadenanthera peregrina",4290,9475,15180,14782,10492,0.0817646157729944,NA,NA,NA,NA,0.0593231475875186,1343.68651338106,1221.96951423803,1220.54130525102,1165.22223537542,NA,NA,NA,NA,NA,NA,NA
"11",11,"ANDINE","Andira inermis",3054,7271,10917,10913,7859,18.517430133411,22.0621297567852,NA,21.6664524893442,NA,17.5742380644596,1345.18914159635,1226.62803384675,1150.8690809506,1126.66245607204,0.305907226034734,-0.861189924895294,-0.0301272095117993,0.664931151664166,1.51423258034144,-0.0890769773643083,0.207107001914373
"12",12,"ARDOBO","Ardisia obovata",2960,4801,4069,4566,1606,17.8417313469806,12.0816224317576,NA,16.113078199024,NA,21.5674816872549,1591.24727967843,1357.12478246531,1351.79902823508,1354.26861407264,0.680709208702292,1.44075198107366,-0.0995723100972376,-0.942377771740248,-0.384299674080587,-0.0567387147195525,0.339721216323977
"13",13,"ARTALT","Artocarpus altilis",995,3543,6447,6536,5541,1.66200009343863,0.723724247637549,NA,1.12080170922238,NA,2.16978684106696,1440.14906463789,1238.73573547255,1125.03587270946,1120.22229529055,-1.34463012473925,0.379088153206095,0.0380870180059945,0.759889727991124,0.090333389524919,0.542343565829347,0.424471443316827
"14",14,"AVIGER","Avicennia germinans",1531,3568,5217,5533,4002,4.30605385889874,3.94063612387061,NA,3.53253896225956,NA,7.4398791116311,1506.87484865323,1252.09653643591,1246.53850916239,1229.95109505549,NA,NA,NA,NA,NA,NA,NA
"15",15,"BIXORE","Bixa orellana",6473,13079,18105,18149,11676,1.01794709115772,NA,NA,NA,NA,NA,1276.59219883041,1181.21222752328,1163.93828971052,1111.0240998684,NA,NA,NA,NA,NA,NA,NA
"16",16,"BOCFRU","Bocconia frutescens",3957,9055,14746,14337,10380,NA,0.0275460446677071,NA,NA,NA,NA,1350.30802730653,1223.82790940684,1214.58738464796,1164.34931454491,NA,NA,NA,NA,NA,NA,NA
"17",17,"BOUSUC","Bourreria succulenta",2482,5249,4460,5286,2804,22.2397319434701,4.87903988948787,56.8654912307692,19.359867682988,51.6497755429309,22.8239118758192,1377.17276024111,1272.38227798725,1282.63689056117,1263.35553890893,NA,NA,NA,NA,NA,NA,NA
"18",18,"BOUVIR","Bourreria virgata",2869,4675,3935,4529,1660,1.01794709115772,1.02861777982615,NA,0.676359849816685,NA,1.87602253722072,1497.11922556947,1475.93555538837,1495.16186667425,1459.67935945722,0.674486615176817,0.404224310313679,-0.107905463893546,-0.821838286702707,-0.0283248763764576,-0.184414158568658,0.074357095309147
"19",19,"BUCBUC","Bucida buceras",4413,9353,11972,12714,8301,2.28472492158511,12.2881433502025,NA,2.5041914380205,NA,3.36510234465691,1375.31499892924,1195.81192565243,1178.13615236906,1165.62722366832,1.41603783835521,-0.0147571714742802,-0.107872283528741,-0.669445231923314,1.15825778263731,-0.182318475517073,0.217222685486362
"20",20,"BUCTET","Buchenavia tetraphylla",3175,6846,11130,10457,7282,0.27790293414911,1.04384376723096,NA,0.248936394241085,NA,0.243787639503494,1330.42471169807,1248.94369408877,1178.81323252211,1071.00574385233,NA,NA,NA,NA,NA,NA,NA
"21",21,"BURSIM","Bursera simaruba",2406,4124,3121,3801,1395,9.86501932595323,7.90919291419177,54.4395300769231,11.7070276575133,47.2589134512543,9.3485486020213,1499.215572044,1401.12297547762,1389.86794710132,1354.77727126133,-1.5593631759034,-0.409113296409503,-0.0893161836864425,-0.0640816482551541,0.683624719031802,-0.17254914082998,0.729707160489835
"22",22,"BYRCRA","Byrsonima crassifolia",575,1007,2700,2790,2215,NA,NA,0.231463307692308,NA,NA,NA,1695.14797221765,1512.35635400008,1528.75254791438,1297.31532087122,NA,NA,NA,NA,NA,NA,NA
"23",23,"BYRLUC","Byrsonima lucida",1582,2922,4483,4837,3255,4.21434727715943,4.48488975724771,NA,4.89749216141162,NA,6.5297137071642,1431.54331191557,1319.62296027161,1239.66506326544,1263.72652255811,NA,NA,NA,NA,NA,NA,NA
"24",24,"BYRSPI","Byrsonima spicata",898,2726,3534,3113,2215,0.865189585973567,1.01629772256326,NA,1.19691826521581,NA,0.695549504416745,1667.28628554603,1315.7021592142,1345.69638947163,1306.48376684389,-0.0444035631259603,-0.837829692337445,-0.105795544268656,1.05645224452962,1.51423258034144,-0.173662103009522,0.261995077762662
"25",25,"BYRWAD","Byrsonima wadsworthii",1521,2353,3495,3161,1640,0.366570568976906,0.397964682610799,NA,0.365342127024147,NA,0.398933766479152,1257.92272357923,1297.02652061598,1067.60692938697,1070.16904137291,-0.550101175775005,0.362148569581551,-0.104390379991342,-0.725415605125239,0.446308187229049,0.202517663482448,0.584732974404536
"26",26,"CALANT","Calophyllum antillanum",3323,6745,7175,7127,3804,4.57221003863783,5.09659539226568,NA,9.89653826266934,NA,7.36921077798143,1417.37652387804,1245.99877206748,1193.2189784525,1206.1789722095,-0.083551637063891,0.339198165009342,-0.094901898619425,-0.0993970008816583,2.34484044165107,-0.0633551847704422,1.38361493841862
"27",27,"CALPAL","Calyptranthes pallens",1153,1951,1507,1785,632,0.67863139410515,NA,NA,0.338179924908343,NA,0.738544385370785,1752.52273342656,1636.39515397388,1641.00183174198,1625.14007506395,NA,NA,NA,NA,NA,NA,NA
"28",28,"CASACU","Casearia aculeata",3240,6222,7073,7793,4553,1.3572627882103,NA,NA,1.35271969963337,NA,1.10781657805618,1394.44291790745,1227.15176540447,1228.8642870235,1188.3085309693,NA,NA,NA,NA,NA,NA,NA
"29",29,"CASARB","Casearia arborea",2346,5007,8484,7723,5377,7.3385682514542,8.43852067001015,NA,9.3937731806635,NA,5.98574970044416,1320.52259343654,1207.00575294604,1122.93184139475,1026.72042077253,-0.11154016017911,-0.66654615848512,-0.106205532103584,0.494930648347592,1.51423258034144,-0.18681360609778,0.452946105585917
"30",30,"CASDEC","Casearia decandra",3133,7242,7794,7806,4673,2.47377297405656,3.18713481294596,NA,2.73260160138255,NA,2.4430930640387,1369.63238524968,1245.73478211463,1202.39408776944,1184.32472644921,0.536747926425505,-1.24481685534166,-0.107160140759521,1.59506397964658,-0.62161620588334,-0.176122986050954,-1.30312215862757
"31",31,"CASELA","Castilla elastica",6497,13153,18205,18297,11800,0.0817646157729944,NA,NA,0.0543244042316082,NA,0.0593231475875186,1275.08424119104,1178.85625130357,1161.06306492212,1107.6659541048,-2.22461575384281,-0.574992923893435,-0.0237121265269851,1.67246679114905,-1.57088233309435,-0.116755110144881,-0.526156897602523
"32",32,"CASEQU","Casuarina equisetifolia",1158,1727,1458,1686,528,NA,NA,NA,0.162973212694825,NA,NA,1785.83950827733,1620.31013940753,1707.56199264334,1659.05019539418,NA,NA,NA,NA,NA,NA,NA
"33",33,"CASGUI","Casearia guianensis",3230,7624,8504,8585,5355,44.3280959441179,54.3141454461815,NA,52.8020587484159,NA,43.7276751693671,1403.4494223774,1225.12907749098,1143.32326711069,1153.25222934037,0.695809110633169,-0.997717506726097,-0.100980765502226,0.680883294256515,-0.0283248763764576,0.0150216600350172,-0.856644586547003
"34",34,"CASSYL","Casearia sylvestris",4699,9972,15647,15140,10441,42.8959157877149,43.5235172305948,NA,51.4127955894395,NA,33.997881799325,1274.17810378456,1175.57120347642,1111.28193068155,1082.29211871651,-0.0622878316686868,-0.808868468784747,-0.0977451652623892,0.114122028292026,-0.384299674080587,-0.186646661770849,-0.54154074321785
"35",35,"CECSCH","Cecropia schreberiana",3156,6756,12562,11881,8725,11.766581216735,14.5279955470865,NA,10.0260154021285,NA,9.33493877430232,1278.17221457668,1226.63651875669,1127.39772035152,1063.70283010531,-2.17912975246746,0.173384533379049,0.253034959686771,0.0850548566397209,1.15825778263731,-0.186943451685393,1.62124452954135
"36",36,"CEDODO","Cedrela odorata",6806,13499,18539,18594,11788,0.109019487697326,0.137730223338536,NA,0.473990935487363,NA,0.118646295175037,1271.80928740416,1176.75769099868,1171.33521706418,1112.27855372655,NA,NA,NA,NA,NA,NA,NA
"37",37,"CEIPEN","Ceiba pentandra",3304,6475,7714,8357,5053,0.400109993808109,NA,NA,0.421278475658432,NA,0.42611738483436,1407.74566809745,1215.07833699068,1194.35907869969,1160.28113223707,-2.15738165090939,-2.37151516076088,-0.0344682484334653,2.75156249563676,2.34484044165107,-0.179721563764808,0.502130258231987
"38",38,"CHIDOM","Chionanthus domingensis",4245,8076,10138,9938,5693,0.733141137953813,0.370418637943092,NA,0.419666531255755,NA,1.50675034453533,1275.4244433945,1187.51090042694,1151.99928691259,1087.92636589264,1.00179083253732,-0.358056962626666,-0.0931732528450739,-0.0205458570924409,0.920941250834555,-0.138649150736155,-0.0234579815934119
"39",39,"CHRARG","Chrysophyllum argenteum",3400,7116,7755,7662,4262,1.01794709115772,NA,NA,1.07047612335931,NA,0.912915603971226,1390.55312408412,1229.73990173875,1229.04884092626,1196.03196401518,0.593375537541594,-0.453059145231096,-0.099849890040677,0.554193232508444,1.03959951673593,-0.157771476334946,0.0484260013842659
"40",40,"CHRCAI","Chrysophyllum cainito",5946,11780,15644,15873,9927,0.486298486485824,0.955433627986579,NA,0.452917252973085,NA,0.432925373041858,1276.12624775905,1197.15607570904,1168.7331580163,1124.57459745007,NA,NA,NA,NA,NA,NA,NA
"41",41,"CHRICA","Chrysobalanus icaco",927,1542,2602,2610,1683,4.41110406168347,0.370418637943092,NA,3.71997917399177,NA,2.95417754148314,1689.23537849458,1423.19001307893,1472.23843317984,1420.26259290379,NA,NA,NA,NA,NA,NA,NA
"42",42,"CHRPAU","Chrysophyllum pauciflorum",1659,4018,5959,6282,4623,0.222325881496323,0.346937918916894,0.231463307692308,0.17032316002633,0.231857974553069,0.26215653192768,1501.15865664957,1361.11833496759,1320.44799030891,1305.37754330338,NA,NA,NA,NA,NA,NA,NA
"43",43,"CINELO","Cinnamomum elongatum",4074,9202,14437,14093,10019,3.6186720986814,5.34420991825536,NA,3.3572757897304,NA,2.97067960329782,1291.64136440913,1199.41659079403,1137.64726752409,1085.63154348143,-0.574237481792789,-1.11505989060492,-0.104208034102716,0.601536130870474,2.10752390984832,-0.241936079036319,0.716625197214764
"44",44,"CINMON","Cinnamomum montanum",3409,7820,10095,9901,6492,0.456366507108594,0.425510727278506,NA,0.0904397567451089,NA,0.555901700985842,1345.78544782959,1219.06911748373,1149.24583464185,1117.61396455364,-1.01836476046341,-0.880087578950256,-0.105100687528772,0.20183309390077,0.802282984933178,-0.0974837324866615,0.319112323260122
"45",45,"CITCAU","Citharexylum caudatum",1556,3199,4091,3733,2177,NA,NA,NA,0.676359849816685,NA,NA,1301.81342284588,1158.54938909618,1067.00966470043,1003.86220128023,NA,NA,NA,NA,NA,NA,NA
"46",46,"CITSPI","Citharexylum spinosum",3083,7640,9348,9653,6570,0.089795938131688,NA,NA,NA,NA,0.127306360712931,1358.76514918524,1204.77498030838,1148.62214627895,1141.00250864617,-0.0473913807029352,0.758134109589439,-0.101589895800149,0.365531522951682,0.446308187229049,-0.177978454765455,0.544055636798426
"47",47,"CLUCLU","Clusia clusioides",1242,2188,3399,3216,1974,NA,0.97728702032587,NA,0.0814866063474123,NA,NA,1798.0081684389,1621.07785248815,1483.96473292672,1482.99407564881,NA,NA,NA,NA,NA,NA,NA
"48",48,"CLUROS","Clusia rosea",2893,4497,4027,4488,1595,4.0888446438996,2.92724433144926,NA,4.09858159889471,NA,4.47041789464509,1501.77483392865,1631.84046459957,1482.01890662368,1545.82130329,0.422316947200249,5.89866029544824,-0.0872495934674086,-1.56483757403564,1.15825778263731,-0.185610271389259,3.37711320945042
"49",49,"COCDIV","Coccoloba diversifolia",3371,5418,4506,5221,1850,9.07409839544595,7.38920477355761,5.76656015384615,10.4367843042135,NA,9.32198228445655,1556.29385245554,1509.41787337443,1503.12619158298,1469.39347796867,NA,NA,NA,NA,NA,NA,NA
"50",50,"COCKRU","Coccoloba krugii",658,1071,806,979,321,4.75041975873605,3.77159852602923,NA,5.07269887362514,NA,5.53908289028089,1895.47592283724,1529.0107587309,1609.26603127337,1616.11011636614,0.673812462346915,1.28326120883541,-0.107572654710907,-1.12636515532066,-1.27423666834091,-0.18417919988631,-0.122691952942324
"51",51,"COCMIC","Coccoloba microstachya",956,1731,1616,1857,901,11.1956132142913,5.49895628129799,441.373315076923,10.7015373447878,560.541948423515,14.6477286139294,1654.57419268141,1393.18670960984,1455.48676354681,1318.08291300614,0.747497622148913,0.791758273589159,-0.108340160063609,-0.979343223008478,-0.740274471784717,-0.182442137981467,-0.118687877686614
"52",52,"COCPUB","Coccoloba pubescens",2897,5009,5012,5457,2560,NA,5.79664497592359,0.231463307692308,NA,NA,NA,1434.56347139906,1387.02218391889,1328.27050069579,1315.24157354172,NA,NA,NA,NA,NA,NA,NA
"53",53,"COCPYR","Coccoloba pyrifolia",1843,2625,3471,3251,1408,0.400109993808109,NA,NA,NA,NA,0.42611738483436,1314.2173784828,1440.69055506584,1680.211708184,1247.11455194799,-0.0619562551506342,0.370071922768185,-0.101145132831761,-0.76971393596539,-0.97759100358747,-0.181625965716469,-0.181959773183273
"54",54,"COCRUG","Coccoloba rugosa",1573,4508,5999,5504,3931,4.47426146260533,NA,NA,4.72939528251154,NA,5.55038135456841,1511.56414014902,1360.91740902951,1234.77816247623,1215.24021765185,0.435469597350807,1.2963392968387,0.174987927381609,-1.41095341139379,-0.0283248763764576,-0.24649743078675,0.826740119370947
"55",55,"COCSIN","Coccoloba sintenisii",333,420,434,445,112,1.72383335718721,0.342872593275385,NA,0.0271622021158041,NA,1.84636096342696,1879.33891053381,1684.53059410968,4053.24573341001,2045.09494777825,0.102157689424934,1.37681142659522,-0.0796419242548518,-1.18957544753242,-0.97759100358747,-0.208362148338768,0.301205019845287
"56",56,"COCSWA","Coccoloba swartzii",2322,5070,8232,7795,5473,NA,0.342872593275385,NA,NA,NA,NA,1342.4889719391,1267.25889201771,1223.95601793868,1119.06528212145,NA,NA,NA,NA,NA,NA,NA
"57",57,"COCUVI","Coccoloba uvifera",5946,11780,15644,15873,9927,0.0987706338156028,NA,NA,0.0879838142030917,NA,0.104231284753209,1276.12624775905,1197.15607570904,1168.7331580163,1124.57459745007,0.303796995295243,2.08911182069666,-0.0642147553123307,-1.01352047806875,-0.97759100358747,-0.108862971667282,0.503415877345114
"58",58,"COCVEN","Coccoloba venosa",3352,7536,7689,8330,4978,0.67863139410515,NA,NA,1.00812829246642,NA,0.747676203680033,1422.4121420216,1288.55344353803,1211.7235223565,1185.65213187135,NA,NA,NA,NA,NA,NA,NA
"59",59,"COFARA","Coffea arabica",2528,6205,11490,11233,8705,5.08973545578862,11.0690860390294,NA,12.3422863426032,NA,2.58490534879775,1309.21140922132,1254.93161537438,1184.44686345754,1107.37741777635,-0.101649406743054,-0.279042000899207,-0.0967519797659374,0.449944134108374,-0.97759100358747,-0.163732007118717,-0.652768673752059
"60",60,"COJARB","Cojoba arborea",3674,5751,4817,5498,1824,0.366570568976906,1.26598474124021,NA,0.365342127024147,NA,0.398933766479152,1533.94151744084,1510.49520613067,1515.30202739826,1502.9821462002,-0.646603519868885,-1.04165113642478,-0.0761536736617918,-0.875967165909394,-1.27423666834091,-0.0819045544294803,-0.772129541131779
"61",61,"COLARB","Colubrina arborescens",2253,3615,3187,3652,1399,0.745710243767556,1.71436296637692,NA,1.57646509417051,NA,0.792911622081201,1461.64134064373,1493.45712657068,1516.59588321105,1446.83015940848,1.04822033472521,-0.019811724827079,-0.097810264247555,-0.747587163144072,-0.265641408179211,-0.185153437513296,-0.372923317198321
"62",62,"COMDOD","Comocladia dodonaea",860,1516,1108,1396,536,0.67863139410515,0.866563438508563,20.1829605384615,0.676359849816685,25.9937670826838,0.738544385370785,1849.14716526226,1380.36295742859,1604.88172221969,1477.12968776108,0.864979766684486,-0.424613134312331,-0.102291023032675,-0.957403001067079,-1.03692013653816,1.24615035008249,-1.31118811257268
"63",63,"COMGLA","Comocladia glabra",1821,2865,2453,2750,929,1.01794709115772,0.342872593275385,NA,0.338179924908343,NA,1.47708877074157,1042.43700322657,1292.62054018829,1222.86070460408,1194.19316287038,0.434476269620319,-1.20929837319925,-0.106568623360607,1.00951896995783,-0.858932737686093,0.879829832067175,-1.61650057210864
"64",64,"CONERE","Conocarpus erectus",1876,3420,4228,4708,2832,0.421080312825569,0.768383320553891,NA,0.757846456164098,NA,0.458256914066671,1466.205173744,1304.57431641668,1281.73815890587,1246.2523045371,NA,NA,NA,NA,NA,NA,NA
"65",65,"CORALL","Cordia alliodora",2341,6107,11161,10800,8459,4.48707237991469,2.81456407554947,NA,5.23113434933842,NA,3.16185681331308,1354.34542667568,1310.67868318762,1211.87870029989,1153.17688705214,-0.615072548772193,-0.335215846566455,-0.100954615703938,-0.0130327785343077,-1.21490753539022,-0.182936787839041,-0.548844721692624
"66",66,"CORBOR","Cordia borinquensis",2369,5731,8694,7933,5564,1.07245683500639,3.30622169682012,NA,1.74522402877332,NA,1.1671397256437,1364.61042834296,1245.56509932732,1106.99459008756,1064.20739655755,-0.0821837341352816,0.564877137401201,-0.0825457901916283,0.327175676654716,-0.502957939981964,-0.17940498785596,-0.00265792273882355
"67",67,"CORCOL","Cordia collococca",959,3064,5177,5553,4594,0.339315697052575,NA,NA,0.338179924908343,NA,0.369272192685393,1521.74629236146,1333.3189454975,1273.20022317815,1204.00043685658,NA,NA,NA,NA,NA,NA,NA
"68",68,"CORLAE","Cordia laevigata",4406,9120,11523,12161,7755,NA,2.32769667679263,NA,NA,NA,0.148307868968796,1358.36876109876,1224.00055550382,1202.52203697714,1169.92328202597,-1.15559848745776,-0.601221957268707,-0.10008077234959,-0.07590156069196,-1.27423666834091,-0.181123797181059,-0.504315124112653
"69",69,"COROBO","Cornutia obovata",5946,11780,15644,15873,9927,NA,NA,NA,NA,NA,0.0296615737937593,1276.12624775905,1197.15607570904,1168.7331580163,1124.57459745007,NA,NA,NA,NA,NA,NA,NA
"70",70,"CORRIC","Cordia rickseckeri",2553,5016,6060,6700,4147,0.00521995550273831,0.68574518655077,NA,0.00443893870146112,NA,NA,1394.59228230196,1250.56382286081,1252.52567849561,1224.75622241807,NA,NA,NA,NA,NA,NA,NA
"71",71,"CORSUL","Cordia sulcata",1965,4607,9054,8331,6366,6.5182576728215,2.75534065850853,NA,6.3132635276409,NA,6.25919891374142,1305.36860011216,1240.26341901588,1113.69274628789,1066.78564416645,-0.707327214528339,1.40311331832276,-0.00183338947496491,-0.547784340428079,1.15825778263731,-0.176939801360767,1.62398379396248
"72",72,"CRECUJ","Crescentia cujete",3322,5718,6103,6775,3453,NA,0.0332386969961233,NA,0.0316387773146524,NA,0.0318265901782327,1455.8986339857,1299.15633560114,1287.20694158994,1280.71207787743,NA,NA,NA,NA,NA,NA,NA
"73",73,"CROAST","Croton astroites",770,1673,1673,2020,1250,0.959286836594915,1.93301409883556,NA,2.55963945377591,NA,0.426273592583725,1863.90123904066,1440.25236891705,1457.21150832837,1374.89830469067,NA,NA,NA,NA,NA,NA,NA
"74",74,"CROFLA","Croton flavens",1215,2549,1860,2378,1163,NA,1.44266384953498,NA,0.876216361288348,NA,NA,1553.2925036044,1316.18015739394,1339.24271080683,1272.06711797594,NA,NA,NA,NA,NA,NA,NA
"75",75,"CROPOE","Croton poecilanthus",588,787,839,797,209,0.705886266029481,1.2214400925001,NA,1.09602638107244,NA,0.0296615737937593,1161.70333648526,1199.57388845408,NA,1000.81848278896,-0.579397425146293,3.21641380343751,-0.0849230145914054,0.018433200175033,-0.265641408179211,0.178643981565252,1.41982492826004
"76",76,"CRORHA","Crossopetalum rhacoma",641,1120,782,959,318,4.41110406168347,3.77159852602923,NA,4.39633902380845,14.4409817126021,6.27762727565168,1668.43074033978,1436.85434315825,1923.40384498185,1750.23346402969,1.43905555691458,1.75053871834467,-0.109479204351559,-1.19806412955548,-1.3335658012916,-0.184559931881685,-0.194805828918457
"77",77,"CSSGUI","Cassipourea guianensis",3913,8059,10871,10321,6408,0.67863139410515,NA,NA,0.0316387773146524,NA,0.738544385370785,1335.48642528259,1213.49650335666,1167.94780737869,1106.64193995503,NA,NA,NA,NA,NA,NA,NA
"78",78,"CUPAME","Cupania americana",3880,8071,11789,11859,7979,4.00913866943157,3.72596041885737,NA,4.98339888264224,NA,4.49292827137791,1336.77843174026,1200.00514333102,1149.04182110889,1132.98196832647,-1.02998322765755,0.286306282693055,-0.0446420322592983,-0.0783990435211676,0.208991655426295,-0.162576999701281,0.641548743208561
"79",79,"CYAARB","Cyathea arborea",2569,5872,9975,9320,6751,5.83919309132109,2.74765929301258,NA,6.55669659509387,NA,2.69050571887251,1309.0345161511,1233.33166077367,1144.2131971432,1073.77306043816,NA,NA,NA,NA,NA,NA,NA
"80",80,"CYRRAC","Cyrilla racemiflora",718,799,837,815,97,0.0272548719243315,0.137730223338536,NA,0.0271622021158041,NA,0.0296615737937593,1866.72684302854,3326.3062355367,5857.62356860136,2008.71996460092,-0.587175551176584,0.671541871356851,-0.105789860457291,-0.858370791890738,-0.265641408179211,0.107769301002076,0.420387949131725
"81",81,"DACEXC","Dacryodes excelsa",2059,4244,6836,6191,4132,1.15092587717855,0.673425129287871,NA,1.14420580538688,NA,1.09417033184182,1363.65365232398,1233.98524691846,1069.43133998557,1042.27384348403,-0.998952148012052,-0.304211784938611,-0.000249148982020563,-0.155202246310007,1.51423258034144,0.0588319864229293,1.00271648501375
"82",82,"DAPAME","Daphnopsis americana",1152,2213,3803,3423,2271,1.5785393182139,0.0332386969961233,NA,1.63526607360097,NA,1.70879957210639,1262.56457985696,1380.12102691898,1219.12531103251,1148.7373120516,NA,NA,NA,NA,NA,NA,NA
"83",83,"DAPPHI","Daphnopsis philippiana",2420,4668,8031,7372,4952,0.339315697052575,0.342872593275385,NA,0.338179924908343,NA,NA,1319.47682596517,1290.00546400706,1238.9260926808,1132.10123769488,NA,NA,NA,NA,NA,NA,NA
"84",84,"DELREG","Delonix regia",3763,8176,12719,12506,8743,1.97353534950749,0.124007482282263,NA,0.852725151610668,NA,2.05179039062515,1343.37666475396,1235.98347092424,1223.14276611307,1187.68834960472,NA,NA,NA,NA,NA,NA,NA
"85",85,"DENARB","Dendropanax arboreus",4437,8583,13929,13393,8956,9.9497478359282,8.20034259055233,NA,9.04711781541694,NA,8.42294278858191,1244.74570475247,1206.36911722907,1128.10323860027,1080.08476449904,-1.24376489840353,-0.314211803784312,-0.0955574860222728,1.00142876833545,1.75154911214419,-0.186028349448881,1.04995464747718
"86",86,"DITMYR","Ditta myricoides",794,1148,1464,1264,470,0.705886266029481,0.68574518655077,NA,0.676359849816685,NA,NA,1707.39362870317,1345.84840273348,1454.20921580328,1369.08796986816,NA,NA,NA,NA,NA,NA,NA
"87",87,"DRYALB","Drypetes alba",3253,5587,6020,6336,3083,NA,2.74298074620308,NA,NA,NA,NA,1366.23716198214,1374.22304058572,1339.11065216367,1337.97667680917,NA,NA,NA,NA,NA,NA,NA
"88",88,"DRYGLA","Drypetes glauca",1501,2151,2581,2399,898,0.0272548719243315,0.425510727278506,NA,0.338179924908343,NA,0.0296615737937593,1345.4978436411,1443.63570981793,1287.27641219249,1263.77502183197,0.057913127264622,-0.316199797934946,-0.0983591726558422,-0.0169393194948227,0.208991655426295,0.206138080969544,-0.159250178980052
"89",89,"ERIFRU","Erithalis fruticosa",1727,2893,2311,2743,1016,0.708563373482379,1.37149037310154,NA,0.676359849816685,NA,0.0318265901782327,1723.02555392102,1557.25449800699,1569.27016322543,1491.52800913431,1.91570224498709,2.49063460137885,-0.107276358062764,-1.25421345309933,-1.39289493424229,0.14338736752166,-0.148503698240556
"90",90,"ERYARE","Erythroxylum areolatum",678,1127,718,953,275,2.23352328584869,NA,0.462926615384615,0.788232547085257,NA,2.41520442824486,1600.70501650251,1322.9515969682,1427.63700212899,1223.95322015882,1.38954818128396,-0.354110465266568,-0.107193709705539,-0.336048627146724,-0.858932737686093,0.766496547479554,-1.315132219234
"91",91,"ERYPOE","Erythrina poeppigiana",3743,7139,11946,11913,8170,2.66281376957495,1.89486522178798,NA,2.93960639121031,NA,1.46135664747321,1304.39281422546,1251.32796124073,1212.11034793925,1163.31291400856,-2.03336277999096,-1.23181162667423,-0.00586306697105447,3.23733007081568,1.03959951673593,-0.1567203453876,0.235885693911284
"92",92,"ERYROT","Erythroxylum rotundifolium",1324,2585,2240,2792,1468,7.38926611478743,NA,NA,7.14357826840519,NA,8.74116455909828,1694.47874511717,1383.41337886784,1317.35838078571,1227.85313368488,NA,NA,NA,NA,NA,NA,NA
"93",93,"ERYRUF","Erythroxylum rufum",1158,1727,1458,1686,528,0.712170818936353,0.414046069708828,NA,0.394116273542628,NA,1.1893674331218,1785.83950827733,1620.31013940753,1707.56199264334,1659.05019539418,1.50416359641456,-0.538490853011744,-0.101727613447161,0.352790682374181,-1.45222406719298,0.719490519183987,-1.83141186247793
"94",94,"EUGAXI","Eugenia axillaris",901,1738,1382,1726,825,NA,0.542454755873378,NA,NA,NA,NA,1974.43804639062,1571.13540849171,1620.80038853659,1424.08944306335,NA,NA,NA,NA,NA,NA,NA
"95",95,"EUGBIF","Eugenia biflora",3607,8424,9527,9873,6266,9.90642069030774,8.31081099693297,NA,8.88967512975916,NA,11.7475286084209,1352.64127170263,1191.13677776119,1166.68872061157,1127.22521893164,0.681821425776528,0.0116631148298126,-0.108647001515071,-0.54854709745004,0.327649921327672,-0.174908620650609,0.0322566692735697
"96",96,"EUGBOR","Eugenia borinquensis",1368,2828,3543,3168,1800,1.04520196308206,1.79700110038005,NA,1.37988190174918,NA,1.47708877074157,1364.52555399068,1334.95419390563,1146.45524178986,1156.65332571618,-1.23347376038679,2.71868616190939,-0.088647282283914,-1.15899526335736,-0.080007241274774,-0.271697824988904,1.83700245616571
"97",97,"EUGCON","Eugenia confusa",333,420,434,445,112,0.0272548719243315,0.370418637943092,NA,1.04170197684083,NA,0.0296615737937593,1879.33891053381,1684.53059410968,4053.24573341001,2045.09494777825,NA,NA,NA,NA,NA,NA,NA
"98",98,"EUGCOR","Eugenia cordata",1072,2888,6110,6201,5129,NA,0.0550920893354143,NA,NA,NA,NA,1429.98210197534,1222.03895268216,1203.1470028356,1136.27902396944,NA,NA,NA,NA,NA,NA,NA
"99",99,"EUGDOM","Eugenia domingensis",3464,7309,7913,7710,4246,NA,NA,NA,NA,NA,1.10781657805618,1373.16468908603,1185.93967592006,1146.1513919087,1120.06364647476,-0.679829273172442,-0.0200849431563094,-0.101396015208593,-0.619668411779635,0.564966453130425,-0.183818501210167,0.625048685361954
"100",100,"EUGLIG","Eugenia ligustrina",1946,3379,2872,3465,1519,1.79719675975648,NA,NA,2.9004106472854,NA,3.09009563325918,1550.4639085086,1356.45704338522,1350.58922672311,1306.20754706556,1.88299262280974,0.116579247347315,-0.109231219476461,-0.783956965987571,-1.45222406719298,0.13970643490989,-1.31153747129138
"101",101,"EUGMON","Eugenia monticola",4305,9806,10669,11180,6875,23.5925846721111,12.4684208613633,NA,23.3921089548511,NA,20.2899086281652,1373.53599050132,1218.27243800757,1163.95590689014,1137.59586096202,0.980780112839683,-0.479859368259043,-0.109554255417641,-0.462232243552849,0.446308187229049,-0.139258973504687,-0.256123728354536
"102",102,"EUGPSE","Eugenia pseudopsidium",2927,6104,6131,6277,3350,1.76365733492528,0.0550920893354143,NA,3.82929003815771,NA,1.90072820013738,1586.52241507222,1316.19989856529,1299.05250589925,1287.09027428334,1.2825607557381,-0.334162711218189,-0.104476068901637,-0.479353274502585,-0.740274471784717,0.00445537080878809,-0.944316971564676
"103",103,"EUGRHO","Eugenia rhombea",1807,4563,6465,6993,5186,7.3776925091827,5.24640767912475,NA,4.10832557346845,NA,6.85886467098648,1429.99142447009,1248.83546673754,1246.40273467738,1181.00388741185,1.43985735483365,0.44586289994858,-0.108415755148167,-1.04473261005665,-1.09624926948885,0.105046841955269,-0.776108552761542
"104",104,"EUGSTA","Eugenia stahlii",1979,3504,5772,5189,3210,0.0272548719243315,0.101281473467492,NA,0.13775168299905,NA,0.0296615737937593,1265.15039398112,1315.14629899889,1077.32283924111,1035.22617727023,0.249146147739234,1.33218564156635,-0.0998282556472332,-0.749657203192261,0.920941250834555,-0.302100069370455,1.15788180977295
"105",105,"EUPPET","Euphorbia petiolaris",836,1580,1176,1572,736,NA,NA,34.5993609230769,NA,63.5403195354492,NA,1619.72501167424,1284.71158861735,1310.58982951056,1239.75967988885,NA,NA,NA,NA,NA,NA,NA
"106",106,"EXOCAR","Exostema caribaeum",918,1875,1351,1826,908,8.77217814398146,10.6565964362046,14.4164003846154,6.987343892704,17.5610360296756,11.5858340204618,1529.02631070473,1261.81815034479,1258.69980940903,1207.56120024453,1.40797692266209,-0.185034761582461,-0.108865899393488,-0.742073060310249,-0.502957939981964,0.113177137748312,-0.794128591054705
"107",107,"EXOPAN","Exothea paniculata",2493,4613,4062,4372,1879,2.03589418231545,NA,NA,2.02907954945006,NA,2.21563315611236,1355.11302417968,1271.45293299839,1271.21024243773,1235.21305836891,0.297352218370601,-1.15708620363352,-0.0981160953284561,0.291946153380628,-0.146983142277834,0.041493906933662,-0.799590861494271
"108",108,"FAROCC","Faramea occidentalis",3379,7334,8116,8089,4710,3.79749633743566,2.05723555965231,NA,1.40801444007499,NA,4.80053850491011,1339.50336292522,1208.54272926751,1169.18916727387,1152.46477759224,0.302080400033772,-0.670000310665885,-0.0989555303352293,0.783041647010663,-0.740274471784717,-0.149918909845953,-0.902609685967885
"109",109,"FICAME","Ficus americana",3172,6873,9469,8864,5692,0.0272548719243315,0.0275460446677071,NA,0.0271622021158041,NA,0.0296615737937593,1354.20008467928,1274.36885603335,1150.07737286971,1115.23095412274,-1.12031151071801,-0.338385187841109,-0.0989837349470513,-0.200305024926979,0.208991655426295,0.00643968052296458,0.325964394299733
"110",110,"FICCIT","Ficus citrifolia",4622,10099,12419,12911,8289,1.41245500825733,1.98016599763923,3.11474338461538,1.35437224563416,3.35191229162656,2.67353340311813,1328.54664438966,1199.27354913704,1160.23658850524,1122.89833425109,-1.0997283472397,0.107447658671296,-0.101453410306786,-0.194439589017453,1.51423258034144,-0.186943451685393,1.25036482750636
"111",111,"FICTRI","Ficus trigonata",3957,9055,14746,14337,10380,0.054509743848663,0.0275460446677071,NA,0.0543244042316082,NA,0.0593231475875186,1350.30802730653,1223.82790940684,1214.58738464796,1164.34931454491,NA,NA,NA,NA,NA,NA,NA
"112",112,"GENAME","Genipa americana",2475,6421,8315,8039,5564,NA,2.40010815292769,NA,NA,NA,NA,1468.63122958659,1291.29520215848,1268.86957413525,1229.09091852634,NA,NA,NA,NA,NA,NA,NA
"113",113,"GESPED","Gesneria pedunculosa",3025,5764,9096,9145,6120,NA,2.48427641825297,NA,NA,NA,NA,1383.22033854701,1265.44141486411,1209.90156204128,1179.62983207128,NA,NA,NA,NA,NA,NA,NA
"114",114,"GOMLIN","Gomidesia lindeniana",1536,3613,6148,5708,4172,NA,0.68574518655077,NA,NA,NA,NA,1282.05006878644,1208.72285602492,1126.60883775869,1054.42625965829,NA,NA,NA,NA,NA,NA,NA
"115",115,"GUACAR","Guatteria caribaea",533,705,815,769,236,NA,NA,2.88328007692308,NA,NA,NA,1491.54364434337,1447.03006619133,1352.09439257278,1428.14279573005,NA,NA,NA,NA,NA,NA,NA
"116",116,"GUAFRA","Guapira fragrans",3668,8665,9387,9578,5910,14.3916142037612,4.42317144296963,NA,11.9728424978417,NA,17.1695492548397,1375.32574417109,1163.84530864627,1163.4530621164,1133.06569282735,-0.320353163019841,0.668544267626841,-0.104895931174768,-0.22135452146606,0.861612117883866,-0.180587201015563,0.900580166429174
"117",117,"GUAGLA","Guarea glabra",1917,3216,5202,4666,2749,2.37520987936802,1.96689409791464,NA,1.69089962454171,NA,2.21563315611236,1222.88116342828,1270.33569251459,1086.2537355091,1078.10889623813,-0.646381426909956,-0.417327292199883,-0.0338002536359647,0.174306195343952,-0.384299674080587,-0.113438482849845,-0.161306534852793
"118",118,"GUAGUI","Guarea guidonia",4172,9466,15307,14937,10765,78.8643738905235,66.6500714491701,NA,71.3776914540335,NA,76.298825691329,1290.04765229492,1150.68103363081,1111.11676272538,1059.97029628849,-0.457689132701852,-0.598723953668572,0.0212445703397126,1.09797027977109,0.564966453130425,-0.125186416967236,0.0721970064052413
"119",119,"GUAOBT","Guapira obtusata",2855,4457,3816,4277,1422,0.745710243767556,NA,NA,0.788232547085257,NA,1.1893674331218,1260.95096180984,1492.40377842896,1412.14164401362,1440.98959879484,-0.143308423847023,-0.0369334543323057,-0.0930072983927993,-0.218046340846571,-1.27423666834091,-0.0778573448594851,-0.603722298972542
"120",120,"GUAOFF","Guaiacum officinale",777,1493,1069,1352,575,0.206726822280615,0.7465299282146,NA,0.208858843653593,NA,0.118640186110336,1729.962617417,1386.2034845084,1559.9382359006,1329.82131729015,1.90267635248087,0.053738855561941,-0.102532745763742,-1.03477755981907,-0.97759100358747,0.4483039453305,-1.15734045975827
"121",121,"GUAULM","Guazuma ulmifolia",1381,4310,7594,7648,6267,3.37540282808737,1.84752043501635,NA,2.07754854810787,NA,4.28958637509582,1449.51640137098,1311.92890589973,1210.58847012361,1155.43730891124,-0.897565629804119,-2.39888104389031,-0.101289527665202,2.46086419516165,0.208991655426295,-0.181205513337531,-1.03319161345515
"122",122,"GUEELL","Guettarda elliptica",853,1723,1207,1546,693,NA,0.346937918916894,20.1829605384615,NA,20.2173743976429,NA,1769.31726375451,1438.10760208636,1559.5442743494,1455.61966197095,NA,NA,NA,NA,NA,NA,NA
"123",123,"GUEOVA","Guettarda ovalifolia",2910,5932,9118,8675,5765,0.0272548719243315,NA,NA,0.338179924908343,NA,0.430760356657385,1337.20590097437,1248.54184744719,1161.86770293465,1132.04353292202,0.164930352868498,-0.734552874713269,-0.100334072107192,0.838726994332501,-0.62161620588334,-0.195614867660816,-0.818576610387131
"124",124,"GUEPUN","Guettarda pungens",1863,3231,3793,3962,2099,5.83544569955618,NA,NA,4.39633902380845,NA,5.59345012699131,1492.35928854766,1433.375567354,1352.60180699033,1410.48885146026,NA,NA,NA,NA,NA,NA,NA
"125",125,"GUESCA","Guettarda scabra",3306,5571,5376,5875,2569,28.45336089204,23.4166619179495,NA,27.5549000392642,NA,34.4341458176583,1502.68947914069,1433.86916206997,1364.62463874123,1340.37363204752,0.820321316085631,1.47246129254857,-0.104716784388639,-0.520925330725425,-0.146983142277834,-0.117791529436709,0.379550470114241
"126",126,"GUEVAL","Guettarda valenzuelana",1642,4576,6318,5986,4344,0.0272548719243315,NA,NA,NA,NA,0.0296615737937593,1529.63160563012,1289.77262316858,1149.64555867773,1102.90269535491,-0.455067371983198,1.69327199640973,-0.0922646778378312,-0.688712919175136,0.802282984933178,-0.266610561199263,1.48497081551136
"127",127,"GYMLAT","Gyminda latifolia",3276,5301,4322,5041,1765,1.49142048753511,NA,14.4164003846154,1.97058136771314,11.5527853700817,3.40747854467271,1510.84580877581,1421.64455348111,1467.94810641319,1420.70513542166,1.00754897587939,0.994596128937218,-0.108843858013588,-0.823509831136109,-0.384299674080587,-0.182291826255996,0.042372725620861
"128",128,"GYMLUC","Gymnanthes lucida",2484,4096,3318,3877,1393,11.2273499821122,13.8203654916831,NA,11.2475126479242,NA,17.0952553369489,1398.68310273044,1345.01484371229,1315.47545841526,1263.05108273185,1.35009858524915,-0.120213801741435,-0.107167201512972,-0.631419799970843,-0.146983142277834,0.51061725175719,-0.703397791196856
"129",129,"HELJAM","Helicteres jamaicensis",2371,4066,3892,4465,2094,0.67863139410515,NA,NA,NA,NA,1.12199122183278,1543.90085418858,1364.95320493024,1363.85581449758,1300.63423359294,0.695134873015545,0.264492259319989,-0.0897876538115483,-0.295407692522742,-1.15557840243953,-0.0215622183039855,-0.698363154408411
"130",130,"HENFAS","Henriettea fascicularis",3132,7748,13722,13096,9964,NA,0.0275460446677071,NA,NA,NA,NA,1356.96758047843,1220.38370145789,1139.84993787525,1089.98940578083,NA,NA,NA,NA,NA,NA,NA
"131",131,"HENMAC","Henriettea macfadyenii",2076,4061,6688,6117,4041,NA,1.87963923438317,NA,1.40704410386498,NA,NA,1311.55657552002,1273.69548012849,1111.1158341905,1063.52064721739,NA,NA,NA,NA,NA,NA,NA
"132",132,"HIBELA","Hibiscus elatus",3424,7743,12262,12041,8617,NA,0.867102841655041,NA,0.788232547085257,NA,NA,1349.77518556516,1241.16562811547,1228.26651122396,1189.85543685996,NA,NA,NA,NA,NA,NA,NA
"133",133,"HIPMAN","Hippomane mancinella",1489,2797,3774,4065,2576,0.339315697052575,NA,NA,NA,NA,0.770806056670659,1500.90922690137,1314.29570643699,1287.88679174578,1225.41319322628,NA,NA,NA,NA,NA,NA,NA
"134",134,"HIRRUG","Hirtella rugosa",2179,4719,7391,6670,4491,0.67863139410515,0.68574518655077,NA,0.676359849816685,NA,NA,1295.43619548771,1209.37091089075,1050.46100742052,994.80782533749,NA,NA,NA,NA,NA,NA,NA
"135",135,"HIRTRI","Hirtella triandra",3957,9055,14746,14337,10380,NA,0.828092139417656,NA,NA,NA,NA,1350.30802730653,1223.82790940684,1214.58738464796,1164.34931454491,NA,NA,NA,NA,NA,NA,NA
"136",136,"HOMRAC","Homalium racemosum",1735,4841,6538,5981,4246,4.5078663154202,5.4012625531867,NA,3.28807914321732,NA,4.47725615265195,1515.85937078311,1272.97520144935,1189.99134038384,1145.04939332471,0.596248224697162,-0.60493773618541,-0.102815248732214,1.15613318350452,1.75154911214419,-0.243432800223749,0.277646340123821
"137",137,"HURCRE","Hura crepitans",2004,4287,8285,8371,6367,NA,0.0550920893354143,NA,NA,NA,0.0296615737937593,1348.11474803489,1286.44637848037,1225.19474629872,1174.69205341109,NA,NA,NA,NA,NA,NA,NA
"138",138,"HYMCOU","Hymenaea courbaril",1629,4476,6964,7230,5601,2.739613178048,2.65278045465941,NA,3.01598494341881,NA,0.945519254019581,1443.0786676874,1220.62184542069,1226.70575430246,1224.41593134167,NA,NA,NA,NA,NA,NA,NA
"139",139,"HYPTRI","Hypelate trifoliata",442,693,498,580,138,NA,NA,0.462926615384615,NA,0.463715949106138,NA,1545.38083484985,1810.04634021941,1400.86399565541,1409.04010736849,NA,NA,NA,NA,NA,NA,NA
"140",140,"ILENIT","Ilex nitida",1445,1779,3410,3329,1884,1.3572627882103,0.68574518655077,NA,0.676359849816685,NA,1.47708877074157,1206.1306873297,1373.51509628826,1193.11961977983,1184.15377173594,-0.165068610481732,0.0965015474562347,-0.100119849915579,-0.2027137863632,0.208991655426295,-0.0328246654247972,0.206567515607534
"141",141,"ILESID","Ilex sideroxyloides",3489,8242,14256,13689,10200,0.339315697052575,NA,NA,NA,NA,NA,1346.01905623469,1210.62917563757,1142.79647454476,1097.63055365309,NA,NA,NA,NA,NA,NA,NA
"142",142,"INGLAU","Inga laurina",2435,6004,10928,10372,7937,7.13474393132493,6.92131014670499,NA,6.12766672653461,NA,6.01321598805409,1327.23023074089,1233.93069445032,1104.65765410928,1074.35515599553,-0.0288577625652402,-0.284724958278055,-0.0673314527355684,0.0108741817766016,1.51423258034144,-0.0766043812055711,0.658450343505279
"143",143,"INGVER","Inga vera",2822,7233,12897,12489,9667,9.51133930086568,12.9047453054485,11.5331203076923,13.1532681288826,NA,9.00215453958993,1303.31090749131,1171.36564009715,1129.86636593985,1075.1394035658,-0.450553460198477,-0.747199015787354,-0.0014517650484646,1.38348195746996,-0.740274471784717,-0.0965429170903752,-0.734558131099757
"144",144,"IXOFER","Ixora ferrea",3191,6529,7099,6922,3731,0.421080312825569,1.08370986916157,NA,0.0543244042316082,NA,0.886852254339582,1379.08861360377,1195.54980709332,1148.88567549821,1152.47190967802,0.0698032599724645,-0.190664731068746,-0.0959406530503035,-0.0523718860229694,-0.740274471784717,-0.0815487459169969,-0.497523492895617
"145",145,"KRUFER","Krugiodendron ferreum",2247,4138,3213,3973,1726,5.62682069837974,1.37555569874305,9.11276684615385,5.13832725173371,3.35191229162656,7.99665959666309,1532.07339079091,1309.94218576604,1308.51320101045,1252.34744213824,1.54107443891052,-0.78054871525091,-0.107318145276284,-0.313085099643538,0.208991655426295,-0.175876897746811,-0.716375085703132
"146",146,"LAEPRO","Laetia procera",3126,7735,13699,13076,9950,NA,0.447284766704951,NA,NA,NA,0.0296615737937593,1337.41906109936,1201.41570106541,1137.18728695331,1079.4943413521,-0.100152575604416,-2.40024741887277,-0.0835569007922251,2.19380211164105,1.75154911214419,-0.186522999306455,-0.460954421027651
"147",147,"LAGRAC","Laguncularia racemosa",1025,1673,1503,1752,727,2.27546392388361,2.88361689968352,NA,2.75976380349835,NA,0.886852254339582,1765.90859000452,1558.90779730455,1638.88921554231,1582.06078076078,NA,NA,NA,NA,NA,NA,NA
"148",148,"LEULEU","Leucaena leucocephala",1805,3658,4198,4855,3050,74.3569824473324,69.8821328801595,NA,81.0881032943007,NA,55.7866617685086,1495.46775787194,1369.07415638247,1356.75251741575,1325.7702188494,0.0154135190325223,-1.0027447379509,-0.0978936312440627,-0.423188173104718,-0.740274471784717,-0.181666774329719,-0.757515250328654
"149",149,"LICBRI","Licaria brittoniana",333,420,434,445,112,NA,NA,NA,NA,NA,0.369272192685393,1879.33891053381,1684.53059410968,4053.24573341001,2045.09494777825,NA,NA,NA,NA,NA,NA,NA
"150",150,"LICPAR","Licaria parvifolia",3207,5765,5429,6004,2797,4.32125010455991,1.85209318971546,NA,2.5046824293401,NA,3.9201026954498,1504.79578443726,1299.21858253111,1273.18598362965,1241.79271393175,0.541131982987772,0.0258705082769311,-0.106785704836212,-0.824159332779407,0.446308187229049,0.187767718040428,0.0771652701471097
"151",151,"LONGLA","Lonchocarpus glaucifolius",1392,2142,1770,2040,648,0.705886266029481,1.74190901104463,NA,0.0271622021158041,NA,0.768205959164545,1113.5775248519,1244.44837065049,1201.88100088357,1175.31451846265,0.67508197760295,-0.144231496487457,-0.0925990800048707,-0.635463600654263,0.327649921327672,-0.112161451700184,-0.0332230882017906
"152",152,"LONHEP","Lonchocarpus heptaphyllus",5454,10893,15054,15077,9623,0.299803591167646,NA,NA,NA,NA,0.266954164143834,1255.2466967377,1169.54352801057,1126.84970330059,1088.62648720801,0.00230938441647591,-0.232960832129453,-0.070128420079423,0.04249884779792,-0.62161620588334,-0.175764364904213,-0.402973060555893
"153",153,"MAGPOR","Magnolia portoricensis",1143,1462,2002,1837,694,0.111696595150224,0.0550920893354143,NA,0.113125383662065,NA,0.120811311559511,1034.64621677798,1658.17008108947,1258.24932414805,1228.96303237015,-0.336979311776365,0.0923173914505975,-0.093603119179721,-0.549075710575002,-0.0283248763764576,-0.170257675364766,0.242026856253126
"154",154,"MAGSPL","Magnolia splendens",3132,7748,13722,13096,9964,0.0272548719243315,NA,NA,0.0271622021158041,NA,NA,1356.96758047843,1220.38370145789,1139.84993787525,1089.98940578083,NA,NA,NA,NA,NA,NA,NA
"155",155,"MAMAME","Mammea americana",2825,5794,6231,6122,3297,0.421080312825569,0.45874942427463,NA,0.730684254048294,NA,0.458256914066671,1420.56788615396,1266.09940825152,1255.9419878192,1145.90687791259,0.59109590658612,1.2697824008782,-0.0892139205627224,-0.880770428400116,0.208991655426295,8.8774409908859,-2.22379625640406
"156",156,"MANBID","Manilkara bidentata",1508,2837,3368,3188,1680,0.745710243767556,0.0275460446677071,NA,0.788232547085257,NA,1.16218381476659,1528.1967088022,1361.87987883419,1353.96514067039,1352.57681543206,0.874725487895853,0.183165224722546,-0.0789095298627023,-0.648736880027865,-0.384299674080587,-0.0015239525736487,-0.345552464516685
"157",157,"MANIND","Mangifera indica",1259,4394,8309,8125,6866,4.20460791165967,2.22119328055719,NA,3.35726255524111,NA,3.23493735268272,1497.16505738518,1244.20488318588,1129.17160362414,1098.7296542581,-0.614293310039681,-0.671821770456305,-0.0512712625925693,-0.205971222470013,0.327649921327672,1.84920848954077,-0.491017595233321
"158",158,"MARNOB","Margaritaria nobilis",3122,6433,6991,6818,3696,0.205457076613793,0.132954787984493,NA,0.12655510925861,NA,0.220180111471621,1365.64617847962,1188.28566033773,1140.33032171287,1127.52671510648,-0.856471327191048,0.134046237249088,-0.0942930607025053,0.207626349693968,-0.265641408179211,-0.1856573620557,0.204615592858017
"159",159,"MATDOM","Matayba domingensis",1946,3412,5617,5028,3082,0.163529231545989,0.453056771946213,NA,0.473990935487363,NA,0.148307868968796,1267.92945905406,1382.18287494704,1113.74549361648,1040.17058731466,0.28877965964802,0.112426317333383,-0.103149724753695,-0.939163511530593,1.51423258034144,-0.0704314309434098,0.853507976946711
"160",160,"MAYELO","Maytenus elongata",4290,9475,15180,14782,10492,NA,NA,NA,NA,NA,0.369272192685393,1343.68651338106,1221.96951423803,1220.54130525102,1165.22223537542,NA,NA,NA,NA,NA,NA,NA
"161",161,"MAYLAE","Maytenus laevigata",1957,4019,3651,3854,1897,0.00490838780027452,NA,NA,NA,NA,0.77468755011051,1560.3452741509,1225.73155461796,1369.39992058153,1368.90599182404,NA,NA,NA,NA,NA,NA,NA
"162",162,"MAYPON","Maytenus ponceana",2873,4518,3893,4405,1532,0.0272548719243315,NA,NA,0.0271622021158041,NA,0.398933766479152,1258.08214617361,1314.29808821544,1269.82110718299,1237.82261061172,NA,NA,NA,NA,NA,NA,NA
"163",163,"MELBIJ","Melicoccus bijugatus",2449,4421,5171,5757,3308,2.44040745712747,1.61495342250924,NA,1.85697209923703,NA,2.51779796695155,1458.52996854216,1280.89142305285,1295.58527002809,1266.37028437679,NA,NA,NA,NA,NA,NA,NA
"164",164,"MELHER","Meliosma herbertii",2739,6012,10075,9397,6658,0.19078410347032,0.19282231267395,NA,0.190135414810629,NA,0.576903209241708,1341.14541827385,1261.03106172619,1144.46892449902,1082.54540182417,-1.12433381198572,-0.0271886393880743,-0.0664403451347492,0.233367234569556,0.564966453130425,-0.227310133941538,0.675784599829497
"165",165,"MICGAR","Micropholis garciniifolia",1005,2524,3376,2872,1867,0.136274359621657,2.71834063167728,NA,1.44913500857789,NA,0.0296615737937593,1764.80763495717,1266.91124033297,1095.51988968897,1045.28397476867,-1.63645109380665,2.45096318823892,-0.101614946428898,-1.01859029555105,0.208991655426295,0.314659716980863,1.78928221275789
"166",166,"MICGUY","Micropholis guyanensis",2003,3550,5877,5293,3290,2.17490894594024,3.66722620764222,NA,3.006918825619,NA,2.24828968937931,1250.87902753442,1327.74342476888,1092.98989563457,1048.46426572423,0.450244604036122,0.80769241116546,-0.103329251974534,-0.970997496357412,1.15825778263731,-0.0456887651071744,0.925671542286033
"167",167,"MICIMP","Miconia impetiolaris",1882,5371,7107,6858,4976,4.17240663912451,1.71436296637692,NA,2.47913217162697,NA,1.10781657805618,1462.02872192984,1260.17680289165,1209.46058457496,1215.83350180138,0.417703065038809,-0.352865800601046,-0.0664727747457614,0.746307959716898,-1.27423666834091,-0.0673244346136266,-1.07624482233252
"168",168,"MICLAE","Miconia laevigata",5561,11598,16778,16601,11040,0.372855121883778,1.85209318971546,NA,2.61171929340064,NA,0.792911622081201,1284.45294725028,1182.51903392542,1140.63221359911,1100.67977093857,-1.13790975635944,0.109680539606819,-0.104677327056777,0.65109973875319,-1.45222406719298,-0.233781847808417,-0.379405642878027
"169",169,"MICPAC","Miconia pachyphylla",630,821,879,834,204,NA,0.342872593275385,NA,NA,NA,NA,3120.27484601744,3209.00055007449,4367.81318334912,2963.63126710303,NA,NA,NA,NA,NA,NA,NA
"170",170,"MICPRA","Miconia prasina",2787,6982,10494,10163,7376,20.7107346837688,6.92862534194114,NA,22.728766184765,NA,19.3296208236644,1401.81886326607,1268.20974986443,1208.28315329982,1180.48751312036,-0.129500353300604,-0.794661075337628,-0.0980568483752002,0.209947784817366,-0.740274471784717,-0.186310695587584,-0.710301403806955
"171",171,"MICRAC","Miconia racemosa",2395,5840,9084,8398,6003,1.3572627882103,NA,NA,1.04170197684083,NA,0.768205959164545,1338.10890320619,1323.26889480499,1113.92091358298,1057.64375957026,-1.39901012074368,-0.791084389638902,-0.0892932697828593,1.16227413484113,-0.62161620588334,-0.186770324235242,-0.354103353507775
"172",172,"MICSER","Miconia serrulata",2146,4378,9692,9146,7000,1.11856536565133,0.68574518655077,NA,0.788232547085257,NA,1.1893674331218,1335.38567224765,1342.62666791651,1255.06607560548,1199.24106736679,NA,NA,NA,NA,NA,NA,NA
"173",173,"MICSIN","Miconia sintenisii",1585,2463,3834,3451,1866,NA,NA,NA,NA,NA,0.369272192685393,1210.23054425186,1273.08021618813,1063.69856959955,1049.76106309306,-1.40069398794447,1.37058100139117,-0.0948943206626255,-0.599391978875671,-0.953139752351078,-0.187011713365738,0.720256329618226
"174",174,"MICTET","Miconia tetrandra",2663,6434,10495,9770,7107,2.56898296214439,0.756918662984213,NA,2.33717618113078,NA,5.35998715200844,1430.46448795992,1257.31347990934,1140.7877774597,1094.09954545489,-0.13580268119982,-0.368936051121444,-0.0876328985207426,-0.117776966024959,0.683624719031802,-0.256786639563253,0.295209084694009
"175",175,"MOUHEL","Mouriri helleri",333,420,434,445,112,NA,0.342872593275385,NA,NA,NA,NA,1879.33891053381,1684.53059410968,4053.24573341001,2045.09494777825,NA,NA,NA,NA,NA,NA,NA
"176",176,"MYRCOR","Myrsine coriacea",2050,4430,7603,6977,4927,3.73247266757832,2.86455022953074,NA,5.27501132763882,NA,2.29966196661653,1285.37552001713,1206.8996144668,1159.75852467982,1064.61090410303,-0.180008427541014,0.148491237117846,-0.106583297423614,-0.419967883893815,0.208991655426295,-0.185862641746593,0.313388075949408
"177",177,"MYRDEF","Myrcia deflexa",2197,5256,7956,7278,5081,2.06943360714665,1.02861777982615,NA,1.35271969963337,NA,4.11636135624973,1400.28387481697,1187.19880959142,1187.07529513897,1125.84572825691,0.691926488658637,-0.00784472817133544,-0.0965521534078158,-0.379901422089299,0.327649921327672,-0.161302800353709,-0.00362265635291519
"178",178,"MYRFAL","Myrcia fallax",1690,3050,4527,4101,2411,NA,0.68574518655077,NA,0.676359849816685,NA,NA,1231.88080753262,1295.55640210425,1179.96528889484,1089.63284093981,NA,NA,NA,NA,NA,NA,NA
"179",179,"MYRFLO","Myrciaria floribunda",24,74,100,148,124,0.325118349286653,NA,NA,0.276473702208114,NA,0.348742437200881,4616.84236177389,2795.98225532594,2719.88699505159,1901.96955547704,NA,NA,NA,NA,NA,NA,NA
"180",180,"MYRSPL","Myrcia splendens",2364,5545,10113,9434,7070,14.7402907577053,24.9477359067289,NA,16.2556248202109,NA,11.2053935370006,1324.15355649878,1229.83892284163,1099.27811927703,1060.45403892405,NA,NA,NA,NA,NA,NA,NA
"181",181,"NECCOR","Nectandra coriacea",4049,8737,9846,10156,6107,5.55269838765724,1.1444946108254,NA,5.26605817724113,NA,5.02572398732214,1318.46974590145,1250.80759359295,1178.99390719259,1143.32148024544,0.187863176308118,-0.391141311487317,-0.103816323981405,-0.625008505870962,2.2261821757497,-0.0424946723303086,0.969534098555095
"182",182,"NECKRU","Nectandra krugii",2967,6721,10838,10786,7819,NA,0.342872593275385,NA,NA,NA,NA,1366.90273095639,1250.55153072457,1241.02556457279,1219.88800868738,NA,NA,NA,NA,NA,NA,NA
"183",183,"NECTUR","Nectandra turbacensis",3096,5449,6478,6311,3215,0.745710243767556,2.23859321475658,NA,1.07047612335931,NA,NA,1400.64191568771,1324.28618181248,1192.96118871925,1159.38342901391,NA,NA,NA,NA,NA,NA,NA
"184",184,"NEEBUX","Neea buxifolia",2571,4184,3555,4033,1462,0.339315697052575,0.342872593275385,NA,0.338179924908343,NA,NA,1474.12530221721,1436.82108151994,1316.09868057613,1350.58298017347,NA,NA,NA,NA,NA,NA,NA
"185",185,"NEORES","Neolaugeria resinosa",2932,4808,4831,5084,2152,5.6351447661284,6.49831721706999,NA,7.27067072765379,NA,6.88160522917508,1489.49016535686,1487.68554580484,1398.12290656946,1440.35045167766,0.2272274306745,-0.697922673693689,-0.106341983187208,-0.358276825148439,0.683624719031802,-0.113497434903758,0.0037411755861992
"186",186,"OCHPYR","Ochroma pyramidale",3126,7735,13699,13076,9950,0.0817646157729944,0.0275460446677071,NA,NA,NA,0.0296615737937593,1337.41906109936,1201.41570106541,1137.18728695331,1079.4943413521,-2.932474772544,-0.26689748798601,-0.0749286680217465,1.14959751549518,1.39557431444006,-0.185756292027215,1.45605508719902
"187",187,"OCOFLO","Ocotea floribunda",5981,12192,17515,17353,11372,0.138951467074555,0.851021454557013,NA,1.23506128045682,NA,0.460108991397066,1264.96171480856,1167.14857321185,1143.50014254503,1089.69693342194,-1.47042159603577,-0.0464885486476366,-0.0866566991617191,0.219263338187595,0.564966453130425,0.0161993518232402,0.699933883374059
"188",188,"OCOLEU","Ocotea leucoxylon",3431,7126,12907,11994,8563,19.5200367162208,21.9434052805832,NA,17.12147847848,NA,15.8332661003876,1304.54475416139,1212.92679490791,1135.60985503209,1078.75671200751,-1.04565484754516,-0.302386906193732,-0.0756494979498441,-0.241518283376449,1.75154911214419,-0.174651402724671,1.1867347101197
"189",189,"OCOSPA","Ocotea spathulata",1055,1427,1532,1453,398,NA,NA,NA,0.394116273542628,NA,NA,1591.52697626514,1805.22444086156,1701.2264189366,1593.3114521756,NA,NA,NA,NA,NA,NA,NA
"190",190,"OCOWRI","Ocotea wrightii",1388,1966,4087,3901,2513,0.0272548719243315,0.0275460446677071,NA,0.0271622021158041,NA,0.0296615737937593,1498.37417920317,1491.75377743689,1394.30744808581,1338.91758905463,NA,NA,NA,NA,NA,NA,NA
"191",191,"ORMKRU","Ormosia krugii",2551,5953,9379,8656,6105,1.48663412877716,1.36285229276092,NA,0.836052713390513,NA,0.538238361056614,1385.57474379482,1312.27955986364,1106.34886389472,1065.74422925887,-0.950330611890515,-0.681876233889492,0.181126992724018,0.359384196628506,1.51423258034144,-0.0979806748006466,0.886484830588714
"192",192,"OXALAN","Oxandra lanceolata",2879,4531,3916,4425,1546,NA,1.37149037310154,NA,NA,NA,NA,1273.60987075228,1449.28153465494,1390.60962772685,1383.62371646345,NA,NA,NA,NA,NA,NA,NA
"193",193,"PALCRO","Palicourea crocea",1637,3538,7691,7251,5614,NA,0.342872593275385,NA,0.338179924908343,NA,1.87354458178217,1404.506264239,1287.75608111531,1250.97646008612,1213.79577518742,NA,NA,NA,NA,NA,NA,NA
"194",194,"PALRIP","Palicourea croceoides",3035,7421,12699,12165,9130,NA,1.02861777982615,NA,NA,NA,NA,1360.35125572557,1207.63479362808,1109.9437703714,1094.11944782017,NA,NA,NA,NA,NA,NA,NA
"195",195,"PARCRE","Parathesis crenulata",860,1719,2895,2721,1861,0.0299319793772293,0.0332386969961233,NA,0.0316387773146524,NA,0.0318265901782327,1762.16644077662,1568.83542626494,1456.6593853531,1487.01851267007,NA,NA,NA,NA,NA,NA,NA
"196",196,"PERAME","Persea americana",6020,12167,16752,17041,11021,1.10512921838675,0.906113543892427,NA,1.36597999751216,NA,0.654719639847178,1284.03095324249,1177.51231622434,1173.8737799375,1124.94148238622,NA,NA,NA,NA,NA,NA,NA
"197",197,"PETDOM","Petitia domingensis",3136,6055,8752,9288,6152,0.93998788614152,3.14663808114229,NA,2.57560398765796,NA,0.952357512026442,1328.54219983943,1216.60725991229,1167.59326537518,1160.79551102427,-0.452481069489872,2.09381118835264,-0.0957512090572703,-0.72705755103804,1.15825778263731,-0.185475578233041,1.82634984571369
"198",198,"PICACU","Pictetia aculeata",1419,3570,4564,5092,3673,10.7074540518033,11.7096736624923,NA,9.71994549408654,NA,12.7529737461055,1459.57943739514,1234.75179765833,1220.64026199101,1169.91638346814,1.72705344122784,0.0400232574680502,-0.106031382309094,-0.557131947089465,-0.62161620588334,0.259236358768243,-0.936172153943688
"199",199,"PICPEN","Picramnia pentandra",3665,8125,9369,9845,6180,1.3572627882103,0.342872593275385,NA,0.676359849816685,NA,1.02916308303819,1354.44889902053,1206.5177959167,1178.72992169013,1140.33117349319,1.67309909089273,-0.619254417160939,-0.0765125842538919,-0.223498291025349,-0.858932737686093,-0.173921794184748,-1.23568496931693
"200",200,"PIMRAC","Pimenta racemosa",2730,4568,4947,5242,2512,2.54770077127378,5.41277734056658,NA,1.88712355895387,NA,3.89756204891761,1481.15085383212,1360.60967806714,1252.87563033666,1278.21994874762,1.54631325745551,1.03007818190349,-0.105531111487721,-1.16472651673491,-0.858932737686093,-0.183553863536365,-0.3157457239173
"201",201,"PINCAR","Pinus caribaea",3465,8168,14156,13541,10076,0.179591876263376,0.547000857693321,NA,0.189832663887914,NA,0.190959541069396,1345.97527262965,1212.73502205239,1142.50003092694,1088.00440088401,NA,NA,NA,NA,NA,NA,NA
"202",202,"PIPADU","Piper aduncum",4749,9391,14684,14124,9375,5.57905474424261,2.21983838382816,NA,1.35271969963337,NA,1.57990066606444,1266.8328120069,1185.57756250294,1109.16811100265,1071.06792167895,-0.77187646902544,-0.0988156637970128,-0.102149182626978,0.598710652062118,-0.97759100358747,-0.119341514383406,-0.381469916913688
"203",203,"PIPAMA","Piper amalago",5382,11617,16792,16703,11321,1.01794709115772,5.48596149240616,NA,2.81731209653531,NA,NA,1269.17107667173,1174.11548684207,1148.74254725959,1099.57858643131,NA,NA,NA,NA,NA,NA,NA
"204",204,"PIPBLA","Piper blattarum",3213,6817,12690,11769,8556,NA,NA,NA,NA,NA,0.369272192685393,1366.83850986372,1278.6818909276,1174.46902511015,1116.84099896555,-1.28231278832021,-0.651949635693791,-0.100387447318649,1.76625034185263,-1.57088233309435,-0.260332838525668,-0.896005247323177
"205",205,"PISALB","Pisonia albida",958,1890,1692,2113,1155,1.75108822911154,0.812910433662307,NA,2.08340395368166,NA,1.90568411101448,1499.66892490548,1312.65295048729,1312.66067451951,1263.04903847225,-0.503133339382781,0.208599438725794,-0.104715236093694,-0.426099473115071,-1.45222406719298,-0.185756292027215,-0.401397542582496
"206",206,"PISCAR","Piscidia carthagenensis",329,638,560,806,477,0.153140644194639,0.416662798817387,NA,0.218306632667958,NA,0.0615239105345619,1673.93969878098,1337.22950526548,1344.13393447367,1217.25388246218,NA,NA,NA,NA,NA,NA,NA
"207",207,"PISSUB","Pisonia subcordata",5981,12192,17515,17353,11372,0.693145234673531,NA,NA,1.23404006028656,15.1365556362613,0.865507537230275,1264.96171480856,1167.14857321185,1143.50014254503,1089.69693342194,-0.923942965753821,-0.0600181012742335,-0.0799677859395641,-0.0341150968132772,0.208991655426295,-0.185286374662519,0.429587252483118
"208",208,"PITDUL","Pithecellobium dulce",617,1039,683,957,340,2.47123235141471,2.90817766129648,NA,2.44104566347244,NA,0.60470521338642,1638.65255138229,1349.34744660068,1497.25363646496,1400.56187154202,NA,NA,NA,NA,NA,NA,NA
"209",209,"PITUNG","Pithecellobium unguis-cati",669,1398,1008,1306,637,13.158650823889,0.0506407367337461,NA,3.82512534803466,NA,13.425176541328,1413.49480450738,1377.52493510755,1372.13339960763,1284.06396957519,NA,NA,NA,NA,NA,NA,NA
"210",210,"PLUALB","Plumeria alba",2061,4865,6718,7308,5247,0.078067512129856,0.0694484064247685,NA,0.0784572991021371,NA,0.424253089374562,1440.86622867877,1230.25843490975,1233.46157776635,1189.77998295177,-1.07014682109907,2.17708836860603,-0.0954662845994658,-1.227628195888,-0.740274471784717,-0.183802425089796,1.17595033513876
"211",211,"PLUOBT","Plumeria obtusa",835,1180,1225,1260,425,0.61186441629589,0.740837275886184,69.1987218461539,0.555477541834775,63.5403195354492,1.03516012330838,1297.60472788339,2361.15782669135,2061.77904825532,1961.02505449081,-0.858715748631844,-0.105056081575435,-0.0997779545781183,1.16922701196459,-1.39289493424229,-0.400368202695856,-0.56629266364251
"212",212,"PODCOR","Podocarpus coriaceus",1188,1814,1581,1854,666,0.760396009878144,0.0275460446677071,NA,1.71806182665752,NA,0.458256914066671,1792.24048587918,1592.32906074561,1635.98012338343,1584.14535325155,NA,NA,NA,NA,NA,NA,NA
"213",213,"POIFLO","Poitea florida",3616,6752,7588,8289,4673,3.17508601589983,0.0550920893354143,NA,2.87825928428523,NA,3.51184522320658,1424.9527938185,1281.40589888006,1281.89138052647,1250.95479438804,1.07823643750854,-0.462973095144168,-0.108617277747118,-0.200155869530769,-0.146983142277834,-0.184915387269338,-0.612746057413614
"214",214,"POUMUL","Pouteria multiflora",6279,12200,16078,16318,10039,0.163529231545989,2.51029233159852,NA,0.83933306251151,NA,0.148307868968796,1269.29480896454,1188.5118705825,1169.8211008471,1126.21337845906,0.769207354436534,-0.565521328262022,-0.0745666977960585,-0.478809316854249,-0.146983142277834,1.79158178113336,-1.11458605285908
"215",215,"PRUMYR","Prunus myrtifolia",2147,3316,2925,3253,1106,NA,0.342872593275385,NA,NA,NA,0.369272192685393,1136.82845277921,1340.58238641845,1255.66315413581,1222.99276762613,1.30400161485432,-0.868157012454238,-0.105537264188385,0.0288402319337205,-0.799603604735405,0.203470950193463,-1.36499352864522
"216",216,"PSESPU","Pseudolmedia spuria",1500,2300,1918,2200,700,3.21737050501916,0.0275460446677071,NA,1.46136850809659,NA,2.73321321776655,1117.87075871003,1228.47948764714,1211.48857637728,1184.47242010154,0.0332938703824935,-0.988464486151504,-0.101592611479667,0.403512479830105,0.446308187229049,0.0233124167751593,-0.341074641245507
"217",217,"PSYBRA","Psychotria brachiata",2156,4949,9516,8757,6601,0.339315697052575,1.02861777982615,NA,0.676359849816685,NA,NA,1306.49832606463,1227.80261788709,1118.35283628552,1066.6228727911,NA,NA,NA,NA,NA,NA,NA
"218",218,"PSYGRA","Psychotria grandis",2932,6856,11672,11245,8313,0.339315697052575,NA,NA,NA,NA,0.369272192685393,1309.34524596101,1187.71420142601,1111.61530642281,1073.24205452576,-2.02895520896713,-1.206238319453,-0.0694493272374619,0.749774079168161,0.208991655426295,-0.333184871446903,0.222999918058419
"219",219,"QUATUR","Quararibea turbinata",3485,6789,7785,7920,4435,3.39315697052575,3.11339938414617,NA,3.04361932417508,NA,4.43126631222471,1408.49823700572,1232.78519244566,1193.79339582237,1216.2974056142,-0.529004085651254,-0.953128150873363,-0.089115390270495,0.562752295171011,-0.62161620588334,0.391011220360959,-0.815326615595785
"220",220,"RANACU","Randia aculeata",3044,5857,5089,5727,2683,4.28201314239882,4.46956687524379,NA,5.5807977718796,NA,6.05851151528462,1427.32888249668,1276.54406919951,1292.91984224405,1227.31973558156,1.68013969940223,-0.496383887271498,-0.109147320162159,-0.0897131585743894,-1.03692013653816,0.0620842281604249,-1.38749965761064
"221",221,"RAUNIT","Rauvolfia nitida",2381,6011,6805,7467,5086,NA,0.342872593275385,NA,0.105439738155212,NA,NA,1462.2133623636,1284.7057284712,1285.23587958646,1260.27850840723,NA,NA,NA,NA,NA,NA,NA
"222",222,"REYUNC","Reynosia uncinata",698,1197,798,1041,343,NA,NA,190.296485076923,NA,176.179976893746,NA,1950.54987859516,1428.33391356815,1575.21946571654,1449.73789465116,NA,NA,NA,NA,NA,NA,NA
"223",223,"RHIMAN","Rhizophora mangle",834,1539,1980,2074,1240,2.37520987936802,0.480602816613921,NA,1.43420630598078,NA,5.23346387795196,1777.48874955917,1425.69053195786,1364.52050055108,1429.50901141639,NA,NA,NA,NA,NA,NA,NA
"224",224,"ROCACA","Rochefortia acanthophora",915,1901,1343,1827,912,1.3572627882103,NA,NA,1.35271969963337,NA,1.47708877074157,1597.4912522311,1318.90317071469,1303.30643442982,1273.59954833032,NA,NA,NA,NA,NA,NA,NA
"225",225,"RONINE","Rondeletia inermis",3664,6171,6214,6709,3045,4.04340537071787,0.68574518655077,NA,1.87524311770271,NA,3.69272192685393,1438.42746709361,1380.98040821636,1285.20195389945,1318.9258838922,NA,NA,NA,NA,NA,NA,NA
"226",226,"ROYBOR","Roystonea borinquena",3009,7760,11342,11400,8391,1.71228392568539,0.849151949344879,NA,1.07245285719019,NA,2.31091324317545,1363.74733437356,1183.73400510325,1134.88543745808,1118.33654838979,0.312303018266136,1.70797156200801,12.4322568603075,-0.268539277235824,0.208991655426295,-0.145797239907715,7.78372093856905
"227",227,"SAMDOD","Samyda dodecandra",3303,5629,6110,6842,3539,NA,NA,NA,NA,NA,1.50427238909678,1385.25458029422,1263.46523318625,1255.66255270687,1187.86252728182,0.654407396002807,-0.321081312455199,-0.103939308876095,-0.238200517863464,-1.03692013653816,0.260159305736692,-0.993133935597372
"228",228,"SAMSAM","Samanea saman",1030,2675,2590,3174,2144,0.20982056228542,0.0948487737921842,NA,0.127705742639074,NA,0.130477080929323,1544.88192603124,1403.21044341126,1271.47192113796,1238.07361893205,NA,NA,NA,NA,NA,NA,NA
"229",229,"SAPLAU","Sapium laurocerasus",3867,8045,11626,11025,7158,0.109019487697326,1.85209318971546,NA,0.135811010579021,NA,0.148307868968796,1298.32983749654,1210.28276411365,1130.1083984099,1080.11525361671,-1.21534528624724,0.220464953613363,-0.0947457862395112,1.85343886368224,1.03959951673593,-0.248710773541434,0.803800992904107
"230",230,"SAPSAP","Sapindus saponaria",880,1620,2426,2589,1709,NA,0.110184178670829,NA,NA,NA,NA,1822.35310662914,1440.28308292642,1410.95730149487,1303.8173688592,NA,NA,NA,NA,NA,NA,NA
"231",231,"SAVSES","Savia sessiliflora",663,2317,2298,2734,2071,NA,1.0677763883547,NA,1.00812829246642,NA,NA,1674.5962555576,1247.63585335412,1336.32741659692,1331.81114234723,NA,NA,NA,NA,NA,NA,NA
"232",232,"SCHFRU","Schaefferia frutescens",4193,8204,10149,10920,6727,1.35744458349776,NA,NA,0.965139733248886,NA,2.46729424642113,1355.58158726163,1301.61022047476,1275.38600231262,1238.15091052738,1.45552145122407,-0.108434063660641,-0.108448858954107,-0.364663632535077,-0.97759100358747,-0.182281772497641,-0.984920013422511
"233",233,"SCHGLE","Schefflera gleasonii",2938,6869,11695,11265,8327,NA,0.0275460446677071,NA,NA,NA,NA,1333.52923111115,1214.23315140141,1114.35494923944,1082.11331366203,NA,NA,NA,NA,NA,NA,NA
"234",234,"SCHOBO","Schoepfia obovata",2855,4457,3816,4277,1422,0.339315697052575,0.0275460446677071,NA,0.338179924908343,NA,0.369272192685393,1260.95096180984,1492.40377842896,1412.14164401362,1440.98959879484,-0.592405116554856,0.776895153987992,-0.109251011748689,-1.00247445965898,-1.21490753539022,0.203292383289919,-0.0285037600763537
"235",235,"SENSIA","Senna siamea",6497,13153,18205,18297,11800,2.61435912009107,2.51974631376207,NA,1.50793598800835,NA,3.58692658611286,1275.08424119104,1178.85625130357,1161.06306492212,1107.6659541048,NA,NA,NA,NA,NA,NA,NA
"236",236,"SIDCUB","Sideroxylon cubense",1902,3015,2714,3054,1152,0.454619737656772,1.02861777982615,NA,0.480079455088889,NA,0.455778958628119,1661.95363181108,1545.39383694551,1521.88735049578,1512.67552344697,NA,NA,NA,NA,NA,NA,NA
"237",237,"SIDFOE","Sideroxylon foetidissimum",3365,5405,4483,5201,1836,0.054509743848663,0.88318422875307,NA,0.0543244042316082,NA,0.979877142065181,1546.3727123827,1510.26362650284,1511.94083139954,1477.85518523864,NA,NA,NA,NA,NA,NA,NA
"238",238,"SIDOBO","Sideroxylon obovatum",788,1284,905,1133,345,NA,0.0275460446677071,NA,0.0271622021158041,NA,1.982279055203,1600.38356566947,1603.26486433667,1686.29611012654,1490.73923249821,1.57605281660487,0.424005372627647,-0.10886296549524,-0.90898454330871,-0.740274471784717,0.241085345617525,-0.713674391785125
"239",239,"SIDSAL","Sideroxylon salicifolium",3347,5344,4406,5073,1726,1.37761464107983,0.137730223338536,NA,1.542855114444,NA,1.497747070144,1554.46905773174,1524.71999576478,1517.30551691768,1502.10581638191,0.892503715260968,-0.430778779012681,-0.105630186480346,-0.534870770723964,1.15825778263731,-0.178410741642236,0.188370780278776
"240",240,"SLOAMY","Sloanea amygdalina",2855,4457,3816,4277,1422,0.0272548719243315,NA,NA,0.0271622021158041,NA,0.0296615737937593,1260.95096180984,1492.40377842896,1412.14164401362,1440.98959879484,0.566801889752955,-1.14328864013922,-0.0864152382570715,-0.089496241947701,-0.384299674080587,0.0124826166982477,-0.933356923283489
"241",241,"SLOBER","Sloanea berteriana",1793,3087,4914,4423,2630,1.57530176360495,2.27760391699397,NA,2.89557481407737,NA,1.00549854951462,1191.56211429337,1297.96734250877,1088.80327615758,1099.55150458088,0.652349603643097,-0.582122640965297,-0.0633585009388376,-0.364544514152045,0.920941250834555,-0.130132915542979,0.0623480965474234
"242",242,"SOLRUG","Solanum rugosum",2079,5618,10302,9933,7854,NA,2.40010815292769,NA,1.35271969963337,NA,NA,1339.98565464773,1218.96696370767,1120.77662872666,1081.72664086803,NA,NA,NA,NA,NA,NA,NA
"243",243,"SPACAM","Spathodea campanulata",4140,8869,13796,13545,9405,74.6073718260023,97.5505936777076,NA,83.2630441898428,NA,53.6618776649752,1293.43107198034,1207.12068149113,1124.95349076635,1105.31140690112,-1.97472827741092,-0.530184992000293,0.0166522135957885,1.29983783715545,-1.21490753539022,-0.186399336842061,-0.306565167440681
"244",244,"SPOMOM","Spondias mombin",1692,4255,8056,8050,6358,0.66905126759745,1.83284585149839,NA,1.85668100771707,NA,0.697714520801218,1463.3043578712,1236.89055971342,1226.2684418096,1195.52577153614,NA,NA,NA,NA,NA,NA,NA
"245",245,"STEAPE","Sterculia apetala",5946,11780,15644,15873,9927,0.400109993808109,0.68574518655077,NA,0.0271622021158041,NA,0.489770565190825,1276.12624775905,1197.15607570904,1168.7331580163,1124.57459745007,NA,NA,NA,NA,NA,NA,NA
"246",246,"SWIMAC","Swietenia macrophylla",6473,13079,18105,18149,11676,0.541738568335562,0.0826381340031214,NA,0.588728263552105,NA,0.489770565190825,1276.59219883041,1181.21222752328,1163.93828971052,1111.0240998684,-0.933679823821986,-1.17140536817062,0.0484053424071112,1.38036849716768,0.327649921327672,-0.117024694317259,-0.176070907537859
"247",247,"SYMMAR","Symplocos martinicensis",4207,7063,7301,7794,3587,0.109019487697326,0.590786995284749,NA,0.0814866063474123,NA,0.118646295175037,1481.31346497899,1394.57160161429,1322.92007694496,1325.48668082997,-0.119743513592628,-0.797666485811461,-0.0743233403468907,0.098142306038021,-0.0283248763764576,0.11077029879042,-0.411959117897208
"248",248,"SYZJAM","Syzygium jambos",2821,7120,12345,11769,8948,24.3609394533451,33.8721600116127,NA,23.1711287313088,NA,18.2880741939798,1354.05998569035,1226.52034507236,1113.79025855529,1079.18392613282,-0.265402619129241,0.165274696685393,-0.101824739900542,-0.711079634237825,0.327649921327672,-0.0213099468766226,0.406996935244015
"249",249,"SYZMAL","Syzygium malaccense",3465,8168,14156,13541,10076,NA,1.17096473269304,NA,NA,NA,NA,1345.97527262965,1212.73502205239,1142.50003092694,1088.00440088401,NA,NA,NA,NA,NA,NA,NA
"250",250,"TABCIT","Tabernaemontana citrifolia",3132,7748,13722,13096,9964,NA,0.0275460446677071,NA,0.0271622021158041,NA,NA,1356.96758047843,1220.38370145789,1139.84993787525,1089.98940578083,NA,NA,NA,NA,NA,NA,NA
"251",251,"TABHAE","Tabebuia haemantha",2674,6130,11375,11357,8683,11.5702731246187,11.8114797817997,NA,12.3422863426032,NA,21.9070923061465,1366.63029112679,1232.7603662744,1197.73284546219,1135.26311944468,NA,NA,NA,NA,NA,NA,NA
"252",252,"TABHET","Tabebuia heterophylla",2134,4637,4728,4768,2634,41.9616303738903,35.501274416541,159.737720769231,40.6210952527908,156.890034394315,44.6881790712833,1468.57396960623,1273.81619941313,1219.91184709085,1234.40588161258,0.572690866202536,0.864730033644066,-0.080010237911609,-0.317196864095366,-0.384299674080587,-0.185781024520093,0.071924988280025
"253",253,"TABRIG","Tabebuia rigida",1188,3382,4516,3956,2768,0.0272548719243315,NA,NA,0.0271622021158041,NA,NA,1543.38487987278,1179.32459371235,1117.43610384575,1071.56822050033,NA,NA,NA,NA,NA,NA,NA
"254",254,"TABSCH","Tabebuia schumanniana",1505,2909,5026,4534,3029,0.67863139410515,NA,NA,0.338179924908343,NA,0.738544385370785,1318.62748055858,1354.55554824681,1173.460347516,1143.10863556347,0.319866970510729,1.65534918667512,-0.0860529449130063,-0.920780877260701,0.564966453130425,-0.185196101063512,1.0934776823421
"255",255,"TAMIND","Tamarindus indica",1449,3498,4638,5171,3722,0.0817646157729944,0.88318422875307,NA,0.0271622021158041,NA,0.0985603391442258,1511.22320060532,1288.11548733559,1229.16389394135,1223.34521816174,0.721622144725554,-0.777830779241495,-0.106707424044087,0.68625174474449,-0.502957939981964,-0.107131697165772,-0.975969052107625
"256",256,"TECSTA","Tecoma stans",1992,4496,6109,6575,4583,NA,NA,NA,NA,NA,0.396455811040601,1463.2285379337,1244.47656490611,1240.6010923959,1231.53201600711,NA,NA,NA,NA,NA,NA,NA
"257",257,"TERCAT","Terminalia catappa",4392,9077,11428,12082,7690,0.798046439478604,0.343547236042251,NA,0.400343137322262,NA,1.10971701649765,1339.02640446376,1185.46668638548,1173.54196198466,1142.08869997522,NA,NA,NA,NA,NA,NA,NA
"258",258,"TERSTA","Ternstroemia stahlii",2686,4556,4502,4885,2199,0.339315697052575,NA,NA,NA,NA,0.369272192685393,1372.73515501213,1395.29608812062,1355.08150924676,1359.11372140524,NA,NA,NA,NA,NA,NA,NA
"259",259,"TETBAL","Tetragastris balsamifera",3787,8250,12819,12654,8867,4.31110953089616,0.0664773939922465,NA,4.31754762053946,NA,0.827529106752063,1344.06399677668,1228.01604721536,1218.33721000948,1178.50875648037,-0.753464063415075,-0.7842787503028,0.0153473421533201,-0.186571725409219,-0.265641408179211,0.335795124746136,-0.287759306067573
"260",260,"TETELA","Tetrazygia elaeagnoides",2627,5918,5827,6055,3428,11.8043747447308,10.1734315402977,NA,9.30722327431924,NA,11.3098765819266,1547.29238551512,1209.69318675155,1194.99064928971,1209.60548507162,0.394137431262519,0.785820311977354,-0.107319211616781,-0.423018084714068,-0.146983142277834,-0.160104907486825,0.212743081825533
"261",261,"THEGRA","Thespesia grandiflora",1778,3991,6373,6413,4635,1.40486951300416,0.906113543892427,NA,2.3639791252374,NA,0.818525832360729,1458.7892931367,1290.67134299087,1218.85834692084,1244.7630749461,NA,NA,NA,NA,NA,NA,NA
"262",262,"THEPOP","Thespesia populnea",1617,3284,4727,5121,3504,0.0118936299956449,0.342872593275385,NA,0.00706314479187391,NA,0.0512717370652961,1499.4264742075,1332.81699766116,1342.06051224596,1317.96483662744,NA,NA,NA,NA,NA,NA,NA
"263",263,"THOSTR","Thouinia striata",2499,3998,3334,3780,1281,10.1366632320915,14.5317517359702,NA,8.47837997570337,NA,10.0644938997446,1214.34122706096,1375.72704296191,1310.11903299971,1319.64823369622,1.36709073999137,-0.563472185383056,-0.0864484374863734,-0.0511558121694823,0.802282984933178,-0.185863581581323,-0.279168818260587
"264",264,"TRIHIR","Trichilia hirta",3792,8142,12469,12628,8836,2.3856505404734,0.627590823704962,NA,3.76452435783322,NA,2.09155243490435,1314.47768550189,1240.17007073701,1221.24805979201,1161.40704610601,NA,NA,NA,NA,NA,NA,NA
"265",265,"TRIPAL","Trichilia pallida",3636,8035,11903,11370,7734,6.13493741887068,11.1960526719891,NA,7.49428275221515,NA,3.01350068907066,1299.29084748672,1236.91211562666,1127.05321878591,1080.26006077346,0.0706168038172865,-0.408438564370246,-0.0895617903560708,0.541232011375908,-0.740274471784717,-0.181697343690917,-0.652586146032239
"266",266,"TUROCC","Turpinia occidentalis",2826,6054,10058,9451,6625,0.370375979733696,0.204207617330782,NA,0.398177130416651,NA,0.339267410038192,1274.63119560036,1243.30719093493,1143.22725791863,1091.88403335355,-0.994668338799728,-0.319533070994009,-0.0674685363718137,-0.206804393684047,1.39557431444006,-0.182071150588286,0.979878275422046
"267",267,"UREBAC","Urera baccifera",3803,6355,10915,10900,7097,1.79719675975648,4.80021630585539,NA,1.35271969963337,NA,3.48655144429978,1207.98933860334,1243.78533453883,1194.25538510219,1141.8197145736,-1.76913504874441,-0.840561883498458,-0.0791081032834114,6.6369381747514,-1.3335658012916,-1.05982877532461,-1.18004881197806
"268",268,"VITDIV","Vitex divaricata",2797,6700,11602,11205,8408,0.421080312825569,0.110184178670829,NA,0.419666531255755,NA,0.458256914066671,1337.9177975783,1215.85196407763,1127.72578843623,1087.74486641191,-0.187222647390024,-0.686466314017063,-0.086464115956085,-0.103068933371254,1.63289084624281,-0.224987338830317,0.646340205712184
"269",269,"ZANFLA","Zanthoxylum flavum",2516,4024,3359,3812,1296,1.01794709115772,NA,NA,0.676359849816685,NA,NA,1212.80089025195,1391.5422059511,1286.78588424887,1294.96738831609,NA,NA,NA,NA,NA,NA,NA
"270",270,"ZANMAR","Zanthoxylum martinicense",3302,8109,10571,10704,7402,5.38157020196865,4.59716576295554,NA,4.75040997524841,NA,4.33057881902308,1365.67663732679,1168.61980930424,1142.19218481725,1097.32651140944,-0.670906614640815,-0.367346412377395,-0.0331270857871896,1.37833688689145,2.10752390984832,-0.185119380870602,0.988807099224287
"271",271,"ZANMON","Zanthoxylum monophyllum",911,3644,5290,5633,4722,3.85255800479582,3.53903727863088,NA,3.50597939343427,NA,3.1953422674389,1616.63761688081,1379.07070334551,1266.07288154736,1216.61937356892,0.617587038963736,-0.408438564370246,-0.105576731567325,0.0131129105167077,-1.09624926948885,0.446061702830052,-1.14881118730189
"272",272,"ZIZRET","Ziziphus reticulata",560,930,548,767,207,NA,NA,2.88328007692308,NA,NA,NA,1598.70444777068,1360.74867533949,1400.26025995406,1217.05039111961,NA,NA,NA,NA,NA,NA,NA
