"","id","X","code","species","WD","THK","LA.wp","SLA.wp","MAXHT","seed_mass","Dim1","Dim2"
"1",1,1,"DENARB","Dendropanax arboreus",-1.25892632870825,-0.356089638885843,-0.0859772471972057,0.899234566635804,1.86209130610815,-0.174343823894696,-1.53327271297553,1.59321982770851
"2",2,2,"SCHGLE","Schefflera gleasonii",-1.16398455307331,-0.32222766560419,-0.0800904051492404,0.82765334185829,1.70259104172033,-0.163443725343224,-1.40828341503332,1.46361661305938
"3",3,3,"ILESID","Ilex sideroxyloides",0.473502849320311,-0.144729410117502,-0.0978821217454639,0.457490893060919,-1.33857836836199,0.119456288591285,0.0465999783116493,-0.870781572443797
"4",4,4,"ILENIT","Ilex nitida",-0.185927581082855,0.0643380432321998,-0.0910468691650706,-0.235916670735848,0.32102812951142,-0.0480072451311757,0.0244532317371415,0.105854078425786
"5",5,5,"RAUNIT","Rauvolfia nitida",-1.25712353558052,-3.572507326884,-0.0969350428107958,4.01483895946855,-0.864405083255299,-0.134934216195963,-4.48613378948775,0.542749619391827
"6",6,6,"TABCIT","Tabernaemontana citrifolia",-0.757889534160756,-0.136840757910027,-0.0868587221217326,1.30288945860049,-1.10149172580864,-0.172328099295731,-1.04328760819626,0.28614718827929
"7",7,7,"PLUOBT","Plumeria obtusa",-0.875910960893059,-0.141986894905402,-0.0906669608206172,1.05741881412474,-1.27930670772365,-0.0656817646033515,-0.906801451617505,0.161414003525148
"8",8,8,"PLUALB","Plumeria alba",-1.08622528060162,2.19413560647002,-0.0858759057112183,-1.20210863499483,-0.627318440701956,-0.171940798499599,1.32563079796947,0.54257868252329
"9",9,9,"RANACU","Randia aculeata",1.64953456686605,-0.542570518009431,-0.101078042159286,-0.129390411068575,-0.923676743893635,0.115641989974589,0.643504707382638,-1.61964316470545
"10",10,10,"COFARA","Coffea arabica",-0.122843349729745,-0.320087987946394,-0.0873045485403196,0.379347230629327,-0.864405083255299,-0.150273519520468,-0.339770016964061,-0.281344066743186
"11",11,11,"GENAME","Genipa americana",-0.346466064521318,-0.903664831507673,-0.0757053952523393,0.200522458518249,0.676658093341435,-0.161260685632498,-0.809837668619148,0.283664218425548
"12",12,12,"IXOFER","Ixora ferrea",0.0477037252186782,-0.229620389085748,-0.0864030159495659,-0.0941886057869857,-0.627318440701956,-0.0797248938127476,0.0343275632125397,-0.420631167586803
"13",13,13,"EXOCAR","Exostema caribaeum",1.37880932023055,-0.223857257659987,-0.100765332137807,-0.744373368673988,-0.390231798148612,-0.0722440451692898,0.940961306974483,-1.25904001282832
"14",14,14,"ERIFRU","Erithalis fruticosa",1.88385290023767,2.51509794062193,-0.0989990605651053,-1.22717069056419,-1.27930670772365,-0.184119967721285,2.80638199626416,-1.31187977929904
"15",15,15,"RONINE","Rondeletia inermis",0.503359803516287,0.376766099790656,-0.0987786389023781,-0.424882378114188,-1.10149172580864,-0.175401315270232,0.7474999798903,-0.773041488624567
"16",16,16,"NEORES","Neolaugeria resinosa",0.204296400933434,-0.748876167865792,-0.097960798930103,-0.382566729134085,0.795201414618107,-0.317924556591754,-0.211221937213079,-0.0415816433187262
"17",17,17,"GUEVAL","Guettarda valenzuelana",-0.474394605015494,1.69887584605839,-0.0823183341647964,-0.694070495480532,0.913744735894779,-0.613687352629834,0.759646596029199,1.04062521003712
"18",18,18,"GUEELL","Guettarda elliptica",1.23894218806341,-0.319752370644583,-0.100787398325572,-0.168403386481798,-0.864405083255299,-0.163890930428843,0.546606503448841,-1.19517235282068
"19",19,19,"GUEOVA","Guettarda ovalifolia",0.142328368582694,-0.786372758769554,-0.0912849092587593,0.745854786674265,-0.508775119425284,-0.306981774016754,-0.740565323483084,-0.231369307395159
"20",20,20,"GUEPUN","Guettarda pungens",0.715565241246658,1.23924088195726,-0.0956301030488688,-0.469186780975785,-0.0344129309728056,-0.398237551210571,1.07141697305968,-0.162378310021366
"21",21,21,"GUESCA","Guettarda scabra",0.79425763784144,1.47284245286385,-0.0961549053792915,-0.53589629268279,-0.0346018343185961,-0.409520650698665,1.24924720513797,-0.163081491008822
"22",22,22,"FAROCC","Faramea occidentalis",0.278754006172142,-0.72029337567854,-0.0897530968443631,0.693359929923957,-0.627318440701956,-0.135361411929778,-0.577698462061235,-0.430697023663151
"23",23,23,"PSYBRA","Psychotria brachiata",-1.51829712732805,0.101000274257754,-0.0847276492538621,2.31389147450338,-1.10149172580864,-0.412931572993415,-1.89365549232332,1.15670306558964
"24",24,24,"PALRIP","Palicourea croceoides",-1.19938905052343,-1.2604326723096,-0.0846239958320203,1.39263751885054,-1.10149172580864,-0.148711553013654,-1.79078450869962,0.274982859125763
"25",25,25,"PSYGRA","Psychotria grandis",-2.03996936122437,-1.26921466693192,-0.0569663005889827,0.661998426542646,0.32102812951142,-0.300014121113708,-1.92014375185797,1.20069536411401
"26",26,26,"SOLRUG","Solanum rugosum",-0.146998332349072,-0.0515974844325955,-0.0419448613361048,0.155839547292244,-0.0501481956628391,-0.0919406700166198,-0.18021070594272,0.0657230335790782
"27",27,27,"CHIDOM","Chionanthus domingensis",0.974768654765384,-0.400971838231225,-0.0833279274203736,-0.064186048382014,1.03228805717145,-0.0311117613233978,0.0941226515658145,-0.326909984664588
"28",28,28,"CITCAU","Citharexylum caudatum",-0.282035172622252,0.336216106638213,-0.0928026704484713,0.593265841581884,-0.0280280940254045,-0.126814562782458,-0.351861582735094,0.347179754061614
"29",29,29,"CITSPI","Citharexylum spinosum",-0.0688719078683502,0.741619762151941,-0.0926803594092671,0.299771037901655,0.558114772064763,-0.16565345610516,0.00881060719781935,0.499266618784377
"30",30,30,"CRECUJ","Crescentia cujete",0.0246029955864301,1.12862056877043,-0.0627500061314436,-0.367807836307748,0.192565597471343,-0.168564192057931,0.690683815865432,0.232536415855945
"31",31,31,"TABSCH","Tabebuia schumanniana",0.296446630185054,1.66005607322177,-0.0754159610900825,-0.912842125755711,0.676658093341435,-0.173445359399751,1.29887351379585,0.249030329392946
"32",32,32,"TABRIG","Tabebuia rigida",0.0283568587265569,1.22230586061163,-0.0681861578294278,-0.289591472324667,0.236131704895011,-0.171035320526159,0.67923781734518,0.289715212627312
"33",33,33,"TABHET","Tabebuia heterophylla",0.547935141348586,0.850736928998727,-0.0687014067765603,-0.34384044341433,-0.27168847687194,-0.174076821073019,0.829137590933158,-0.308802959436786
"34",34,34,"TABHAE","Tabebuia haemantha",-0.106635008559561,0.830939785228376,-0.0541297943551621,-0.145511784610838,-0.0586986838895603,-0.165062791293073,0.406516551351287,0.197454909725812
"35",35,35,"TECSTA","Tecoma stans",-0.64168672799642,0.445295566564932,-0.0320644886632392,0.236192592692918,-0.290745693863921,-0.160786879071996,-0.17810827244952,0.426439137436593
"36",36,36,"SPACAM","Spathodea campanulata",-1.98602884960967,-0.577171097881579,0.0387082823866796,1.18054629537769,-1.10149172580864,-0.174744328127213,-1.6273360986445,0.914501210480256
"37",37,37,"PETDOM","Petitia domingensis",-0.471821963051865,2.10888872622737,-0.0861925089730903,-0.730218172627138,1.26937469972479,-0.173747072588247,0.986498901077207,1.06884735291237
"38",38,38,"COROBO","Cornutia obovata",-0.37852582139017,1.38771238782944,-0.0748313668982533,-0.335749788933085,0.663745879996033,-0.152250941895736,0.552741810225643,0.70363259320279
"39",39,39,"GESPED","Gesneria pedunculosa",0.313049684108216,0.47152214597964,-0.0949007004408627,0.078423659470559,-1.10149172580864,0.0493969379273416,0.44650296267781,-0.605823953224702
"40",40,40,"VITDIV","Vitex divaricata",-0.207964603109918,-0.737148838501392,-0.0758728474326208,-0.141980967085019,1.74354798483148,-0.143585728700881,-0.620296379068905,0.572957947164995
"41",41,41,"AVIGER","Avicennia germinans",-0.0974012314570587,0.0624710132173464,-0.0606740885906268,0.063628637767512,0.328778048666829,-0.10224763508003,-0.115916957048312,0.185177572926243
"42",42,42,"CORRIC","Cordia rickseckeri",-0.195633039885478,0.0935892988233967,-0.0683764495192185,-0.163359079956376,-0.327104930874203,-0.146699946137318,0.0774091244718169,-0.0622477817183916
"43",43,43,"CORALL","Cordia alliodora",-0.633554654262476,-0.377590476380733,-0.0919744468589277,-0.057103431470539,-1.10149172580864,-0.171006288623727,-0.287403035559813,-0.217717042366259
"44",44,44,"CORCOL","Cordia collococca",-0.658897177304031,0.433449953995272,-0.0478980641720012,-0.143269839457387,-0.086706576136333,-0.166561300921306,0.000209368538559879,0.403720074063754
"45",45,45,"CORSUL","Cordia sulcata",-0.725322042291274,1.40185423693351,0.0181673913906271,-0.561216416101379,1.26937469972479,-0.164532164405384,0.502461555873714,1.14790205691187
"46",46,46,"CORBOR","Cordia borinquensis",-0.10348049239567,0.543791810796483,-0.0715188697935539,0.263612788851703,-0.390231798148612,-0.167193488330172,0.0700938031388224,0.0944528970368943
"47",47,47,"CORLAE","Cordia laevigata",-1.17122560183386,-0.649888253441023,-0.0910034468314688,-0.116370148338766,-1.16076338644698,-0.169049051139702,-0.590609562337028,-0.0234850877987257
"48",48,48,"BOUVIR","Bourreria virgata",0.649193217774737,0.379339168791771,-0.0996981123756199,-0.819568448430378,0.0839414869580758,-0.172601203278736,0.876668757061094,-0.488143903065175
"49",49,49,"BOUSUC","Bourreria succulenta",0.34251037579454,0.283386946103137,-0.0968771302871935,-0.389286272698479,-0.508775119425284,-0.173212319336991,0.532931144921541,-0.45801966680233
"50",50,50,"SYMMAR","Symplocos martinicensis",-0.140841885746214,-0.850979154310301,-0.0623822219203515,0.0477018794328371,0.0839414869580758,0.185292253667327,-0.463870507218484,-0.247385876609283
"51",51,51,"MANBID","Manilkara bidentata",0.848374453549066,0.153051519058706,-0.0674783185189292,-0.656384882488805,-0.27168847687194,0.0248402810767331,0.853343622768108,-0.821829142728197
"52",52,52,"SIDSAL","Sideroxylon salicifolium",0.866058778517422,-0.47541369557586,-0.09716986240988,-0.549042729048039,1.26937469972479,-0.166120136987029,0.245006523025741,-0.269091431706715
"53",53,53,"SIDCUB","Sideroxylon cubense",0.874656202094043,-0.36803667182028,-0.0960990310822437,-0.574381601103074,1.07377419883142,-0.117796232892582,0.348999808972556,-0.354508281347434
"54",54,54,"SIDFOE","Sideroxylon foetidissimum",0.891308089544875,-0.160064361869117,-0.0940249990253995,-0.623458959635547,0.694926860061521,-0.0242004404372787,0.550418374093898,-0.519947279681033
"55",55,55,"SIDOBO","Sideroxylon obovatum",1.54599745810212,0.399588099471462,-0.100762072039454,-0.901721662460232,-0.627318440701956,0.204776365623895,1.46778050906708,-1.46521567788661
"56",56,56,"POUMUL","Pouteria multiflora",0.743413653812054,-0.613343221101313,-0.0626526366218519,-0.496193314765037,-0.0346018343185961,1.96061073823875,0.632809611047072,-1.68922189259011
"57",57,57,"MICGUY","Micropholis guyanensis",0.426135625185333,0.7923502334122,-0.0946131027146699,-0.960181584926738,1.26937469972479,-0.0228384127902215,0.913823761838845,0.10931921750335
"58",58,58,"MICGAR","Micropholis garciniifolia",-3.48208837797066,2.47448820582176,-0.092708195246298,-1.00504755588992,0.32102812951142,-0.0378987189579048,0.223547693621787,2.31971919895501
"59",59,59,"CHRCAI","Chrysophyllum cainito",0.443710755325735,-0.346782405956805,-0.0898484953260682,0.319778227776102,1.06182689371397,-0.0615786209387118,-0.343861658880929,0.109808964167045
"60",60,60,"CHRARG","Chrysophyllum argenteum",0.568510558813506,-0.49822104453994,-0.0907468942958472,0.477623379563649,1.15083137844812,-0.14383875151804,-0.482217185665812,0.118928381844045
"61",61,61,"CYRRAC","Cyrilla racemiflora",-0.605805005155714,0.652979415059308,-0.0973472894455458,-0.854007824654282,-0.153145155595268,0.00262751965263891,0.564106911182899,0.0975079432990727
"62",62,62,"TERSTA","Ternstroemia stahlii",-0.105272141067605,0.214812881810271,-0.0418121502544103,-0.349209014383512,0.0252770015248834,0.0214293910434116,0.269456847213666,-0.0521933137388325
"63",63,63,"MYRCOR","Myrsine coriacea",-0.20078848787734,0.117557410590107,-0.0982289432479718,-0.440723200223263,0.32102812951142,-0.174164932004172,0.142836418705106,0.123945993899545
"64",64,64,"PARCRE","Parathesis crenulata",0.524441478446988,1.23728879339642,-0.0908091414761385,-0.855380614872947,-0.183934473359293,-0.128893870530794,1.28862874134752,-0.341118464979947
"65",65,65,"ARDOBO","Ardisia obovata",0.655382944331301,1.440383142046,-0.0904384521347203,-0.933201626710296,-0.27168847687194,-0.123189980513042,1.49640586437688,-0.423797400302924
"66",66,66,"CASEQU","Casuarina equisetifolia",-0.0639897466046999,0.228217972380632,0.0583663406918668,-0.149033028549452,-0.115010698848176,-0.027714317023008,0.228417622156467,0.0133629973431269
"67",67,67,"COCMIC","Coccoloba microstachya",0.721818589643641,0.776039216233139,-0.100181139443306,-0.968049143379645,-0.627318440701956,-0.170472282980372,1.27967194886764,-0.759517898662296
"68",68,68,"COCVEN","Coccoloba venosa",0.45634538250796,1.59934390897165,-0.0130838972560788,-0.978002540103946,-0.343475867185173,-0.170991677547112,1.5499249134688,-0.243240151262364
"69",69,69,"COCRUG","Coccoloba rugosa",0.411438658256817,1.29255476023675,0.2146482625544,-1.37493023689802,0.0839414869580758,-0.215791882857157,1.65972300080639,-0.0626398986752946
"70",70,70,"COCSIN","Coccoloba sintenisii",0.0798872625788718,1.37493024398093,-0.0682921428403582,-1.16623611789735,-0.864405083255299,-0.205354436677657,1.44901196404502,-0.367676453087442
"71",71,71,"COCKRU","Coccoloba krugii",0.648522625736651,1.27916734487965,-0.0993283004134732,-1.10664745778496,-1.16076338644698,-0.172347550598142,1.63946505490548,-0.846657848629227
"72",72,72,"COCPUB","Coccoloba pubescens",1.00790753247907,2.48897570061599,0.118406772053353,-0.913305841686415,0.676658093341435,-0.171788072885599,2.05881239908887,0.176761454766177
"73",73,73,"COCUVI","Coccoloba uvifera",0.280461534589882,2.10407820754066,-0.0511497323702682,-1.00026821347251,-0.864405083255299,-0.0910389435313103,1.79211002560704,-0.298130892953119
"74",74,74,"COCPYR","Coccoloba pyrifolia",-0.0833598524517239,0.344378997443116,-0.0921861462847187,-0.770430561055019,-0.864405083255299,-0.169591173668836,0.666443493603684,-0.450520874781366
"75",75,75,"COCSWA","Coccoloba swartzii",-0.0528507260482649,1.36415805354953,-0.0831736757924754,-0.859011150277799,0.439571450788092,-0.33027575467772,0.991984419554015,0.358443499862065
"76",76,76,"GUAOBT","Guapira obtusata",-0.164282329060972,-0.0722530082783617,-0.0831435216262302,-0.250370746896476,-1.16076338644698,-0.0889983995178846,0.188518809701173,-0.514196665909066
"77",77,77,"PISSUB","Pisonia subcordata",-0.940793655926534,-0.793416676997851,-0.0686542348597447,-0.0769778388549907,0.32102812951142,-0.173542815429664,-0.787372056967821,0.434467596078829
"78",78,78,"PISALB","Pisonia albida",-0.52220669392378,0.179087311680448,-0.0961531849400091,-0.446503480194604,-1.33857836836199,-0.174050120790851,0.27941858717711,-0.347483551456843
"79",79,79,"GUAFRA","Guapira fragrans",-0.340391939832034,0.649910910993614,-0.0963539702727709,-0.253489385390737,0.973016396533115,-0.168469761817791,0.124891530485331,0.642927001485853
"80",80,80,"NEEBUX","Neea buxifolia",0.226531481120756,0.146923954200783,-0.101892050914605,0.36084356458457,-0.982948404531971,-0.172317646282114,0.0376067107461337,-0.415129013104433
"81",81,81,"SCHOBO","Schoepfia obovata",-0.611006948616854,0.760824549108033,-0.101193262504976,-0.989855076409165,-1.10149172580864,0.0445674428444125,0.833496162857554,-0.312572889811826
"82",82,82,"DAPPHI","Daphnopsis philippiana",-1.86652220314778,0.831416126408965,-0.0946627429392275,-0.237093743247793,-1.10149172580864,-0.142114893517119,-0.133659273244138,0.70187947196862
"83",83,83,"DAPAME","Daphnopsis americana",-1.83043654242474,0.795993671485524,-0.092889196557234,-0.222427816909764,-1.07701114378224,-0.138946448936574,-0.14595912070868,0.686611817358208
"84",84,84,"HELJAM","Helicteres jamaicensis",0.669732414070931,0.236302128141805,-0.07956590675825,-0.323299681877871,-1.04222006517031,0.00320771246442053,0.718940591007286,-0.917678665807805
"85",85,85,"HIBELA","Hibiscus elatus",-0.594834289917125,-0.911311142879823,-0.0556721047372503,0.567736376842387,-0.127172833333494,-0.0497704357602053,-0.995843089519547,0.16073664478636
"86",86,86,"THEPOP","Thespesia populnea",-0.594834289916745,-0.911311142879798,-0.0556721047372592,0.567736376842081,-0.127172833333099,-0.0497704357601847,-0.995843089519251,0.160736644786214
"87",87,87,"THEGRA","Thespesia grandiflora",-0.594834289916745,-0.911311142879798,-0.0556721047372592,0.567736376842081,-0.127172833333099,-0.0497704357601847,-0.995843089519251,0.160736644786214
"88",88,88,"GUAULM","Guazuma ulmifolia",-0.914555641800934,-3.15513609940851,-0.0923465953932908,2.27505167745986,0.32102812951142,-0.169137268871985,-3.28087561021525,0.471129042820277
"89",89,89,"CEIPEN","Ceiba pentandra",-2.16771747059399,-4.11319384715873,-0.0180959145979496,2.54909442613486,2.45480791249151,-0.16753525194192,-4.67752183951764,1.91714551775119
"90",90,90,"STEAPE","Sterculia apetala",-1.75920971998805,-2.28794234475225,-0.0561703209019144,1.38718742152317,1.03565044705979,-0.0794328983623866,-2.77341295708592,1.18090694371276
"91",91,91,"QUATUR","Quararibea turbinata",-0.547940794112153,-1.01011785117216,-0.0788188988264805,0.485692050946653,-0.508775119425284,0.120172225349398,-0.901315797931439,-0.157388245702243
"92",92,92,"OCHPYR","Ochroma pyramidale",-2.93871664628344,-1.74158826501334,-0.0630548518442179,1.03891398916089,1.50646134227814,-0.174050120790851,-2.88861403104208,2.10584714732441
"93",93,93,"BIXORE","Bixa orellana",-0.550576949254858,-0.319879787927089,-0.0232988140477212,0.215969283879756,-0.240521963579657,-0.0210762024604614,-0.460418136922889,0.145982213314425
"94",94,94,"TRIHIR","Trichilia hirta",-0.351400454332959,-0.53729152975606,-0.0152429436671379,0.517855254173703,-0.0560975087858729,-0.112118543997373,-0.695764246092509,0.184893749082502
"95",95,95,"TRIPAL","Trichilia pallida",0.0485129720255937,-0.452545082632627,-0.0793149310880922,0.465404771269277,-0.627318440701956,-0.169668230683173,-0.41450084760863,-0.27676791305376
"96",96,96,"GUAGUI","Guarea guidonia",-0.477002517918494,-0.647331166216186,0.0438112319053336,0.990244734606595,0.676658093341435,-0.108661129762027,-1.16064460301257,0.688018195469366
"97",97,97,"GUAGLA","Guarea glabra",-0.664698162780613,-0.461644049654529,-0.0173536500221674,0.119501960620319,-0.27168847687194,-0.0959784957323444,-0.519501469679172,0.174391613463654
"98",98,98,"CEDODO","Cedrela odorata",-0.833331831891221,-1.1214341906884,0.0607492143113976,1.11293442813649,0.374317819403938,-0.0890314252747291,-1.5458659214967,0.686201365102532
"99",99,99,"SWIMAC","Swietenia macrophylla",-0.950479085115388,-1.23355783492305,0.0739918246763501,1.2564629532539,0.439571450788092,-0.0998500366466684,-1.73734699493738,0.803334799239385
"100",100,100,"AMYELE","Amyris elemifera",1.25146478844984,-0.274403308706567,-0.0958614550468724,-0.890506152815783,-0.745861761978628,-0.166978604459286,0.990887547185237,-1.33644543036381
"101",101,101,"ZANFLA","Zanthoxylum flavum",0.98414067132369,0.78793212759323,-0.0685074888562598,-0.934948924940593,-0.627318440701956,-0.172054274698812,1.38764251565385,-0.873161721193952
"102",102,102,"ZANMON","Zanthoxylum monophyllum",0.592594178081484,-0.452545082632627,-0.0971104642102451,-0.0324557590148285,-0.982948404531971,0.109461420741398,0.197047244925923,-0.998496532573968
"103",103,103,"ZANMAR","Zanthoxylum martinicense",-0.689093811505046,-0.410481005184416,-0.016605637238878,1.25454774403725,2.21772126993817,-0.173362535124467,-1.55562059972836,1.54537363210392
"104",104,104,"EXOPAN","Exothea paniculata",0.274050798179369,-1.21889998867088,-0.0888203307935936,0.230401740225818,-0.0346018343185961,0.105599606335057,-0.576946882501711,-0.547281339974462
"105",105,105,"HYPTRI","Hypelate trifoliata",1.91141264966226,0.57959102489624,-0.100191471812833,-1.14857907311749,-0.982948404531971,0.27733897692495,1.91265747697069,-1.8686754409724
"106",106,106,"THOSTR","Thouinia striata",1.33813909331674,-0.611245611202997,-0.0758554257809659,-0.0930422068542891,0.913744735894779,-0.174165946614895,0.163772199319023,-0.566774235684907
"107",107,107,"ALLRAC","Allophylus racemosus",-0.0126211862721859,-0.489239277210734,-0.0479552719886435,1.2553079130106,-0.745861761978628,-0.172935384010347,-0.900947961880611,-0.0613857417313043
"108",108,108,"ALLCRA","Allophylus crassinervis",1.08465689975533,-0.459425243864309,-0.0984699781991324,-0.334540827068942,-0.745861761978628,0.0495929005717697,0.535691283596617,-1.23646453072089
"109",109,109,"CUPAME","Cupania americana",-1.04627382629013,0.248423854875799,-0.0294008519475169,-0.118724537952211,0.32102812951142,-0.149026616343234,-0.307701084546481,0.749609872397962
"110",110,110,"MATDOM","Matayba domingensis",0.265523518651045,0.0806394711441244,-0.0944136150885455,-0.930171527458353,1.62500466355481,-0.0769414278493092,0.443685043348257,0.201686655586836
"111",111,111,"MELBIJ","Melicoccus bijugatus",-0.168238236692791,0.0458360491471281,-0.0622662535192344,-0.427712788165855,0.752348690558684,-0.0800364698115741,0.0842715569420485,0.245207464259665
"112",112,112,"SAPSAP","Sapindus saponaria",0.374014912041344,-0.24283285522817,-0.0622326400744944,-0.206804931044081,0.186684216090396,0.0170300622950935,0.14050557235809,-0.339043180288986
"113",113,113,"BURSIM","Bursera simaruba",-1.57285765516391,-0.453235773661927,-0.0790420170906732,-0.105227457487164,0.795201414618107,-0.159792170113271,-0.947061810459096,1.04030332670378
"114",114,114,"TETBAL","Tetragastris balsamifera",-0.771215202051955,-0.837274767560479,0.0372583312024517,-0.220699468757444,-0.153145155595268,0.345848729208765,-0.455855953143877,-0.0689174018937548
"115",115,115,"DACEXC","Dacryodes excelsa",-1.015406648967,-0.345853096217492,0.019927772761608,-0.191127303172709,1.62500466355481,0.0899983146648066,-0.651594014589185,1.01408905596682
"116",116,116,"COMDOD","Comocladia dodonaea",0.838680208031034,-0.46910221896498,-0.0934594401891884,-0.947365985901483,-0.923676743893635,1.25813906256174,1.01348780925997,-1.88738877871996
"117",117,117,"COMGLA","Comocladia glabra",0.410450577160469,-1.27234709810272,-0.0982126376761413,0.906861240360109,-0.745861761978628,1.11137808326783,-0.696263837254098,-1.20114593359761
"118",118,118,"MANIND","Mangifera indica",-0.632779531372513,-0.722157917251013,-0.0367671411154846,-0.238987472123009,0.439571450788092,2.02282239568961,-0.189665727703247,-0.69705891873304
"119",119,119,"SPOMOM","Spondias mombin",-0.276081065141945,-0.449897685685594,-0.0172175659711657,-0.0822518844882595,0.185679125639223,0.387889970661911,-0.221451831488567,-0.132069610373907
"120",120,120,"PICPEN","Picramnia pentandra",1.64253114597937,-0.668347223164014,-0.0648148729020568,-0.25551032772715,-0.745861761978628,-0.161274035773582,0.605735370162546,-1.45996623987324
"121",121,121,"TUROCC","Turpinia occidentalis",-1.01114546630478,-0.361536766504524,-0.0547652791182995,-0.239772906813331,1.50646134227814,-0.170071778747856,-0.683884557465878,1.01735239069372
"122",122,122,"SYZMAL","Syzygium malaccense",0.733358697446914,0.11533268468385,-0.0876722693634162,-0.177075841448368,-0.261073912932042,-0.0970353731434695,0.471182907414658,-0.588860927272112
"123",123,123,"SYZJAM","Syzygium jambos",-0.285731637913741,0.134737838210958,-0.0929413142208991,-0.715155710167347,0.439571450788092,0.00348005534253159,0.293318720412006,0.070652720758788
"124",124,124,"MYRDEF","Myrcia deflexa",0.666540976003135,-0.0424762657432487,-0.0870825048545061,-0.402952345338159,0.439571450788092,-0.0784220433186723,0.409678655929914,-0.378621179529026
"125",125,125,"MYRFAL","Myrcia fallax",1.07654770989857,-0.523472276228517,-0.0936394003524942,-0.0470083868385178,0.558114772064763,-0.0393811842939245,0.131975990908338,-0.602064970627882
"126",126,126,"MYRFLO","Myrciaria floribunda",0.701210521106433,-0.199049633096469,-0.0917904552784837,-0.0272292353249773,0.180016603764745,-0.0709317382443278,0.162953152167215,-0.443950852088825
"127",127,127,"GOMLIN","Gomidesia lindeniana",0.426710730445514,-0.627271473140188,-0.0949614707823496,1.79656657812128,-0.755143094730266,-0.123532422385348,-1.11821112101878,-0.249204036193562
"128",128,128,"MYRSPL","Myrcia splendens",0.313513823356282,-1.02522064384962,-0.0963214903914807,3.05271511345689,-1.22003504708532,-0.152316091106301,-2.04045568465666,-0.113520504568502
"129",129,129,"CALPAL","Calyptranthes pallens",0.426713441710743,-0.627261941850085,-0.0949614381857361,1.79653648978967,-0.755131959396837,-0.123531732870887,-1.11818903098013,-0.24920728638464
"130",130,130,"EUGRHO","Eugenia rhombea",1.41052136390482,0.421962608409667,-0.100265139428905,-1.02969204714471,-0.982948404531971,0.0130878211785697,1.51979317947073,-1.47404787151382
"131",131,131,"EUGMON","Eugenia monticola",0.953868911088962,-0.525655155493121,-0.10153022176594,-0.480566024460697,0.558114772064763,-0.174401642160529,0.31587509623403,-0.59611384117514
"132",132,132,"EUGAXI","Eugenia axillaris",1.12315457624589,0.369941874272517,-0.0986081037932078,-0.808870649077679,-0.982948404531971,-0.154198460999127,1.21865699006047,-1.1883344484177
"133",133,133,"EUGDOM","Eugenia domingensis",-0.697969341658552,-0.0550059904264503,-0.0924649225591863,-0.628981891396331,0.676658093341435,-0.171958153683008,-0.0776282466566775,0.453965582408057
"134",134,134,"EUGBIF","Eugenia biflora",0.656489286812596,-0.0225070166518263,-0.100522096499639,-0.561935470978989,0.439571450788092,-0.162339377032075,0.491183415371198,-0.382049812852867
"135",135,135,"EUGSTA","Eugenia stahlii",0.226099346047231,1.32924895481485,-0.0907228545219868,-0.751522978280696,1.03228805717145,-0.399957521433845,0.928285966248056,0.488009468128838
"136",136,136,"EUGBOR","Eugenia borinquensis",-1.2486895472089,2.75164769256114,-0.0782987451106434,-1.13740802460398,0.0260648842274356,-0.539885629674823,1.32722661173743,1.22138116581421
"137",137,137,"EUGCON","Eugenia confusa",0.84296793275162,0.418361774411045,-0.0952127461102582,-0.707468475722443,-0.385376292920385,-0.123853177942665,0.984379242108402,-0.763993881137673
"138",138,138,"EUGPSE","Eugenia pseudopsidium",1.2540555859791,-0.376512431919576,-0.0958874263816821,-0.496706106373619,-0.627318440701956,-0.00376316755827635,0.717218441632251,-1.28185259015416
"139",139,139,"EUGLIG","Eugenia ligustrina",1.85131604623662,0.08489062766115,-0.101171269665206,-0.783857537031004,-1.33857836836199,0.0929075631178246,1.46360949758688,-1.9149902267497
"140",140,140,"PIMRAC","Pimenta racemosa",1.51641497962371,1.01999594749727,-0.0970597719456327,-1.14281090596369,-0.745861761978628,-0.171672460663813,1.84440027739076,-1.23738498425085
"141",141,141,"MICPAC","Miconia pachyphylla",-0.00561337408889264,0.136400890192551,-0.0918731328620795,-0.337122095905671,0.0982664530237926,-0.123405109590148,0.212837499732478,-0.0607067569159005
"142",142,142,"MICTET","Miconia tetrandra",-0.156816230817542,-0.412108242600845,-0.077171578946374,-0.155846303378473,0.795201414618107,-0.161069218701967,-0.30938605843772,0.246254997505466
"143",143,143,"MICSIN","Miconia sintenisii",-1.41502653821932,1.45526102036927,-0.0852403490114806,-0.609867196204632,-1.05003053070135,-0.175405427113686,0.555065982840367,0.541064837540094
"144",144,144,"TETELA","Tetrazygia elaeagnoides",0.370324803554655,0.7699608079481,-0.0990466787130484,-0.443598639864384,-0.0346018343185961,-0.140775539361723,0.736399658949685,-0.195988083727868
"145",145,145,"MICLAE","Miconia laevigata",-1.1536303004241,0.147011644626849,-0.0961110610562439,0.568977629975152,-1.33857836836199,-0.183004308334529,-0.60853937840373,0.279639341309227
"146",146,146,"MICPRA","Miconia prasina",-0.150547191034331,-0.847902658853043,-0.0887544965763371,0.153101466123024,-0.627318440701956,-0.174648634315923,-0.495690558991666,-0.350812421232245
"147",147,147,"MICSER","Miconia serrulata",-0.42771666402666,-0.0498608977903053,-0.0862162135531221,0.117468509896797,-0.5221307989741,-0.148022301393435,-0.233360298643818,0.0203066193111528
"148",148,148,"MICRAC","Miconia racemosa",-1.4133515649967,-0.844241376176357,-0.0790165555466817,1.05086430192086,-0.508775119425284,-0.175144832359729,-1.57010582822243,0.655908392158638
"149",149,149,"MICIMP","Miconia impetiolaris",0.393765966569755,-0.39565789308837,-0.0536588055593626,0.658730898317997,-1.16076338644698,0.00347564354102788,-0.246704141844319,-0.679532102462356
"150",150,150,"HENMAC","Henriettea macfadyenii",-0.635823048529589,-0.565983843412477,-0.0943738304335877,0.616863471864823,-1.10149172580864,-0.0800721828769746,-0.766228958758462,-0.120959053685263
"151",151,151,"HENFAS","Henriettea fascicularis",-1.20408825518305,-0.647650801741721,-0.0955572776145048,1.74083906026234,-1.33857836836199,-0.204604576450755,-1.70051241877375,0.445170200949937
"152",152,152,"MOUHEL","Mouriri helleri",1.95837485680766,0.926955280642362,-0.100789353236825,-0.773363627788351,-0.390231798148612,0.10314033870866,1.75380337589444,-1.3910784599267
"153",153,153,"CONERE","Conocarpus erectus",0.622361997558281,-0.296591749956364,-0.0938443789221151,0.265928224080975,1.48188568746941,-0.12721095486453,-0.28643767717883,0.203230065555067
"154",154,154,"BUCTET","Buchenavia tetraphylla",-0.111622799713442,-0.579632294448756,-0.0969156823254563,1.23896767744526,1.86209130610815,-0.0971746683734597,-1.35616617042728,0.947844285380955
"155",155,155,"TERCAT","Terminalia catappa",0.603168249455685,-0.315630812112505,-0.0961219187329885,0.308824936913876,1.53654334608951,-0.129312148962131,-0.338025652031869,0.242482402686075
"156",156,156,"BUCBUC","Bucida buceras",1.38682765916458,-0.0495522044894605,-0.099661242912716,-0.675906749884256,1.26937469972479,-0.170338781569533,0.73081335417079,-0.491139033442749
"157",157,157,"LAGRAC","Laguncularia racemosa",0.581974422487671,-0.248877771351529,-0.0820617974694688,0.224559361644617,1.25960504266968,-0.109855383855205,-0.216869505011345,0.136617606945585
"158",158,158,"SENSIA","Senna siamea",-0.000369689994636126,-0.826337326551711,-0.0230756090330423,0.150792431925258,-0.362753619939672,-0.0859702186643006,-0.41756727108356,-0.322111853311907
"159",159,159,"PISCAR","Piscidia carthagenensis",-0.000369689994636126,-0.826337326551711,-0.0230756090330423,0.150792431925258,-0.362753619939672,-0.0859702186643006,-0.41756727108356,-0.322111853311907
"160",160,160,"ANAPER","Anadenanthera peregrina",-0.217057619900502,-0.894502091731747,-0.0116976369739762,-0.0477806241752565,-0.473804913730413,-0.0932061130339562,-0.399828222845351,-0.305722919592722
"161",161,161,"COJARB","Cojoba arborea",-0.664919082672019,-1.1007346122712,-0.0644160574930361,-0.870596014866969,-1.16076338644698,-0.0619356359684606,-0.105919987666817,-0.654218002745805
"162",162,162,"PITDUL","Pithecellobium dulce",-0.595536276845172,-1.06401922475194,-0.0562660697028861,-0.733113570503628,-1.04026330771866,-0.0657627219074431,-0.157141896228586,-0.591158970749608
"163",163,163,"ALBLEB","Albizia lebbeck",-0.254641138297628,-0.883618938180341,-0.0162212280703605,-0.0575720223815412,-0.448201230433512,-0.084567686744796,-0.408839203373461,-0.281308904674975
"164",164,164,"ALBPRO","Albizia procera",-0.254641138297628,-0.883618938180341,-0.0162212280703605,-0.0575720223815412,-0.448201230433512,-0.084567686744796,-0.408839203373461,-0.281308904674975
"165",165,165,"INGLAU","Inga laurina",-0.0504361820079905,-0.325905360552247,-0.0546129540889954,-0.0345662198481864,1.62500466355481,-0.0562137654999114,-0.391080078332345,0.540600238759805
"166",166,166,"INGVER","Inga vera",-0.469904535154191,-0.799318010642804,0.0185914460301306,1.25939802792662,-0.627318440701956,0.0259114463528498,-1.19236796913224,0.119938750162464
"167",167,167,"SAMSAM","Samanea saman",-0.254641164117724,-0.883617445047037,-0.0162212363955172,-0.0575689058683322,-0.448196825416867,-0.0845673638614936,-0.408840984436191,-0.281306059913273
"168",168,168,"LEULEU","Leucaena leucocephala",-0.0063987358407392,-1.06090798652229,-0.0885731324473686,-0.443758983044978,-0.627318440701956,-0.169635229134413,-0.174225217956732,-0.648615420602605
"169",169,169,"ADEPAV","Adenanthera pavonina",-0.482434096392357,-1.01123657651838,0.182536607169953,0.0820604615796212,-0.923676743893635,-0.144172505045137,-0.500750140153376,-0.182313240968046
"170",170,170,"DELREG","Delonix regia",-0.160717583725512,-0.879977298208767,-0.00876858261868169,0.0150460452114137,-0.459316443890455,-0.093024709197336,-0.40828164232177,-0.308904415450034
"171",171,171,"TAMIND","Tamarindus indica",0.696079783289757,-0.830674286910214,-0.0983668706594328,0.602115602669012,-0.390231798148612,-0.0891699237795676,-0.430705674104397,-0.64737423798614
"172",172,172,"HYMCOU","Hymenaea courbaril",0.334467347366047,-0.832233237216315,-0.0594861361931769,0.365573098055185,-0.38314890669816,-0.0880522286035706,-0.423455657943055,-0.482792231713497
"173",173,173,"POIFLO","Poitea florida",1.05081048351184,-0.508369482544201,-0.100489067948978,-0.233505309683872,-0.0346018343185961,-0.173142311197147,0.301127462603587,-0.816289844528861
"174",174,174,"ORMKRU","Ormosia krugii",-0.967041925781994,-0.732450192248618,0.22146988863462,0.293975922485252,1.62500466355481,-0.0792908193774994,-1.03895481555387,1.23261655084557
"175",175,175,"ANDINE","Andira inermis",0.282560619351763,-0.9160050712266,-0.0132722252133907,0.582016572431946,1.62500466355481,-0.0696787177971087,-0.877713558652965,0.412172112492602
"176",176,176,"PICACU","Pictetia aculeata",1.69620051611324,0.0065239096570387,-0.0976156644621494,-0.570028451874661,-0.508775119425284,0.188618125277989,1.13268592265941,-1.49719614918598
"177",177,177,"ERYPOE","Erythrina poeppigiana",-2.04435365200352,-1.2953928426514,0.0136896815815607,3.00702996033529,1.15083137844812,-0.14270398952591,-3.40554785384192,2.14479267348607
"178",178,178,"LONGLA","Lonchocarpus glaucifolius",0.649785435570215,-0.182088899960085,-0.0826899162243977,-0.643872095322427,0.439571450788092,-0.123838361826833,0.478210870461618,-0.445568887799438
"179",179,179,"LONHEP","Lonchocarpus heptaphyllus",-0.0194336560394742,-0.176523157283237,-0.0577208971249753,-0.00475348826961588,-0.508775119425284,-0.163263206795079,-0.0404628362790727,-0.24161586114924
"180",180,180,"REYUNC","Reynosia uncinata",1.87593597157983,0.527010928589403,-0.101787422943923,-1.178989505505,-0.410545080560117,-0.101735149730804,1.75031094410442,-1.46864515487951
"181",181,181,"KRUFER","Krugiodendron ferreum",1.51120383186992,-0.833456508459945,-0.0990454938134369,-0.339964262403153,0.32102812951142,-0.163384693078943,0.358442031915613,-1.04280552261526
"182",182,182,"COLARB","Colubrina arborescens",1.0209529220687,-0.0547263098450337,-0.0884804964440217,-0.749571541124903,-0.153145155595268,-0.173399301413012,0.828669941412412,-0.870053389881246
"183",183,183,"ZIZRET","Ziziphus reticulata",1.49157424121961,1.62727741685202,-0.0989060722968639,-0.941763129401305,-2.27159805551008,-0.147113594526479,2.21300858574479,-1.64533121450079
"184",184,184,"UREBAC","Urera baccifera",-1.78152153893334,-0.894889128428755,-0.0676989699617784,6.21185760362633,-1.22003504708532,-0.424275668189681,-4.77740877947794,2.09606278284865
"185",185,185,"CECSCH","Cecropia schreberiana",-2.18935070137111,0.143039491500707,0.301372811221254,0.035364275118008,1.26937469972479,-0.175331734334903,-0.91922825887786,2.01106222992613
"186",186,186,"FICTRI","Ficus trigonata",-1.11790012497566,0.0111316816779472,-0.0915791016873532,-0.215612297194915,1.44405889086442,-0.152615774403065,-0.576223821203692,1.11761017708004
"187",187,187,"FICCIT","Ficus citrifolia",-1.1156505607821,0.075543055566116,-0.0925286990262653,-0.228116543318515,1.62500466355481,-0.175331734334903,-0.568104135764512,1.2109357858541
"188",188,188,"FICAME","Ficus americana",-1.13612500653824,-0.38083477998547,-0.0897844373343002,-0.233645919225414,0.32102812951142,-0.0048359324801132,-0.568102101760233,0.510784254724598
"189",189,189,"CASELA","Castilla elastica",-2.23459645131641,-0.623038842111066,-0.00614389297465617,1.5318254828425,-1.45712168963866,-0.0995590035710399,-1.9193273192414,0.932583913493376
"190",190,190,"PSESPU","Pseudolmedia spuria",0.011387173706223,-1.04628997338504,-0.0926833770266384,0.33557587681285,0.558114772064763,0.0516527044295896,-0.764914207765929,-0.0697322061794314
"191",191,191,"ARTALT","Artocarpus altilis",-1.35925879740125,0.353608482808038,0.0625262762723289,0.671534499521212,0.202484808234748,0.611979485945598,-0.688227027057975,0.831381999212353
"192",192,192,"PRUMYR","Prunus myrtifolia",1.27538319713093,-0.923136946693206,-0.0970666087230524,-0.0176295340820741,-0.686590101340292,0.261457628290545,0.237247850035387,-1.44110114400936
"193",193,193,"CRORHA","Crossopetalum rhacoma",1.40972380098313,1.75749705983895,-0.101446826284515,-1.17423844109781,-1.22003504708532,-0.172758574741833,2.22277114051718,-1.1994855193309
"194",194,194,"GYMLAT","Gyminda latifolia",0.980496384306928,0.983674661032287,-0.100740840127446,-0.821144221767591,-0.27168847687194,-0.170310012015498,1.34291708551096,-0.671268783427335
"195",195,195,"SCHFRU","Schaefferia frutescens",1.42610272447664,-0.1454447741636,-0.100301923820886,-0.388587604552453,-0.864405083255299,-0.170299158350797,0.835615722811254,-1.31442386728161
"196",196,196,"MAYLAE","Maytenus laevigata",1.09685657671182,0.60227104652886,-0.0826318050507453,-0.627206058446762,-0.60409207856645,-0.123046386931227,1.16274614468581,-0.919326405092953
"197",197,197,"DITMYR","Ditta myricoides",-1.48074264062507,0.612257808832049,-0.0995090102432267,-0.491854238414713,-0.627318440701956,0.297679794594135,0.0777572415748756,0.349949845486138
"198",198,198,"CROPOE","Croton poecilanthus",-0.598067962224517,3.25804351745635,-0.0741604015348814,-0.0274402952184054,-0.153145155595268,0.0103444089503618,1.27627819293494,0.964310786788197
"199",199,199,"CROAST","Croton astroites",0.943993600115546,0.469141536389326,-0.0896955133084767,0.325442001484616,-0.778104218556812,0.454828712729121,0.57831442198929,-0.943312338443004
"200",200,200,"CROFLA","Croton flavens",1.53351396330844,-0.134528725594952,-0.097385547920113,0.47419524564082,-1.10149172580864,0.583186650134665,0.51999240999892,-1.57237723467414
"201",201,201,"HIPMAN","Hippomane mancinella",-0.680665330220571,0.116284153797879,-0.0867585913698455,1.13585013195033,0.873314401467923,0.017964573470426,-1.04765443601702,0.964584325061465
"202",202,202,"SAPLAU","Sapium laurocerasus",-1.23065682542623,0.191233473733008,-0.0850753000605389,1.70242876504041,1.15083137844812,-0.116467031783709,-1.64178747957751,1.61900969887528
"203",203,203,"HURCRE","Hura crepitans",-0.294700135782835,0.0636877284237319,-0.0879397732217906,0.738246849419915,0.678572362179354,0.112302883067898,-0.630714888652629,0.505336280866153
"204",204,204,"GYMLUC","Gymnanthes lucida",1.32123668903297,-0.157503130587385,-0.0988777676442195,-0.640059984097259,-0.0346018343185961,0.469945925968888,0.919460070516326,-1.28522901300873
"205",205,205,"ALCLAT","Alchornea latifolia",-1.4531352222982,-0.740813629053623,-0.0608171192859249,0.248338578298133,1.50646134227814,-0.170872787212889,-1.33704716167274,1.30222694803045
"206",206,206,"EUPPET","Euphorbia petiolaris",-0.11929957029719,0.452270091515562,-0.068743858717726,-0.00342635965203522,0.0390498142802204,0.33506096507479,0.200160749789758,-0.0467192231010167
"207",207,207,"CHRICA","Chrysobalanus icaco",0.904846045450169,-0.36747756419814,-0.0956477366647745,-0.24239139861055,-0.594306908571441,-0.131685431247367,0.399093347782406,-0.943137874180774
"208",208,208,"HIRTRI","Hirtella triandra",0.922218622292459,-0.385255819307839,-0.0966575792292652,-0.245704091288791,-0.609809275462416,-0.14614536777069,0.399666586984648,-0.95836933041768
"209",209,209,"HIRRUG","Hirtella rugosa",0.941838889359388,-0.40533486818904,-0.0977981130272732,-0.249445012563421,-0.627318440701956,-0.162476616482417,0.400313552685758,-0.975571748445637
"210",210,210,"MAMAME","Mammea americana",0.566242968586619,1.26536973160498,-0.0789283840288137,-0.875124074554327,0.32102812951142,9.61024157929968,2.78464677988188,-4.58878103825618
"211",211,211,"CALANT","Calophyllum antillanum",-0.104841170230298,0.31277500313999,-0.0852487695095295,-0.138519417874882,2.45480791249151,-0.0419104243426467,-0.18828034498011,1.00464819518292
"212",212,212,"CLUROS","Clusia rosea",0.398355478776619,6.003731409265,-0.0767456568226199,-1.51999761031919,1.26937469972479,-0.173892482324933,3.61121578589711,1.31980075923549
"213",213,213,"CLUCLU","Clusia clusioides",-0.573568856576058,6.46277044670193,-0.0761081538410488,-1.41184775109248,0.439265085096478,-0.233057415468188,3.4630026074939,1.69893801146029
"214",214,214,"ADERIC","Adelia ricinella",0.723890713756028,-1.17009559078512,-0.0966764068315377,-0.0778483049123904,-1.22003504708532,0.41787145175784,0.0321928413160721,-1.49421052714105
"215",215,215,"SAVSES","Savia sessiliflora",-0.337811098173067,-0.513953353641204,-0.0822636925831633,0.056993209953414,-0.362343915859941,0.0652173656893783,-0.360279742543656,-0.189875882640698
"216",216,216,"MARNOB","Margaritaria nobilis",-0.87367839420855,-0.505658030923829,-0.0845722390637635,0.150913037566521,-0.153145155595268,-0.17394331966218,-0.703599385929622,0.328916180886001
"217",217,217,"ERYRUF","Erythroxylum rufum",1.47448794787605,-0.585673411922482,-0.0928333889406632,0.287760183463972,-1.33857836836199,0.767251898760783,0.465297586065198,-1.87611305384799
"218",218,218,"ERYARE","Erythroxylum areolatum",1.36047791718369,-0.396931996982872,-0.0989072231016336,-0.361612095176726,-0.745861761978628,0.743507731537516,0.803270233717462,-1.69927838189693
"219",219,219,"RHIMAN","Rhizophora mangle",0.423547329219629,-0.166253863726093,-0.0804019467069182,0.106530849352094,-0.349485335274558,0.559652378235064,0.161578262009503,-0.73642866248956
"220",220,220,"CSSGUI","Cassipourea guianensis",0.434510221410836,-0.465927835253883,-0.0955782603121926,0.264717254121558,-0.508775119425284,0.590465172973543,-0.0451988674280596,-0.859929775348045
"221",221,221,"BYRCRA","Byrsonima crassifolia",-0.296852566251967,-0.27138594020082,-0.0955595182951455,0.112695835359879,1.06034922553019,-0.0920927620512761,-0.499408738073287,0.495353749759465
"222",222,222,"BYRSPI","Byrsonima spicata",-0.0658998715740531,-0.892092314559766,-0.0973536052010685,0.951105474148028,1.62500466355481,-0.16099368281082,-1.28378889887151,0.701215192801669
"223",223,223,"BYRWAD","Byrsonima wadsworthii",-0.568926452016787,0.336268238431273,-0.0957922103068159,-0.728670301964034,0.558114772064763,-0.0506608365866624,0.249594919749389,0.344758459361405
"224",224,224,"BYRLUC","Byrsonima lucida",-0.489714682072382,0.159358394077773,-0.0957244436092179,-0.483719401285831,0.704334226990752,-0.062722984877376,0.0315341391817934,0.388601512420257
"225",225,225,"DRYALB","Drypetes alba",0.215430339511819,-0.53465953069762,-0.0931186918084273,-0.170968185861561,-0.0346018343185961,0.178663158306191,-0.0371085172035313,-0.493843957223516
"226",226,226,"DRYGLA","Drypetes glauca",0.0358763947203094,-0.358124653745454,-0.089090434228485,-0.0607861472651664,0.32102812951142,0.101370567334701,-0.158088164505889,-0.139860571842118
"227",227,227,"CASSYL","Casearia sylvestris",-0.0836896776236432,-0.862446090367673,-0.088408159547404,0.062766043902989,-0.27168847687194,-0.17501133094889,-0.471140540544697,-0.273368837841191
"228",228,228,"CASARB","Casearia arborea",-0.132681861430203,-0.716757524723962,-0.0978091767826244,0.421756243668871,1.62500466355481,-0.175191557853522,-0.915705205837482,0.642651995472681
"229",229,229,"LAEPRO","Laetia procera",-0.121354424667937,-3.20831375651503,-0.0726423988746619,2.0232909092846,1.86209130610815,-0.174877829538051,-3.03760721343475,0.57933544868418
"230",230,230,"SAMDOD","Samyda dodecandra",0.629220054551457,-0.36312162749558,-0.0952909876756529,-0.269370190849072,-0.923676743893635,0.0634905852404971,0.380628499821817,-1.01611558599443
"231",231,231,"CASGUI","Casearia guianensis",0.6704030904489,-1.05576184952692,-0.0920035040746503,0.597054737416461,0.0839414869580758,-0.0384839074186443,-0.598648005552979,-0.517887356067241
"232",232,232,"CASACU","Casearia aculeata",0.365759602827145,-1.07250543298519,-0.0910297392175768,0.494943068193666,0.183408810618025,-0.062095803949942,-0.688963392251056,-0.328201105891242
"233",233,233,"CASDEC","Casearia decandra",0.512182047731261,-1.30870567537901,-0.0988699218538258,1.45885746347451,-0.508775119425284,-0.163650360886512,-1.23548522022586,-0.44050772432766
"234",234,234,"HOMRAC","Homalium racemosum",0.571368072791034,-0.653691919215447,-0.0940419509631312,1.04507519623633,1.86209130610815,-0.180488943862432,-1.00193042862386,0.534612590547536
"235",235,235,"SLOBER","Sloanea berteriana",0.627173131196325,-0.630337193658749,-0.0501982769222909,-0.388475311054176,1.03228805717145,-0.114001186195577,0.0408635099239073,-0.21785962681242
"236",236,236,"SLOAMY","Sloanea amygdalina",0.542077269743808,-1.2047760805455,-0.0758185353561508,-0.129185922674546,-0.27168847687194,0.0433859580600997,-0.21344708779347,-0.850485138328141
"237",237,237,"GUAOFF","Guaiacum officinale",1.87089580888363,0.0205639137086719,-0.0937280384194488,-1.02030737125963,-0.864405083255299,0.392369531784405,1.56640079761298,-1.94759427962867
"238",238,238,"MELHER","Meliosma herbertii",-1.14012606250844,-0.0622777056803389,-0.0536227703214374,0.175179099091834,0.676658093341435,-0.18333685684855,-0.732295765531982,0.949589901060777
"239",239,239,"BOCFRU","Bocconia frutescens",-0.25781564575005,1.01982405487408,1.22508299911289,0.00226090095377041,0.0428149757030428,-0.043059849223927,0.901409399028274,1.17783280941562
"240",240,240,"ROYBOR","Roystonea borinquena",0.288922629800124,11.7827659514481,13.8347191954238,-0.297970691767732,0.32102812951142,-0.130911809906523,11.6618137110303,11.6852343222606
"241",241,241,"PIPADU","Piper aduncum",-0.789530355614554,-0.183059526481578,-0.0933018295177312,0.519590174685836,-0.864405083255299,-0.0807508470931477,-0.62967134756562,0.127686018252645
"242",242,242,"PIPBLA","Piper blattarum",-1.29727061344096,-0.701815760046466,-0.0913442188953581,1.62023570737187,-1.45712168963866,-0.168481870243483,-1.66717289547424,0.389834609912295
"243",243,243,"PIPAMA","Piper amalago",-1.0301594026938,-1.02969554624137,-0.0892464169404944,1.62916004266213,-1.10149172580864,-0.175230273262666,-1.76295018377598,0.310232061669517
"244",244,244,"CINELO","Cinnamomum elongatum",-0.592935273053226,-1.91563892202334,-0.0955895906244873,0.52225376775707,2.21772126993817,-0.106116888046745,-1.78964864799587,0.84369811708354
"245",245,245,"OCOFLO","Ocotea floribunda",-1.48438585371398,-0.504044616494592,-0.0760868426493016,0.161883285097659,0.676658093341435,0.0439737032781442,-1.04395096857108,0.913027570232944
"246",246,246,"NECTUR","Nectandra turbacensis",-0.55692099006135,-0.653244429479698,-0.0668105666132111,-0.0795329161200433,-0.745861761978628,-0.120676256737515,-0.400558979444559,-0.19778786264684
"247",247,247,"NECKRU","Nectandra krugii",-0.250491532780724,-0.327516288219498,-0.0742445499371717,-0.421646736422637,1.22809952973795,-0.0828265748775522,-0.198333231269213,0.386485158800033
"248",248,248,"NECCOR","Nectandra coriacea",0.165140063687007,-0.434838709283395,-0.0951543289306656,-0.634016024931266,2.33626459121484,-0.122470297075767,-0.121265400097736,0.519050142328337
"249",249,249,"OCOSPA","Ocotea spathulata",-0.41956416706111,1.24914821156758,-0.0920290201537704,-0.907646279978955,-0.508775119425284,-0.0521918899799604,0.991498586847196,0.0094067868616664
"250",250,250,"CINMON","Cinnamomum montanum",-1.03471672640184,-0.935349698976826,-0.0965814920870299,0.145451706218004,0.913744735894779,-0.0642012411715008,-1.10481404190335,0.683304672187514
"251",251,251,"OCOLEU","Ocotea leucoxylon",-1.06186267062097,-0.343985054824296,-0.0638558259278371,-0.272497865070598,1.86209130610815,-0.16206169409753,-0.73081268071789,1.17422113454046
"252",252,252,"LICPAR","Licaria parvifolia",0.516542948249324,-0.00796358513719622,-0.0984538549580769,-0.821756510230604,0.558114772064763,0.048330235434285,0.612610982592735,-0.418342360744183
"253",253,253,"OCOWRI","Ocotea wrightii",-0.433937387981635,-0.280153151239384,-0.0650143131358078,-0.327911156695685,0.738966136321244,-0.0653265920714189,-0.232347812825102,0.327963981662799
"254",254,254,"GUACAR","Guatteria caribaea",-0.0561318005444746,0.532324874739111,-0.0968140347521738,-0.446683595431457,-0.714210563663495,-0.016222943174954,0.569948006530815,-0.344085785219909
"255",255,255,"OXALAN","Oxandra lanceolata",-0.387668136899027,0.41593943209323,0.315759748545393,-0.131959362335742,-0.238432006602073,-0.0742582380273402,0.291958856862348,0.382272249858258
"256",256,256,"MAGSPL","Magnolia splendens",-1.23275868215896,-0.0696854627246825,-0.0769815493198069,-0.482826535224117,1.26937469972479,-0.270595087876825,-0.487591273053571,1.08218419621724
"257",257,257,"MAGPOR","Magnolia portoricensis",-0.356930271328431,0.060054922155768,-0.0838055876562373,-0.562433797228277,0.0839414869580758,-0.157318388970429,0.167555593065585,0.0705062549021203
"258",258,258,"PODCOR","Podocarpus coriaceus",-0.302685123649443,1.53594137548198,1.86917378179821,0.0219068101394698,0.025981558557382,-0.0630636231601076,1.38641519507802,1.75125055309059
"259",259,259,"PINCAR","Pinus caribaea",-0.302685123649443,1.53594137548198,1.86917378179821,0.0219068101394698,0.025981558557382,-0.0630636231601076,1.38641519507802,1.75125055309059
"260",260,260,"CYAARB","Cyathea arborea",-0.302685123649224,1.53594137548048,1.86917378179822,0.0219068101408608,0.0259815585570841,-0.0630636231600365,1.38641519507665,1.75125055309033
